OTU_ID	sample1	sample2	sample3	sample4	sample5	sample6	sample7	sample8	sample9	sample10	sample11	sample12	sample13	sample14	sample15	sample16	sample17	sample18	sample19	sample20	sample21	sample22	sample23	sample24	sample25	sample26	sample27
ASV1	0	0	0	0	0	0	0	0	0	0	4.52509E-05	0	0	0.000135753	0	0	0	9.05018E-05	0	0	0	0	0	0	0	0	0
ASV10	0	0	0	0	0	0	0	0	0	0	0	0	0	0	0	0	0	0	0	0	0	0	0	0	0	0	4.52509E-05
ASV20	0	0.000678764	0.000859767	0.000316756	0.001357527	0.001357527	0.001900538	0.001086022	0.001674284	0.001538531	0.002036291	0.001674284	0.002081542	0.003077062	0.001719535	0.00149328	0.001267026	0.001267026	0.001267026	0.00099552	0.001945789	0.0024888	0.001402778	0.000678764	0.000724015	0.001176524	0.00149328
ASV24	0	0	0	0	0	0	0	0	0	0.000271505	0	0	0.000633513	0	0.000633513	0	0	0	0	0	0	0	0	0.000271505	0	0	0
ASV25	0	0	0	0	0	0	0	0	0	0	0.000181004	0	0	0	0	0	0	0	0	0	0	0	0	0	0	0	0
ASV36	0	0	0.000271505	0.000316756	0	0.000407258	0.000724015	0.000226255	0.000271505	0	0.000678764	0.001086022	0.000905018	0.001131273	0.001357527	0.000905018	0.000859767	0.00049776	0.00099552	0.000633513	0.000543011	0.001357527	0.000814516	0	0.000181004	0.000588262	0.000633513
ASV53	0	0	0	0	0	0	0	0	0	0	0	0	0	0	0	0	0	4.52509E-05	0	0	0	0	0	0	0	0	0
ASV56	0	0	0	0	0	4.52509E-05	0	0	0	0	0	0	0	0	0	0	0	0	0	0	0	0	0	0	0	0	0
ASV73	0	0	0	0	0	0.000135753	0	0	0	0	0	0	0	0	0	0	0	0	0	0	0	0	0	0	0	0	0
ASV83	0	0.002398299	0.010452962	0	0.005384859	0.002126793	0.000950269	0.000271505	0.000633513	0.000407258	0.001583782	0.000724015	0.000950269	0.000588262	0.001583782	0.001402778	0.003167564	0.006787637	0.004072582	0.004525092	0.000814516	0.006606634	0.009774198	0.007783158	0.005158604	0.010905471	0.036245984
ASV84	0	0	0	0	0	0	0	0	0	0	0	0	0	0	0	0	0	0	0	0	0	0	0.000181004	0	0	0	0
ASV88	0	0	0.000135753	0.000181004	0.000362007	0.000769266	0.000316756	0.000769266	0.000859767	0.003212815	0.008054663	0.001221775	0.001357527	0.00099552	0.000678764	0.000452509	0.000271505	0.000181004	0.001131273	0.000769266	0.000950269	0.001357527	0.000633513	0	0	0	0
ASV95	0	0.000362007	0.000316756	0.000543011	0.000859767	0.000362007	0.001583782	0.001538531	0.002443549	0.003891579	0.004117833	0.008280918	0.011131725	0.012896511	0.016064075	0.011719987	0.010452962	0.007194896	0.003982081	0.002669804	0.002579302	0.002217295	0.001855288	0.001312277	0.000859767	0.000905018	0.000769266
ASV106	0	0.000226255	0	0	0	0	0	0	0	0	0	0	0	0	0	0	0	0	0	0	0	0	0	0	0	0	0
ASV108	0	9.05018E-05	0.000181004	0.000181004	0.000226255	0.000452509	0.000135753	0.000452509	0	0.000588262	0.00099552	0.000814516	0.00099552	0.00149328	0.001131273	0.002850808	0.001312277	0.000859767	0.000859767	0.000814516	0.000769266	0.000678764	0.000588262	0.000135753	0.000678764	0.000407258	0.000226255
ASV118	0	0	0	0	0	0	0	0	0	0	0	0	0	0	0	0	0	0	0	0	0	0	0	0.000135753	9.05018E-05	0.000407258	0.000407258
ASV120	0	0	0.000543011	0.000588262	0.000407258	0.000452509	0.000724015	0.00099552	0.00099552	0.004163084	0.003801077	0.007828409	0.00841667	0.009231187	0.007104394	0.007828409	0.009231187	0.005882619	0.005746866	0.003710575	0.004525092	0.002760306	0.002669804	0.001402778	0.000859767	0.000407258	0.000543011
ASV122	0	0.000135753	4.52509E-05	0.000181004	0	0	0	4.52509E-05	0	9.05018E-05	0	0.000135753	0.000226255	0.000135753	0.000181004	0.000135753	0.000226255	0.000588262	0.000543011	0.000226255	0.000588262	0.000905018	0.000678764	0.00049776	0.000407258	0.001402778	0.000950269
ASV129	0	0.00149328	0.000181004	0	0.00298656	0.001086022	0.000226255	0	0.000452509	0.000135753	0.000724015	0.002126793	0.004253586	0.000226255	0.000814516	0.00099552	0.001131273	0.000543011	0.00199104	0.001357527	0.000724015	0.00099552	0.003122313	0.000814516	0.001131273	0.000950269	0.000678764
ASV146	0	0	0	0	0	0.000633513	0.001221775	0.001583782	0.001674284	0.002126793	0.004389339	0.007466401	0.009909951	0.007466401	0.010407711	0.006018372	0.006561383	0.004796597	0.004253586	0.003258066	0.001402778	0.00199104	0.001674284	0.000905018	0.000769266	0	0
ASV152	0	0	0	0	0	0	0	0	0	0	0	0	0.000226255	0	0	0.000226255	0.000271505	0.001040771	0.00099552	0.000859767	0.001448029	0.00099552	0.00099552	0.002307797	0.002534051	0.002850808	0.004344088
ASV157	0	0	0	0	0	0	0	0.000543011	0.001131273	0.001221775	0.002307797	0.004072582	0.005022852	0.00791891	0.007964161	0.007783158	0.007737907	0.007059143	0.003620073	0.003665324	0.003574822	0.00294131	0.001810037	0.001357527	0.001040771	0	0.000724015
ASV161	0	0	0.000181004	0.000226255	0.000181004	0.000226255	0.000588262	0.000633513	0.001357527	0.002036291	0.002398299	0.002579302	0.006108874	0.005746866	0.008009412	0.005022852	0.004887099	0.003982081	0.003212815	0.002172044	0.001583782	0.00099552	0.001176524	0.00049776	0.00049776	0.000226255	0
ASV169	0	0.000950269	0.001086022	0.001221775	0.000814516	0.000950269	0.000814516	0.000724015	0	0	0	0	0	0	0	0	0	0	0	0	0	0	0	0	0	0	0
ASV176	0	0	0	0	0	0	0	0	0	0	0	0.000226255	0.001764786	0.001086022	0.001131273	0.001040771	0.001221775	0.000678764	0.000724015	0.000316756	0.000135753	0	0	0	0.000181004	0	0
ASV181	0	0	0	0	0	0	0	0	0	0	0	0.000226255	0	4.52509E-05	0	0	0	0	0	0	0	0	0	0	0	0	0
ASV184	0	0	0	9.05018E-05	0.000181004	0.000226255	0.00049776	0.000316756	0.000678764	0.000950269	0.000950269	0.002172044	0.002443549	0.003212815	0.004163084	0.003348568	0.003077062	0.002579302	0.001900538	0.002579302	0.003031811	0.0024888	0.001674284	0.001086022	0.000724015	0.000678764	0.000678764
ASV189	0	0.00049776	0.00149328	0	0.001402778	0.000633513	0	0.000769266	0.001086022	0.001086022	0.001267026	0.000678764	0.00199104	0.000678764	0.002760306	0.002081542	0.004208335	0.006968641	0.003801077	0.003665324	0.000633513	0.003031811	0.005701615	0.003348568	0.002534051	0.002217295	0.006832888
ASV207	0	0.000724015	0.000135753	0	0.000362007	0.000452509	0.000135753	0	0	4.52509E-05	0.000181004	0.000181004	0.000181004	0	0.000226255	0.00049776	0.003212815	0.001583782	0.009502692	0.006289877	0.002850808	0.007240147	0.016335581	0.002398299	0.003620073	0.000588262	0.000859767
ASV227	0	0	0	0	0	0	0	0	0	0	0	0	0	0	0	0	0	0	0	0	0	0	0	0	4.52509E-05	0	0
ASV228	0	0	0	0	0	0	0	0	0	0	0	0	0	0	0	0	0	0	0	0	0	0	0	0	0	0.001810037	0.00099552
ASV229	0	0.000135753	0.000135753	0.000135753	0	0.000135753	0.000226255	0	0	4.52509E-05	9.05018E-05	0.000181004	0.000633513	0.000407258	0.000543011	0.000452509	0.00049776	0.000407258	0.00049776	0.000181004	0.000407258	0.000271505	0.000362007	0.000226255	0.000135753	0	0.000181004
ASV230	0	0	0	0.000226255	0	0	0	0	0	9.05018E-05	0	0	0	0	9.05018E-05	9.05018E-05	0	0	0	0	0	0.000135753	0	4.52509E-05	4.52509E-05	0	0
ASV236	0	0.000950269	0	0.000678764	0.001086022	0.00199104	0.001448029	0.001131273	0.001040771	0.001131273	0.003303317	0.004796597	0.003665324	0.002760306	0.003258066	0.001312277	0.001357527	0.001221775	0.000724015	0.000814516	0	0.000769266	0.000724015	0.000362007	0.000452509	0.000226255	0
ASV240	0	0.000543011	0.000814516	0.000769266	0.000769266	0.00099552	0.001176524	0.000724015	0.00049776	0.000362007	0	0.000905018	0.001086022	0.001131273	0.00149328	0.002081542	0.0024888	0.001312277	0.001583782	0.003122313	0.001855288	0.002036291	0.001764786	0.001131273	0.001040771	0.000814516	0.000543011
ASV250	0	0	0.000316756	0.000226255	0	0	0	0	0	0	0	0	0	0.000226255	0.000135753	0	0.000226255	0.00049776	0.000407258	0	0	0	0.00049776	0.000950269	0	0	0.000724015
ASV252	0	0	0	0	0	0.000226255	0.000226255	0.000407258	0.000905018	0.001312277	0.003665324	0.005249106	0.005882619	0.004208335	0.004525092	0.003031811	0.003303317	0.001719535	0.001855288	0.001312277	0.000588262	0.000407258	0.000316756	0.000135753	0.000181004	0	0
ASV253	0	0	0	0	0	0	0	0	0	0	0	0	0	0	0.000407258	0	0.00099552	0.000724015	0.000905018	0.001040771	0.000859767	0.001086022	0.000362007	0.000452509	0.000724015	0	0
ASV254	0	0.001764786	0.00543011	0	0.004615593	0.002262546	0	0.001538531	0.001176524	0.000814516	0.001221775	0	0.000362007	0	0.000452509	0.000452509	0.000633513	0.001040771	0.000588262	0.000859767	0	0.001131273	0.001357527	0.001538531	0.001538531	0.002081542	0.003891579
ASV256	0	0	0	0	9.05018E-05	9.05018E-05	0.000316756	0	4.52509E-05	0	0	9.05018E-05	0	0	0	0	9.05018E-05	0	9.05018E-05	0.000135753	0	0.000135753	0	0	0	0	0
ASV257	0	0	0	0	0	0	0	0	0	0	0	0	0	0	0	9.05018E-05	4.52509E-05	4.52509E-05	0	0	9.05018E-05	0.000135753	0	0	0	4.52509E-05	4.52509E-05
ASV259	0	0	0	0	4.52509E-05	0	0	0	0	0	0	0	0	0.000135753	4.52509E-05	9.05018E-05	9.05018E-05	0.000135753	0	0.000135753	0.000135753	0	0.000316756	0	0	0.000407258	0.000543011
ASV260	0	0.000181004	0.001900538	0.000316756	0.003484321	0.001040771	0	0.000905018	0.003031811	0	0.000633513	0.000226255	9.05018E-05	0.00099552	0.000181004	9.05018E-05	9.05018E-05	0.000588262	0.000769266	0.000181004	9.05018E-05	9.05018E-05	0.000135753	0	0	0.000452509	0.000724015
ASV270	0	0	0	0	0	0	0	0	0	0.000362007	0.000316756	0.000452509	0.000362007	0.000543011	0.000407258	0.000859767	0.000543011	0.000543011	0.00049776	0.000362007	0.000588262	0.000316756	0	0.000135753	0.000271505	0	0
ASV279	0	0	0.000271505	0	9.05018E-05	0.000362007	0.000362007	0.000271505	0.000407258	0.000362007	0.000724015	0.000407258	0.000905018	0.00099552	0.000905018	0.000950269	0.000814516	0.001131273	0.00149328	0.001629033	0.002036291	0.002172044	0.001176524	0.001176524	0.001402778	0.001764786	0.002126793
ASV283	0	0	0	4.52509E-05	0.000135753	0	0.000135753	0.000226255	0.000226255	0.000407258	0.000316756	0.00049776	0.00049776	0.000859767	0.000814516	0.001583782	0.001855288	0.001583782	0.001719535	0.00149328	0.00149328	0.001538531	0.001040771	0.000316756	0.000407258	4.52509E-05	0.000271505
ASV287	0	0.001719535	0.004027332	0	0.003891579	0.001448029	0.000407258	0.001086022	0.000905018	0.000859767	0.001131273	0	0.000543011	0	0.000588262	0.000452509	0.000724015	0.00149328	0.000769266	0.00099552	0	0.000678764	0.001357527	0.001221775	0.001131273	0.000905018	0.003982081
ASV291	0	0	0.000362007	0.000543011	0.000588262	0.000633513	0	0	0	0.000407258	0	0.000316756	0	0	0	0.000814516	0.000769266	0.000724015	0.000543011	0.000633513	0.000543011	0	0	0	0	0	0
ASV296	0	0	0	0	9.05018E-05	0	0	0	0	0	0	0	0.000135753	0	0	0.000362007	0	0	0	0.000316756	0.000543011	0.000588262	0	0	0.00099552	0.001629033	0
ASV298	0	0	0	0	0	0	0	0	0	0	0	0.003167564	0.009819449	0.00149328	0.000859767	0.000633513	0.000769266	0	0.001312277	0.000905018	0	0	0	0	0	0	0
ASV300	0	0.000135753	0.000271505	0.000452509	0.000316756	0.000859767	0.001810037	0.000950269	0.000950269	0.000181004	0.000226255	0.000362007	0.000724015	0.000588262	0.001448029	0.001945789	0.001629033	0.000905018	0.000588262	0.000724015	0.00049776	0.000633513	0.000633513	0.000769266	0.000769266	0.000859767	0.000452509
ASV301	0	0	4.52509E-05	0	0	0.000135753	4.52509E-05	9.05018E-05	0	0	0	0	0	9.05018E-05	0.000135753	0	0.000135753	0.000135753	0	0	9.05018E-05	0	0	0	0	0	0
ASV302	0	0	0.002081542	0.001267026	0.000678764	0.001448029	0.00049776	0.000181004	0	0	0	0	0	9.05018E-05	0.000181004	0.000271505	0.000226255	0.000135753	0.000362007	0.001040771	0.001945789	0.002081542	0.002081542	0.003846328	0.003484321	0.003258066	0.003665324
ASV305	0	0	0.000407258	0	0	0.000905018	0.001040771	0.001312277	0.002036291	0.002307797	0.003891579	0.003574822	0.003710575	0.002579302	0.002760306	0.001448029	0.001810037	0.00149328	0.001312277	0.00099552	0.000905018	0.001040771	0.000769266	0.000452509	0.00099552	0.000814516	0
ASV321	0	0.001086022	0.004208335	0	0.004072582	0.002081542	0.000452509	0.001945789	0.003077062	0.002126793	0.001764786	0.00149328	0.001538531	0.000543011	0.001086022	0.000588262	0.001176524	0.000905018	0.000769266	0.000407258	0	0.000452509	0.000678764	0.000316756	0.000271505	0.000316756	0.00049776
ASV331	0	0.000724015	0.00099552	0	0	0	0	0	0	0	0.000407258	0	0.000452509	0.000678764	0	0.00049776	0.00049776	0	0.000814516	0.001312277	0.002081542	0.001538531	0.001719535	0.003348568	0.003574822	0.001629033	0.001629033
ASV336	0	0	0	0	0	0.000362007	0.000905018	0.000678764	0	0	0	0	0	0	0	0.000316756	0.000452509	0	0.000271505	0	0	0	0	0	0	0	0
ASV341	0	0	0.00099552	0	0.000271505	0	0.000543011	0.000769266	0	0	0.000226255	0.000814516	0.000905018	0.000724015	0.000452509	0.000905018	0.000859767	0.00049776	0.000950269	0.000905018	0.001855288	0.001402778	0.000950269	0.000724015	0.001176524	0.002669804	0.003031811
ASV342	0	0.000678764	0.000905018	0.001176524	0.000588262	0.000905018	0.001629033	0.001945789	0.001764786	0.001855288	0.002126793	0.001764786	0.001900538	0.001900538	0.001764786	0.001583782	0.000859767	0.000859767	0.001131273	0.001312277	0.001583782	0.001086022	0.000814516	0.000543011	0.000633513	0	0
ASV350	0	0	0	0	0	0	0	0	0	0	0.000452509	0	0.000316756	0.000407258	0.000135753	0.000181004	0	0.000271505	0.000226255	0	0.000226255	0.000362007	9.05018E-05	0.000271505	0.000135753	0	0
ASV354	0	0	0	0	0	0	0	0	0	0	0	0.000588262	0.003484321	0.005565863	0.005520612	0.003212815	0.00294131	0.001855288	0.001900538	0.000950269	0.000543011	0.000316756	0.000181004	0	4.52509E-05	0	0
ASV366	0	0	4.52509E-05	0.000226255	0.000181004	0.000362007	0.000452509	0.000543011	0.000950269	0.000724015	0.00149328	0.000905018	0.000859767	0.000859767	0.001131273	0.000678764	0.000859767	0.00099552	0.001357527	0.001176524	0.000588262	0.000452509	0.000588262	0.000226255	0.000181004	0	0
ASV373	0	0	0	0.000633513	0.001402778	0.000859767	0.000543011	0	0	0	0.000633513	0	0	0	0	0	0.000724015	0	0	0.001357527	0.001267026	0.001267026	0	0.001176524	0.001040771	0.001221775	0.001402778
ASV375	0	0.000271505	0	0.00049776	0	0.000362007	0.000633513	0.000769266	0.001629033	0.001176524	0.001131273	0.00099552	0.000724015	0.002126793	0.001402778	0.001945789	0.001629033	0.001221775	0.00149328	0.001221775	0.002172044	0.001674284	0.001176524	0.000905018	0.001086022	0.000724015	0.000769266
ASV376	0	0.00049776	0.0024888	9.05018E-05	0.001810037	0.000859767	0.000135753	0.000407258	0.000362007	0.000678764	0.000588262	0.000271505	0.00049776	9.05018E-05	0.000678764	0.000316756	0.000362007	0.001357527	0.000724015	0.000226255	0.000135753	0.000362007	0.000588262	0.00049776	0.000181004	0	0.000950269
ASV382	0	0	0	0	0	0	0	0	0	0	0	0	0	0	0	0	0	0	0	0	0	0	0	0	0	0	4.52509E-05
ASV385	0	0	0.000316756	0.000316756	0.000271505	0.000452509	0.000543011	0.00049776	0.000588262	9.05018E-05	0.001040771	0.001086022	0.001810037	0.001538531	0.00099552	0.001267026	0.001086022	0.001040771	0.001538531	0.001040771	0.001629033	0.001402778	0.001267026	0	0.000588262	0.000814516	0.000633513
ASV388	0	0	0.000271505	0.000633513	0.000271505	0.000724015	0.000769266	0.000226255	0.000362007	0.000814516	0.002262546	0.002850808	0.0024888	0.001583782	0.001357527	0.001086022	0.001267026	0.001221775	0.001267026	0.001267026	0.001448029	0.001221775	0.001176524	0.000950269	0.000543011	0.000452509	0.000316756
ASV392	0	4.52509E-05	0.000181004	9.05018E-05	9.05018E-05	0.000316756	0.000588262	0.000859767	0.001357527	0.000135753	0	0.000135753	4.52509E-05	0.000271505	0.000181004	0.000588262	0.000543011	0.000226255	0.000452509	0.000407258	0.000678764	0.001131273	0.00049776	0.000181004	0.000271505	9.05018E-05	0.000135753
ASV394	0	9.05018E-05	0	0	0	0	0	0	0	0	0.000226255	0.000226255	0.000226255	0	0.000407258	0.000543011	0.000724015	0.00049776	0.000633513	0.001131273	0.001945789	0.002398299	0.00294131	0.004977601	0.004570343	0.003801077	0.001131273
ASV395	0	0.000362007	0.001131273	0	0.001312277	0	0	0.000452509	0.000678764	0.000588262	0.001176524	0.000362007	0.000633513	0	0.001040771	0	0.001086022	0.000905018	0.000271505	0.000633513	9.05018E-05	0.000859767	0.00099552	0.000633513	0.000543011	0	0.001040771
ASV396	0	0	0	0	0	0	0	0	0	0	0.000135753	0.000135753	0	0	0	0	4.52509E-05	9.05018E-05	9.05018E-05	4.52509E-05	0	0	0	0	0	0	0
ASV401	0	0.00049776	0.000905018	0	0.001538531	0.00099552	0.00049776	0.000724015	0.001900538	0.001764786	0.003212815	0.000769266	0.001402778	0.000724015	0.001086022	0.001086022	0.001221775	0.001629033	0.000950269	0.000588262	0.000226255	0.000859767	0.001764786	0.000633513	0	0	0.000724015
ASV403	0	0.001086022	0.000724015	0.000633513	0.000678764	0.000724015	0	0.000588262	0.000905018	0.000905018	0.001267026	0.001583782	0.001448029	0.001448029	0.001764786	0.001402778	0.001040771	0.001040771	0.000905018	0.00099552	0.001086022	0.000769266	0.001221775	0.000950269	0.001040771	0.000633513	0.000814516
ASV405	0	0	0	0	0	0	0	0	0	0	0	0	0	0	0	9.05018E-05	0	0.000271505	0	0.000135753	0.000271505	0.000181004	9.05018E-05	0.000181004	0	0	0
ASV411	0	0.000181004	4.52509E-05	0.000181004	0	0.000181004	0.000226255	0	0	0	0.000226255	0.000316756	0.000226255	0.000226255	0.000452509	0.000316756	0.000407258	0.000678764	0.000407258	0.00049776	0.000724015	0.000588262	0.000407258	0.000362007	0.000724015	0.000588262	0.000769266
ASV414	0	0.000181004	0.000588262	0	0.000724015	0.000226255	0.000135753	0.000271505	0.000452509	0.000407258	0.000905018	0.000362007	0.000859767	0.000316756	0.001131273	0.001674284	0.002172044	0.003212815	0.001131273	0.001448029	9.05018E-05	0.000814516	0.001674284	0.001040771	0.000724015	0.000769266	0.001855288
ASV415	0	0	0	0	0	0	0	0	0	0	0	0	0	0.001040771	0.000950269	0	0	0	0	0	0.000135753	0.000271505	0	0	0	0	0.000271505
ASV418	0	0	0	0	0	0	0	0	0	0	0	0	0	0	0	0	0	0	0	0.000362007	0	0	0	0	0	0.00298656	0.004570343
ASV423	0	0.000271505	0.000588262	0.000678764	0.000814516	0.001855288	0.001221775	0.000135753	0.000135753	0	0.000226255	4.52509E-05	0	0.000226255	0	0	0.000135753	0	0.000271505	0.000543011	0.00049776	0.000814516	0.000814516	0.000678764	0.000633513	0.000678764	0.000633513
ASV432	0	0	0	0	0	4.52509E-05	0.000226255	9.05018E-05	0	0.000226255	0	0.000181004	0.000135753	9.05018E-05	0.000226255	0	0	0.000316756	0	0.000135753	0.000271505	0.000271505	0	0	0	0	0
ASV439	0	0	4.52509E-05	0	0	0	0	0	0	0	0	4.52509E-05	0	4.52509E-05	0	0	0	0	0	0	0	0	0	9.05018E-05	0	0	0
ASV445	0	0	0.000724015	0	0.001221775	0.001040771	0	0.000950269	0.002126793	0.002262546	0.003031811	0.000543011	0.001040771	0	0.00049776	0.000407258	0.000724015	0.001402778	0.000633513	0.000362007	0	0	0	0	0.000362007	0.000271505	0.000905018
ASV447	0	0.000181004	0.000271505	0.000316756	0.000452509	0.000543011	0.000859767	0.000452509	0.000271505	0.000271505	0.000135753	0.000362007	0.000362007	4.52509E-05	0.000181004	0.000271505	0.000181004	0.00049776	0.000452509	0.000226255	0.000316756	0.000362007	0.000588262	0.000271505	0.000362007	0.000271505	0.000452509
ASV453	0	0	0.000316756	0.000316756	0.000407258	0.000271505	0.000362007	0.000678764	0.000452509	0.000724015	0.000859767	0.001040771	0.001131273	0.001131273	0.001312277	0.001629033	0.001674284	0.001402778	0.00149328	0.00149328	0.001719535	0.001086022	0.000724015	0.000588262	0.00049776	0.000543011	0.00049776
ASV454	0	0	0	0	0	0	0	0	0	0	0	4.52509E-05	0.000135753	0.000271505	0.000452509	0.000316756	0.000181004	0.000362007	0.00049776	0.000316756	0.000724015	0.000226255	0.000135753	0	9.05018E-05	0	0
ASV457	0	0.000226255	0.000316756	0.000316756	0.000135753	0.000633513	0.000452509	0.00049776	0.000769266	0.001448029	0.000814516	0.000633513	0.000950269	0.00099552	0.000543011	0.001131273	0.000769266	0.001040771	0.000724015	0.000407258	0.00049776	0.00049776	0.000407258	0.000135753	0.000181004	0.000226255	9.05018E-05
ASV464	0	0	0	0	0	0	0	0	0	0	0	0	0	0	0	0	0	4.52509E-05	0	0.000181004	4.52509E-05	4.52509E-05	4.52509E-05	4.52509E-05	4.52509E-05	4.52509E-05	4.52509E-05
ASV469	0	0	0.000271505	0.000316756	0	0.000271505	0.000271505	0	0.000181004	9.05018E-05	0.000407258	0.000407258	0.000543011	0.000452509	0.000452509	0.000316756	0.000316756	0.000226255	0.000362007	0.000271505	0.000181004	0.000543011	0.000316756	0	0.000181004	0.000226255	0.000135753
ASV471	0	0	9.05018E-05	0	0.000135753	0	0	0	0	0.000181004	0	9.05018E-05	0	9.05018E-05	0	0	0	0	0.000135753	4.52509E-05	0.000135753	9.05018E-05	0	9.05018E-05	0.000271505	4.52509E-05	0
ASV473	0	0	0	0	0	0	0	0	0	0	0	0	0	0	0	0	0	0	0	0	0	0	0	0	4.52509E-05	0.000181004	0
ASV475	0	0	0	0	0	0	0	0.004570343	0.004163084	0.001583782	0.000859767	0.00049776	0.000588262	0.000950269	0.000905018	0.000452509	0.00049776	0.000724015	0.000678764	0.001357527	0.000633513	0.000905018	0.000407258	0.000181004	0.000135753	0	0.000769266
ASV477	0	0	0.000135753	0	0	0.000181004	0.000543011	0.000543011	0.000543011	9.05018E-05	0.000950269	0.002760306	0.001221775	0.004208335	0.000905018	0.00099552	0.001040771	0.000678764	0.000588262	0.000271505	0.000407258	0.000226255	9.05018E-05	0	0	9.05018E-05	0.000181004
ASV478	0	0.000362007	0.001674284	0	0.001448029	0.000678764	9.05018E-05	0.000181004	0.000226255	0.000181004	0.000407258	0.000181004	0.000316756	9.05018E-05	0.000271505	0.000407258	0.000362007	0.000814516	0.000452509	0.000452509	0	0.000543011	0.000543011	0.000724015	0.000316756	0.000724015	0.002896059
ASV479	0	0	0	0	0	0	0	0	0	0.000135753	9.05018E-05	0	0	0	0	4.52509E-05	0	9.05018E-05	0	0	0	0	0.000135753	0	9.05018E-05	0	0
ASV488	0	0	0	0	0	0	0	0	0	0	0	0	0	0	0	0.000181004	0.000181004	0.000271505	0.000135753	0.000271505	0.000181004	0	0	0.00049776	0.000271505	0.000678764	0.001040771
ASV492	0	0	0	0	0	0	0	0	0	0	0	0	0	0	0	0.000135753	0.000181004	0.000407258	0.000678764	0	0	0	0	0.000135753	0.000226255	0.000678764	0.000678764
ASV496	0	0.000226255	9.05018E-05	0.000181004	0.000181004	0.000316756	0.000271505	0.000814516	0.001357527	0.001674284	0.002307797	0.001764786	0.002307797	0.001402778	0.001402778	0.001629033	0.001176524	0.000905018	0.000724015	0.000633513	0.000316756	0.000452509	0.000226255	0	0.000271505	0.000181004	0
ASV497	0	4.52509E-05	0	0	0	4.52509E-05	0	0	0	0	0	0	0	0	0	0	0	0	4.52509E-05	0	0	0	0	0	0	0	0
ASV503	0	0	4.52509E-05	0	0	4.52509E-05	0	0.000135753	9.05018E-05	0	0.000226255	4.52509E-05	0	9.05018E-05	0.000135753	0	9.05018E-05	4.52509E-05	4.52509E-05	0	0.00049776	4.52509E-05	0.000135753	0	0	0	4.52509E-05
ASV505	0	0	0.000181004	0	0.000362007	0.000543011	0.000724015	0.00099552	0.001267026	0.000316756	0.001131273	0.000678764	0.000859767	0.000452509	0.000724015	0.000543011	0.000769266	0	0.000588262	0.000271505	0.000407258	0.000452509	0	0	0.000452509	0.000181004	0.000271505
ASV508	0	0	0.000452509	0.000135753	0.00049776	0.001312277	0.000226255	0.002715055	0.001810037	0.001448029	0.000543011	0	0.000452509	0	0.000271505	0	9.05018E-05	0.000181004	0.000543011	0	0	0	0.000226255	0.000181004	0.000724015	0	0
ASV510	0	0	0	0	0	9.05018E-05	0.000135753	0	0	0	4.52509E-05	0.000135753	4.52509E-05	0.000271505	9.05018E-05	0	9.05018E-05	0	9.05018E-05	4.52509E-05	4.52509E-05	0	0	0	0	0	0
ASV511	0	0.000181004	0.003484321	0.000135753	0.003393819	0.001855288	0.000407258	0	0.000633513	0.00049776	0.000362007	9.05018E-05	0	9.05018E-05	0.000316756	0.000135753	0.000226255	0.000633513	0.000362007	0.000362007	0	0.00049776	0.000724015	0.000769266	0.000452509	0.001176524	0.002896059
ASV518	0	0.000905018	0.002126793	0.000135753	0.002036291	0.002036291	0.000724015	0.001312277	0.002579302	0.00149328	0.001674284	0	0.001086022	0.000678764	0	0.001221775	0	0.000905018	0	0	0	0	0	0	0	0	0
ASV519	0	0	4.52509E-05	0.000181004	0.00049776	0.000452509	0.000181004	0.000452509	0.000226255	9.05018E-05	0.001131273	0.001086022	0.001900538	0.002172044	0.001131273	0.002307797	0.001221775	9.05018E-05	0.00149328	0.000905018	0.00149328	0.001357527	0.00049776	0	0	0	0
ASV520	0	0	0	0	0	0	0	0	0	0	0	0	4.52509E-05	0	0	0	0	9.05018E-05	0	0	0	0	0	0	0	0	0
ASV525	0	0	4.52509E-05	9.05018E-05	0	0	0.000362007	0.000814516	0.001267026	0.001176524	0.00049776	0	0	0.000633513	0.001629033	0.001312277	0.001855288	0.002036291	0.001855288	0.001402778	0.001176524	0.000859767	0.000724015	0.000226255	0.000407258	0	0
ASV529	0	0.000135753	0.000226255	0.000135753	9.05018E-05	0.000135753	0.000181004	0	0.000135753	0	0	0.000181004	0.000226255	0.000316756	0.000407258	0.000814516	0.000452509	0.000226255	0	0.000226255	0.000181004	0.000271505	9.05018E-05	0	0.000181004	0.000135753	0.000271505
ASV530	0	0.000226255	0.000407258	0.000452509	0.000316756	0.000181004	0.000226255	0	0.000271505	0.000181004	0.000407258	0.000316756	0	0.000407258	0.00049776	0.000407258	0.000226255	0.000226255	0.000859767	0.00099552	0.001131273	0.00149328	0.000633513	0.00049776	0.000407258	0.000407258	0.000724015
ASV538	0	4.52509E-05	0.000271505	0.000543011	0.000452509	0.000362007	9.05018E-05	0.000407258	0.000362007	0.000362007	9.05018E-05	0.000181004	0	0	0	9.05018E-05	9.05018E-05	0	4.52509E-05	0.000135753	0.000181004	0	0.000181004	0	4.52509E-05	0.000271505	0.000181004
ASV542	0	0	0	0.000316756	0	0	0.000316756	0	0	0.000181004	0	0.000271505	0.000452509	0.000407258	0.000362007	0.000407258	0.000271505	0	0	0.000181004	0.000226255	0	0	0	0.00049776	0	0
ASV552	0	0.000226255	0.000135753	0.00049776	0.000543011	0.000543011	0.000588262	0.000678764	0.000678764	0.001402778	0.000905018	0.001267026	0.000769266	0.000859767	0.000407258	0.000452509	0.000543011	0.00049776	0.000452509	0.000362007	0.000588262	0.000814516	0.00049776	0.000452509	0.000226255	0	0.000407258
ASV555	0	0	9.05018E-05	0.000316756	0.000181004	9.05018E-05	0.000633513	0.000362007	0.000181004	0.000316756	0.000181004	0.000271505	0.000316756	0.000588262	0.000407258	0.000271505	0.000226255	0.000226255	0.000226255	0.000271505	0.000588262	0.000226255	0.000135753	0.000226255	9.05018E-05	0	0.000316756
ASV562	0	0	0	0	0	0	0	0	0	0	0	0	0	0	0	0	0	0	9.05018E-05	0.002172044	0.00543011	0.004117833	0.0024888	0.000588262	0.000407258	0.000226255	0.00049776
ASV570	0	4.52509E-05	0	0	0	9.05018E-05	0	0	0	0	0	0.00099552	0.001267026	0.00199104	0.001583782	0.001674284	0.001221775	0.001312277	0.001267026	0.000543011	0.000588262	0	0	0	0	0.000135753	9.05018E-05
ASV572	0	0.000226255	0.000452509	0.000769266	0.00049776	0.000452509	0.000814516	0.000678764	0.000633513	0.000769266	0.000633513	0.000543011	0.000271505	0.000859767	0.000181004	0.000135753	0.000271505	0.000407258	0.000181004	0.000588262	0.00049776	0.000407258	0.000316756	0.000316756	0.000181004	0.000135753	0.000724015
ASV573	0	0.000181004	0.00049776	0.000226255	0.003755826	0.00199104	0	0.000407258	0.000633513	0	0.000724015	0.003212815	0.001040771	0.000362007	0.000135753	0	0.000362007	0	0	0	0.000135753	0	0	0	0.000362007	0	0.000316756
ASV577	0	0	0	0	0	0.000226255	0	0	0	0.000905018	0.001448029	0.00298656	0.002172044	0.001538531	0.001312277	0.000633513	0.000633513	0	0	0.000316756	0	0	0	0	0	0	0
ASV579	0	9.05018E-05	0	0	9.05018E-05	9.05018E-05	0	0	0	0	0	0	9.05018E-05	9.05018E-05	9.05018E-05	0	0.000588262	0.000633513	0.001086022	0.00099552	0.000452509	0.00099552	0.001900538	0.000181004	0.000452509	0	0.000135753
ASV582	0	0	9.05018E-05	0	0	9.05018E-05	4.52509E-05	0	0	0	0	0	0	0.000362007	0	0.000452509	0	0.000135753	0.000407258	0	0.000543011	0.00049776	0.000407258	0.000226255	0	0	0.000407258
ASV583	0	0	0	0	0	0	0	0	0	0	0	0	0	0	0	0	0	0	0	0	0	0	0	0.000135753	0	0	0
ASV584	0	0	0	0	0	0	0	0	0	4.52509E-05	0	0	0	0	0	0	0	0	0	0	0	0	0	0	0	0	0
ASV596	0	0	4.52509E-05	0	0	0	0	0	0	0	0	0	0	0.000362007	0	0	0	0	0.00049776	0.000543011	0.00049776	0	0	0.000226255	0	0	0
ASV601	0	0	4.52509E-05	0.000135753	0	0.000271505	0	0	0	0	0	0	0.000181004	9.05018E-05	0.000362007	0.000181004	9.05018E-05	9.05018E-05	0	0.000135753	0.000135753	0	9.05018E-05	0.000226255	0.000181004	0.000135753	0
ASV605	0	0.000859767	0.002760306	0	0.002579302	0.001131273	0	0.000588262	0.000724015	0	0	0.000452509	0.000362007	0	0.000316756	0.00049776	0.000543011	0.000588262	0.000407258	0.000362007	0	0	0.000633513	0.000633513	0	0	0.00149328
ASV607	0	0	4.52509E-05	0	0	0	0	0	4.52509E-05	0.001674284	0.000769266	0.000905018	0.000316756	0.00049776	0.000543011	0.000633513	0.000226255	0.000543011	0.000362007	0.000588262	0.00049776	0.000316756	0.000362007	0.000271505	9.05018E-05	9.05018E-05	0.000135753
ASV614	0	0	0	4.52509E-05	0	0	0	4.52509E-05	0	0	0	0	0	0	0	0	0	0	0	0	0	0	0	0	0	0	0
ASV615	0	0	0	0.000226255	4.52509E-05	0.000226255	0.000407258	0.000271505	0.00049776	0.000226255	0.000724015	0.000271505	0.000769266	0.000271505	0.000588262	0.000316756	0.000271505	0.000316756	0.000724015	0.000543011	0.001040771	0.001086022	0.000769266	0.000226255	0.000135753	0.000362007	0.000407258
ASV616	0	0	0	0	0	0	0	0	0	0	0	0	0	0	0	0	0	0	0	0	0	0	0	0	0.000135753	0.000452509	0.000407258
ASV617	0	0	0	4.52509E-05	0	0	0	0	0	0	0	0	0	0	0	0	0	0	0	0	0	0	0	0	0	0	0
ASV618	0	0.000316756	0	0.000588262	0	0.000543011	0	0	0	0	0	0	0	0	0	0	0	0	0	0	0	0	0	0	0	0	0
ASV624	0	0	0	0	0	0	0	0	0	0	0	0.000181004	0.003167564	0.001810037	0.002036291	0.001945789	0.001538531	0.00149328	0.000859767	0.000452509	0.000271505	0.000181004	0.000135753	0	0.000135753	0	0
ASV625	0	0	4.52509E-05	0	0	0	0	0	4.52509E-05	0	0	0	4.52509E-05	0	9.05018E-05	4.52509E-05	0	0	0	0	0.000316756	0.000181004	0.000181004	0	4.52509E-05	0	0.000135753
ASV627	0	0	0	0	0	0	0	0	0	0	0	0	0	0	0	0	9.05018E-05	0.000135753	0.000271505	0.000271505	0.000316756	0.000226255	0.000181004	0	0	0	0
ASV628	0	0	0	0	0	0	0	0	0	0	0	0.000135753	0.000226255	0.000135753	9.05018E-05	0	4.52509E-05	0	0	0	0	0	0	0	0	0	0
ASV629	0	0.000407258	0	0.000316756	0	0.00049776	0.000362007	0.000724015	0.00099552	0.001402778	0.002081542	0.001764786	0.00099552	0.000316756	0.000543011	0	0	0.000271505	0.000362007	0.000407258	0.000226255	0.000181004	0.000316756	0	0	0	0
ASV632	0	0	0.000135753	9.05018E-05	0.000316756	0.000316756	0.000316756	0.000362007	0	0	0	0.000769266	0.000905018	0.000724015	0.000588262	0.000724015	0.000271505	0.000181004	0.000226255	0.000226255	0.000316756	0	0.000316756	0.000633513	0.000633513	0.000407258	0.000543011
ASV633	0	0	0	0	0.000181004	0	0	0	0	0	0	0	0	0	0	9.05018E-05	0	0	0	0	0	0.000181004	0	0	9.05018E-05	0	0
ASV639	0	0	0	0	0	0	0	0	0	0	0	0	0.000181004	0	0	0	0	0	0	0	0	0	0	0	0	0	0
ASV642	0	0	0.000181004	0	9.05018E-05	0	0	0	0	0	0	0	0	0	0	0	0	0	0	0	0	0.000181004	0.000271505	0.000226255	0.000407258	0.000407258	0.000407258
ASV648	0	0	0.000135753	4.52509E-05	0	0	0.000181004	0	0	0	0	0	0	0	0	0	0	0	0	0	0	0	0	9.05018E-05	4.52509E-05	0	0
ASV653	0	0	9.05018E-05	0	0	0	9.05018E-05	9.05018E-05	0	0	0	0	0	0	0.000271505	9.05018E-05	0.000181004	0.000181004	0.000271505	0.000226255	0.000407258	0.000226255	0.000181004	0.000181004	9.05018E-05	0.000452509	0.000271505
ASV654	0	0	0.000316756	0.000407258	0.000226255	0.000316756	0.000226255	0.000543011	0.000633513	0.000135753	0.000588262	0.000316756	0.000769266	0.000543011	0.00049776	0.000316756	0.000316756	0.000362007	0.001267026	0.000724015	0.00049776	0.000452509	0.000724015	0.000905018	0.000859767	0.001267026	0.000362007
ASV658	0	0	0.000135753	0	0	0	0	0	4.52509E-05	4.52509E-05	0.001176524	0.000905018	0.000769266	0.00149328	0.001357527	0.001131273	0.000407258	0	0.000452509	0.000271505	0.000407258	0.000316756	0.000135753	0.000181004	0.000181004	0.000181004	0
ASV667	0	0.00049776	0.001357527	0	0.001221775	0.00099552	0	0.000814516	0.001764786	0.001357527	0.001221775	0.000814516	0	0	0	0	0.000588262	0	0.000950269	0	0	0	0	0	0	0.000452509	0.000316756
ASV673	0	0	0	0	0.00049776	0.000633513	0.000769266	0.000950269	0.001402778	0.000814516	0.001131273	0	0.000950269	0.000905018	0.001221775	0.000950269	0.000950269	0	0.001357527	0.000678764	0	0	0	0	0	0	0
ASV678	0	0	9.05018E-05	0	9.05018E-05	0	0	0	9.05018E-05	0	0	0	0	0.000135753	0	0	0	0	9.05018E-05	0	0	0	0	0	0	0	9.05018E-05
ASV680	0	0	0	0	0	0	0	4.52509E-05	0	0.000271505	0.000678764	0.000724015	0.000362007	0.00049776	0	0.000271505	0.000407258	0.000135753	0	0	0	0	0	0	0	0	0
ASV684	0	0.000135753	9.05018E-05	9.05018E-05	0	0.000316756	0.000226255	0	0	9.05018E-05	0	0	0.000271505	9.05018E-05	0.000135753	9.05018E-05	0.000226255	0	0	0	4.52509E-05	0	0	0	4.52509E-05	0	4.52509E-05
ASV685	0	0.000316756	0.001176524	0.001312277	0.000588262	0.000859767	0.000407258	0.000271505	0.000226255	0.000452509	0	0.000226255	0.000226255	9.05018E-05	0.000407258	0.000181004	9.05018E-05	0	0.000226255	4.52509E-05	0.000181004	0.000135753	0	0.000316756	0.000181004	0.000950269	0.001221775
ASV686	0	0.000271505	0.000316756	0.000362007	0.000271505	0	0.000226255	0	0.000362007	0.000271505	0.000181004	0	0	0	0	0	0	0.000316756	0	0	0.000226255	0	0	0	0	0	0
ASV687	0	0	0.000769266	0	0.001131273	0.000678764	4.52509E-05	0.000226255	0.000452509	0.000407258	0.000407258	0.000316756	0.000950269	0	0	0.000362007	0.000543011	0.001131273	0.000452509	0.000543011	0	0.000452509	0.000588262	0.000905018	0.000543011	0.000543011	0.001086022
ASV690	0	4.52509E-05	0	0	0	0	9.05018E-05	0.000769266	0.000905018	0.001312277	0.000905018	0.000407258	0.000814516	0.001176524	0.001267026	0.001221775	0.001176524	0.000588262	0.000543011	0.000407258	0.000226255	0.000181004	0.000181004	0	0	0	0
ASV691	0	0	0.000271505	0.000271505	0	0.000135753	0.000226255	0	0	0	0	0	0	0	0	0	9.05018E-05	0	0	0	0	0	0	0.000135753	0.000135753	0.000543011	0.000316756
ASV695	0	0	0	0	0	0	0	0	0	0.000181004	0.000135753	0.000135753	0.000226255	0.000814516	0.000316756	0.000316756	0.000452509	0.000452509	0.000271505	4.52509E-05	0.000226255	0.000362007	0.000316756	0.000181004	0.000181004	0	0.000181004
ASV699	0	0	0.000135753	0	0.000135753	9.05018E-05	0.000181004	0.000452509	0.000316756	0.000814516	0.000543011	0.001267026	0.00099552	0.001040771	0.000769266	0.001086022	0.000678764	0.000588262	0.000633513	0.000452509	0.000543011	0.000362007	0.000407258	0	0.000135753	9.05018E-05	0
ASV700	0	0	0	0	0	0.000226255	0.000407258	0.000316756	9.05018E-05	9.05018E-05	0.000181004	0.000543011	0.000588262	0.000769266	0.000950269	0.000543011	0.000543011	0	0	0	0.000271505	0.000452509	0.000543011	0.000814516	0.000452509	0	0
ASV701	0	0	0	0	0	0	0	0	0	0	0	0.001402778	0.003574822	0.000859767	0.000452509	0	0	0.000226255	0.00099552	0	0	0	0	0	0	0	0
ASV702	0	0	0	0	0.000226255	0	0	0	0	0	0	0	9.05018E-05	0.000271505	0	0	0	0.000226255	0	0	0.000362007	0.000181004	0	0	0	0	0.000181004
ASV712	0	0	0.000271505	4.52509E-05	0.000135753	0	0.000226255	0.000271505	0.000135753	0.000135753	0.000452509	0.000724015	0.000135753	0.000362007	0.000226255	0.000407258	9.05018E-05	0.000181004	0	0.000226255	0.000633513	0.000181004	0.000226255	0	4.52509E-05	0.000181004	0.000316756
ASV715	0	0	0	0	0	0	0	0	0	0	0	0	0	0	0	0	4.52509E-05	0	0	0	0	0	9.05018E-05	0	0	0	0
ASV719	0	4.52509E-05	0.000271505	0.000271505	0.000362007	0.000135753	9.05018E-05	0.000226255	0.000316756	0.000181004	0.000181004	0.000226255	0.000271505	0.000135753	0.000271505	0.000407258	9.05018E-05	0	0.000543011	0.000678764	0.000588262	0.000769266	0.000271505	0.000362007	0.000226255	0.000407258	0.000407258
ASV724	0	0	0	0	0	0	0.000452509	0.000950269	0.00099552	0.001040771	0.000859767	0.000950269	0.001267026	0.000814516	0.001086022	0.000678764	0	0.000543011	0.000588262	0.00049776	0.000407258	0.000316756	0	0	0	0.000724015	0
ASV728	0	0	0	0.000181004	9.05018E-05	0	0	4.52509E-05	0	0	0	0	0	0	0	0	0.000135753	4.52509E-05	0	0	4.52509E-05	4.52509E-05	9.05018E-05	0	4.52509E-05	0.000135753	4.52509E-05
ASV734	0	4.52509E-05	9.05018E-05	0	0.000407258	0.001402778	0	0.000226255	0.000271505	0.000181004	0.000316756	0.000316756	0.002353048	0.000226255	0.002443549	0.000316756	0.000226255	0.000452509	0.00049776	0.000181004	9.05018E-05	0.000271505	0.000316756	0	0.000226255	0.000135753	0.000678764
ASV736	0	0.000135753	0	0.000316756	0.000135753	0	9.05018E-05	0	0	0	0	0	0	0	0	0	0	0.000362007	0.000135753	0.000226255	0.000362007	0.000407258	0.000407258	0.000135753	4.52509E-05	0.000226255	0.000181004
ASV737	0	0	0	0	0	9.05018E-05	0	0	0	0	0	0	0	0	0	0	0	0	0	0	0	0	0	0	0	0	0
ASV742	0	0	0	0	9.05018E-05	0	4.52509E-05	0	0	0	0	0.00049776	0.000226255	0	0	0.000181004	0.000135753	0.000226255	9.05018E-05	0.000135753	4.52509E-05	0.000135753	4.52509E-05	0.000181004	4.52509E-05	4.52509E-05	9.05018E-05
ASV748	0	0	0	0	0.000226255	0	0	0.000226255	0.000226255	0	0	0	0	9.05018E-05	0.000181004	0.000226255	0	0	0.000226255	0.000316756	0.000181004	0.000181004	0	0.000271505	0.000181004	0	0.000135753
ASV750	0	0	0	0	0	0	0	0	0	0	0	0	0	0	0	4.52509E-05	0	9.05018E-05	0	0	0.000226255	9.05018E-05	0	4.52509E-05	0.000181004	0	0.000181004
ASV755	0	0	0	0	0	0	0	0	0	0	0	0	0	0.000362007	0.000633513	0.001040771	0.001312277	0.001448029	0.000950269	0.000859767	0.000588262	0.000181004	0.000271505	0	0.000135753	0	0
ASV756	0	0	0	4.52509E-05	0	0	0	0	0	0	0	0	0	0	0	0.001267026	0.001583782	0.000678764	0.000226255	0.000271505	0.000271505	0.000181004	0.000181004	0	0	0	0.000135753
ASV757	0	0	0.000181004	0.000452509	0.000271505	0.000316756	0.000588262	0.000452509	0.000407258	9.05018E-05	0.000316756	0.000452509	0.00049776	0.00049776	0.000588262	0.000226255	0.000271505	4.52509E-05	0.000316756	0.000271505	0.000362007	0.000452509	0.000407258	0.000271505	0.000135753	0.000135753	0.000452509
ASV758	0	0	0	0	0	0	0	0	0	0.000271505	0	0.000181004	0	0	0	0.000271505	0.000226255	0.000362007	0.000226255	0.000135753	0.000135753	0	0	0	0	0	0
ASV762	0	0	0	0.000135753	0.000135753	0.000316756	0	0.000407258	0.000271505	0.000543011	0.000226255	0.000588262	0.00049776	0.00049776	0.000362007	0.000543011	0.000181004	0.000543011	0.000316756	0.000362007	0.000316756	0	0	0.000135753	0	0	0
ASV769	0	0	0	0	0	0	0	0	0	0	0	0	0	0.000181004	0.000362007	0.000316756	0.000135753	0.000271505	0.000226255	0.000135753	0.000181004	0.000181004	0.000135753	0	0	4.52509E-05	9.05018E-05
ASV771	0	0	4.52509E-05	0.000135753	0	0	0	4.52509E-05	0	4.52509E-05	0	0	0	9.05018E-05	0	0.000135753	0	0	0	0	0	0	0	4.52509E-05	0	0.000135753	4.52509E-05
ASV772	0	0	0.000135753	0	0	0	0	0	0	0	0	0	0	0	0	0	0	0	0	9.05018E-05	0.000181004	0.000452509	0.000271505	0.000362007	0.000135753	0.000950269	0.000769266
ASV774	0	9.05018E-05	0.000135753	0.000271505	0.000181004	0	0.000678764	0.000362007	0	9.05018E-05	0	0.000181004	0.000226255	0	0	9.05018E-05	0	0	0	0	0.000181004	0	0.000181004	9.05018E-05	0.000226255	9.05018E-05	0.000271505
ASV776	0	0	0	9.05018E-05	0	0	0	9.05018E-05	0.000543011	0.002353048	0.001538531	0.001402778	0.000452509	0.00099552	0.002036291	0.000543011	0.000226255	0.000271505	0.000135753	9.05018E-05	0.000226255	0.000135753	0.000135753	4.52509E-05	0	0	0
ASV778	0	0	0	0	4.52509E-05	0	0	0.000181004	0.000181004	9.05018E-05	0.000362007	0.000316756	0.000452509	0.000135753	0.000271505	0.000181004	0.000181004	0.000226255	0.000226255	0	0.000316756	0.000181004	9.05018E-05	0	0	0	0
ASV782	0	0	0	0	0	0	0	0	0	0	0	4.52509E-05	0.000407258	0.002398299	0.00294131	0.001629033	0.001629033	0.000769266	0.000362007	9.05018E-05	9.05018E-05	9.05018E-05	0	0	0	0	0
ASV784	0	0	0.000226255	0.000135753	0	0	0.000135753	0	0	0	0	0	0	0	0.000135753	0	0	0	4.52509E-05	0	0.000181004	4.52509E-05	0	0.000271505	0.000181004	0.000452509	0.00049776
ASV787	0	0	0	0	0	0	0.00049776	0	0	0	0	0	0.000407258	0	0	0	0.000633513	0.000814516	0.001674284	0.001719535	0.001221775	0.000769266	0.00099552	0.000633513	0.000859767	0	0
ASV788	0	0	0	0	0	0	0	0	0	0	0	0	0	0	0	0	0	0	0	0	0	0	0	0	0	0	4.52509E-05
ASV792	0	0	0	0	0	0	0	0	0	0	0	0	0	0	0	0	0	0	0	0	0.000452509	0	0	0	0.000316756	0	0
ASV795	0	4.52509E-05	0	0	0	0	0.000135753	0	0	0	0	0	0	0	0	0	0	0	0	0	0	4.52509E-05	0	0	0	0	9.05018E-05
ASV800	0	0.000271505	0.000633513	0	0.000859767	0.000452509	0	0	0.000769266	0	0.001267026	0.000452509	0.000633513	0	0	0.000316756	0.000452509	0.000859767	0.000724015	0.000452509	0	0.000407258	0.00099552	0.000316756	0.000271505	0	0.000407258
ASV802	0	0	0	0	0	0	0	0	0	0	0	0	0	0	0	0	0	0	0	0	0	0	0	0	0	0	9.05018E-05
ASV804	0	0	0	9.05018E-05	9.05018E-05	0	4.52509E-05	0.000271505	0.000316756	0.000407258	0	0.000271505	0.000407258	0.000226255	0.000316756	0.000362007	0	0	0	0	9.05018E-05	0	0	0.000135753	0.000135753	0	0.000135753
ASV806	0	0	0	0	0	0	0	0	0	0	0	0	0	9.05018E-05	9.05018E-05	0.000226255	0.000226255	0.000181004	0.000362007	0.000362007	0.000452509	0.000271505	0.000271505	0.000181004	4.52509E-05	0	0
ASV809	0	9.05018E-05	0	0	0	0	0	0	0	0	0	0	0	0.000588262	0.001674284	0.001448029	0.002172044	0.001176524	0.000950269	0.000452509	0.000588262	0.00049776	0	0	0	0	0.000271505
ASV810	0	0.000181004	0.000271505	0.000181004	0.000181004	9.05018E-05	0.000271505	0.000271505	0.000452509	0.000181004	0.000588262	0.000769266	0.000859767	0.000905018	0.000950269	0.000633513	0.000362007	0.000588262	0.000316756	0.000316756	0.000362007	0.000135753	0	0	4.52509E-05	0.000135753	0.000316756
ASV812	0	0	0	0	0	4.52509E-05	0	0	0	0	4.52509E-05	0	0.000181004	4.52509E-05	0	0	4.52509E-05	0.000226255	4.52509E-05	0.000316756	0.000452509	0.000316756	0.000181004	0.000181004	0	0	0.000181004
ASV813	0	0	0	0	0	0	0	0	0	0	0	0.000724015	0.001267026	0.001131273	0.000678764	0.000678764	0.000905018	0.00049776	0.001538531	0.000452509	0.00099552	0.000769266	0	0.000226255	0	0	0
ASV816	0	0	0	0	0	0	0	0.001040771	0.001176524	0.002217295	0.001448029	0	0.000633513	0.001040771	0.001629033	0.000724015	0	0.000633513	0	0	0	0	0	0	0	0	0
ASV820	0	0	0	0	0	0	0	0	0	0.000181004	0.000271505	0	0	0.000181004	0.000452509	0.000452509	0.000724015	0.001402778	0.000452509	0.000950269	0	0.000543011	0.000769266	0.000316756	0.000316756	0	0.001221775
ASV822	0	0	0	0	0	0	0	0.000407258	0.000271505	0	0.000271505	0.00049776	9.05018E-05	0.000407258	0.000452509	0.000678764	0.000859767	0.000769266	0.000769266	0.000678764	0.000588262	0.000543011	0	0	0.00049776	0.000452509	0.000407258
ASV825	0	0	0.000543011	0.000543011	0.000588262	0.000362007	0.000226255	0.000362007	0	0.000181004	0.000543011	0.000543011	0.000181004	0.000316756	0.000452509	0.000271505	0.000135753	0	0.000271505	0.000226255	0.000407258	0.000452509	0.000181004	0.000135753	9.05018E-05	0.000543011	0.000452509
ASV827	0	0	0	4.52509E-05	0	0	0	0.000226255	0	0.001267026	0.000859767	0.000859767	0.00049776	0.000859767	0.001131273	0.001040771	0.001448029	0.00099552	0.000362007	0.000271505	0.000181004	9.05018E-05	4.52509E-05	0	0	0	0
ASV829	0	0	0.000316756	0.000316756	0.000226255	0.000316756	0.000362007	0.000316756	0.000271505	0.000226255	0.000135753	0.000226255	0.000271505	0.000362007	0.000316756	0.000452509	0.000226255	0.000362007	0.000543011	0.000226255	0.000678764	0.000633513	0.000452509	0.000678764	0.000452509	0.000724015	0.000859767
ASV830	0	0	0	9.05018E-05	9.05018E-05	0.000181004	0.000181004	0.000316756	0	9.05018E-05	0.000362007	0.000407258	0.000316756	0.000588262	0.000271505	0.000362007	0.000543011	0.000362007	0.000226255	0.000181004	0.000407258	0.000226255	0.000135753	0.000135753	0.000135753	0.000271505	0.000181004
ASV834	0	0	0	0	0	0	0	0	0	0	0	0	0	0	0	9.05018E-05	0.000135753	0.000226255	0.00049776	0.000135753	0.000407258	0.000181004	0.000226255	0	0	0	0
ASV838	0	0	0	0	0	0.000271505	0	0	0	0	0	0	0	0	0	0	9.05018E-05	0	0	0.000181004	0.000271505	0	0.000271505	0.000362007	0.000950269	0.000407258	0.000452509
ASV843	0	0	0.002715055	0	0.002036291	0.000814516	0.000181004	0.000135753	0.000362007	0	0.000271505	0	0.000135753	0	0	0	0.000362007	0	0	0.000226255	0.000135753	0	0.000452509	0.000407258	0	0.000452509	0.001176524
ASV844	0	0	0	0	0	0	4.52509E-05	0	0	0	0	0	0	0	0	4.52509E-05	9.05018E-05	0	9.05018E-05	0	0.00049776	0.000226255	0.000271505	9.05018E-05	0.000135753	4.52509E-05	4.52509E-05
ASV845	0	0	0	0	0	0	0	0	0	0	0	0	0	0	0	0	0	0	0	0	0	0	0	0.000135753	0	0.000407258	0.000316756
ASV847	0	0	0	0	0	0	0	0	0	0	0	0	0	0	0	0	0	0.000181004	0	0	0	0	0	0.000271505	0	0	0
ASV848	0	0	0	0	0.000452509	0	0.00049776	0.000407258	0.000407258	0.000362007	0.000452509	0.000588262	0.000452509	0.000316756	0.000407258	0.000588262	0.000226255	0.000362007	0.000226255	0.000181004	0.000543011	0.000271505	0.000226255	0	0.000135753	0.000226255	0.000316756
ASV849	0	0	0.000271505	0	0	0	0	0	0.000226255	0.000135753	0	4.52509E-05	0	0.000135753	9.05018E-05	0.000181004	0.000181004	0.000407258	0.000407258	0.000181004	0.000362007	0.000452509	0.000181004	0.000271505	0.000181004	0	0.000226255
ASV851	0	0	0.000362007	0	0.000633513	0.00049776	0.000181004	0.000724015	0.000769266	0.000950269	0.000769266	0.000588262	0.000859767	0.000407258	0.00099552	0.000543011	0.000633513	0.000588262	0	0	0	0	0	0	0	0.000362007	0
ASV853	0	0	0	9.05018E-05	0	4.52509E-05	0.000135753	0.000271505	4.52509E-05	0.000588262	0.000543011	0.000135753	0.000407258	0.001402778	0.000407258	0.000633513	0.000543011	0.000362007	0.000362007	0.000407258	0.000588262	0.000452509	0.000407258	0.000362007	0.000407258	0.000181004	0.000814516
ASV854	0	0	0.000181004	4.52509E-05	0.000135753	0.000135753	9.05018E-05	0.000135753	9.05018E-05	4.52509E-05	0.000181004	0.000135753	0	0.000452509	0.000181004	0.000271505	0.000181004	0	0.000407258	0.000316756	0.000950269	0.00049776	0.000362007	0.000271505	0.000181004	0.000271505	0.000226255
ASV855	0	0.000181004	0.000135753	0	0.000181004	0.000181004	0	0.000543011	0	0	4.52509E-05	0.000316756	0.000362007	0.000407258	0.000135753	0.000226255	0.000226255	0.000181004	0.000633513	0.000316756	0.000588262	0.000407258	0.000271505	0.00049776	0.000769266	0.000452509	0.000181004
ASV856	0	0.000633513	0.000769266	0	0.000452509	0.000588262	0	0	0.000859767	0.000543011	0	0	0	0.000362007	0	0	0	0.000724015	0	0.000769266	0	0	0	0	0	0	0
ASV859	0	0	0	0	0	0	0	0	0	0	0	0	0	0	0	0	0	9.05018E-05	0	4.52509E-05	0.000135753	0	0	0	0	0	0
ASV860	0	0.000271505	0	0.000407258	0	0	0	0	0	0.000226255	0	0.000588262	0.000724015	0.000724015	0.00099552	0.000905018	0.00099552	0.000950269	0.00049776	0.000407258	0	0	0.000452509	0.000226255	0	0	0
ASV861	0	0	0	0	0	0	0	0	0	0	0	0	0.000678764	0.000407258	0.000814516	0.000678764	0.000407258	0.000452509	0	0	0.000362007	0	0	0	0.00049776	0	0.000362007
ASV862	0	0	0	0	0	0	0	0	0	0	0	0	0	0	0	0	0	0	4.52509E-05	0	4.52509E-05	0	0.000181004	0	0	0	0
ASV865	0	0	4.52509E-05	0.000362007	0.000226255	0.000543011	0.000724015	0.000859767	0.00099552	0.00049776	0.00049776	0.000678764	0.001176524	0.000452509	0.000724015	0.000362007	0.000316756	0.000316756	0.000226255	0.000226255	0.000135753	0	0.000135753	0	0	9.05018E-05	0
ASV870	0	0.000181004	0.000181004	0.000181004	0	0	0	0	0	0.000226255	0.000181004	4.52509E-05	0	0	0	0	0	0	0	0	0.000181004	4.52509E-05	0.000135753	9.05018E-05	0	0	4.52509E-05
ASV878	0	0	0	0	0	0	0	0	0	0	0	0	0.000181004	0	0	0.000407258	0.000271505	0.000181004	0	0	0	0	0.000226255	0	9.05018E-05	0.000271505	0
ASV880	0	4.52509E-05	0	0	0.000181004	0	0	0	0.000271505	0.000271505	0.000135753	0.000316756	0.000407258	0.000135753	0.000226255	0	0.000181004	0.000226255	0.000226255	4.52509E-05	0	4.52509E-05	0	4.52509E-05	0	0	0
ASV882	0	0	9.05018E-05	0	0	0.000135753	0.000135753	0.000271505	0.000271505	0.000543011	0	0.000316756	0.00049776	0.000316756	0.000452509	0.000678764	9.05018E-05	4.52509E-05	0.000226255	0	9.05018E-05	0	0	0	0	0	9.05018E-05
ASV883	0	0.000271505	0.000362007	0	0.000271505	0	0	9.05018E-05	0.000135753	0	0	0	0	0	0	0.000271505	0.000181004	0.000271505	0.000362007	0.000588262	0.000543011	0.000633513	0.000543011	0.000633513	0.000226255	0.000271505	0.000543011
ASV884	0	0	0.000588262	0	0.000769266	0	0.000769266	0.000859767	0	0	0.000633513	0	0	0	0.000362007	0	0	0	0	0.000271505	0.000452509	0	0.000814516	0	0	0.000678764	0
ASV887	0	0.000407258	0.001312277	9.05018E-05	0.001131273	0.000724015	0.000271505	0.000316756	0.000633513	0.00049776	0.000588262	0.000452509	0.000452509	0.000316756	0.000316756	0.000226255	0	0	0	0.000135753	0	0.000362007	0.00049776	0.000271505	0	0	0.000316756
ASV888	0	0	9.05018E-05	0	0.000271505	0.000316756	0.000271505	0.000226255	0	0.000135753	0	0.000452509	0.000135753	0.000452509	0.000135753	9.05018E-05	0.000181004	0	0	0.000135753	9.05018E-05	0	0	4.52509E-05	0	0.000181004	4.52509E-05
ASV890	0	0.000316756	0.000362007	0.000362007	0.000362007	0.000271505	0.000362007	9.05018E-05	0	0	9.05018E-05	0	0	9.05018E-05	0.000135753	0	0.000226255	0.000181004	9.05018E-05	9.05018E-05	0.000135753	0.000226255	0.000135753	0.00049776	0.000407258	0.000362007	0.000362007
ASV892	0	0	0	0	0	0	0	0	0	0	0	0	0	0.000135753	0	0.000226255	9.05018E-05	4.52509E-05	0.000181004	4.52509E-05	0.000181004	9.05018E-05	0.000181004	0.000543011	0.000316756	0.000316756	4.52509E-05
ASV898	0	0	0	0	0	0.000407258	0	0	0	0	0.000452509	0	0	0	0	0	0	0	0	0.000543011	0	0	0.00049776	0	0	0	0
ASV900	0	0	0	0	0	0	0	0	0	0	0.000769266	0.00099552	0.00049776	0	0.000724015	0.000633513	0.000814516	0.000633513	0	0.000407258	0.000316756	0	0	0.000271505	0	0	0
ASV905	0	4.52509E-05	0	0	0	0	0	4.52509E-05	0	0	0	0.000135753	0.00049776	0.000271505	0.000226255	0.001629033	0.000769266	0.000588262	0.000724015	0.000452509	0.00099552	0.000226255	0.000407258	0.000452509	0.000407258	4.52509E-05	0.000226255
ASV911	0	0	0	0.000271505	0	0.000316756	0	0.000724015	0	0.000814516	0.001040771	0	0.000678764	0.001221775	0.001131273	0	0.000859767	0	0	0	0.000769266	0	0	0	0	0	0
ASV912	0	0	0	0	0.000633513	0	0	0	0	0	0	0	0.000633513	0.000633513	0	0.000362007	0.000452509	0	0.000859767	0.000407258	0.001040771	0.000588262	0.000633513	0	0.000452509	0.000859767	0.000950269
ASV918	0	0	0	0	0	0	0	0	0.001221775	0.003801077	0.002217295	0.000633513	0.000362007	0.000362007	0.000135753	0.000135753	4.52509E-05	0	0	0	0	0	0	0	0	0	0
ASV919	0	0	0.000271505	0.000633513	0.000316756	0.000452509	0.000316756	0.000226255	0.000407258	0.000678764	0.000678764	0	0	0.000316756	0.000407258	0.000407258	0.000769266	0.000588262	0.000407258	0.000271505	0.000543011	0.000271505	0.000226255	0	0	0	0.000362007
ASV920	0	0	0.000135753	0.000135753	9.05018E-05	0	0	0	0	0	0	0	0	0	0	0	0	0	9.05018E-05	0	0.000181004	0	0	9.05018E-05	0.000181004	0.000271505	0.000769266
ASV922	0	0	4.52509E-05	0.000135753	0.000271505	0.000362007	0.000316756	0.000678764	0.000633513	0.000724015	0.000543011	0.00099552	0.000633513	0.000362007	0.000407258	0.000271505	9.05018E-05	0.000271505	0.000135753	0.000316756	4.52509E-05	0.000135753	0.000181004	0	0	0	0
ASV923	0	0	0	0	0	0	0.000724015	0.000543011	0.00049776	0.000543011	0.000543011	0.001176524	0.001221775	0.001448029	0.000724015	0.000859767	0	0	0	0	0	0	0	0.000135753	0.000135753	4.52509E-05	0
ASV924	0	0	0	0	0	0	0	0	0	0	0	0	0	0	0.000543011	0.00049776	0.000316756	0.000543011	0	0	0.000316756	0.000769266	0	0	0	0.000181004	0.000452509
ASV925	0	9.05018E-05	0.000905018	0	0.000588262	0.000452509	4.52509E-05	0.000407258	0.00049776	0.000452509	0.000543011	0.000271505	0.000316756	0.000181004	0.000362007	0.000452509	0.000181004	0.000633513	0.000407258	0.000226255	4.52509E-05	0.000135753	0.000271505	0.000181004	0.000271505	4.52509E-05	0.000226255
ASV928	0	9.05018E-05	0	9.05018E-05	0.000135753	0	9.05018E-05	0	0.000181004	0	9.05018E-05	0.000181004	9.05018E-05	9.05018E-05	9.05018E-05	0.000135753	4.52509E-05	9.05018E-05	9.05018E-05	4.52509E-05	0	0.000135753	0	0	4.52509E-05	4.52509E-05	4.52509E-05
ASV929	0	0	0.000407258	0	0	0	0	0	0	0	0	0	0	0	0	0	0	0	0	0.000452509	0	0.00049776	0.00099552	0.000678764	0.00049776	0.000633513	0.004117833
ASV930	0	0	0	0.000362007	0.000362007	0.000362007	0.000407258	0	0.000135753	0	0	0.000362007	0	0	0	0	0	0.000181004	0	0	0	0	0	0	0.000181004	0.000226255	0.000452509
ASV941	0	0	0	0	0	0	0	0	0	0	0	0	9.05018E-05	4.52509E-05	0	0.000226255	0	9.05018E-05	0	0	9.05018E-05	0	4.52509E-05	0	0	0	0
ASV951	0	0	0	4.52509E-05	0	0	0.000181004	0	0.000271505	0	0	0	0.000452509	0.001538531	0.000859767	0.000950269	0	0.000452509	0.000543011	0.000588262	0.000362007	0.000724015	0.000724015	0.000135753	0	0	0
ASV952	0	0	4.52509E-05	0.000271505	0	0	0	0.000135753	0.000226255	0.000362007	0.000724015	0.000543011	0.000950269	0.000814516	0.000633513	0.000452509	0.000407258	0.000362007	0.000271505	0.000181004	0.000316756	0.000135753	9.05018E-05	0	0	0	0
ASV955	0	0	0	0	0	0	4.52509E-05	0	0	0	0	0	0	0	0	0	0	0	0	0	0	4.52509E-05	0	0	0	0	0
ASV956	0	4.52509E-05	9.05018E-05	0.000316756	9.05018E-05	0.000135753	0	4.52509E-05	0	0.000226255	0	0	0	0	0	0.000226255	0	0.000181004	0	0	0	0.000135753	0	0	0	0	0
ASV957	0	9.05018E-05	4.52509E-05	0	0	0.000362007	0.000226255	0.000316756	0.000452509	0.000271505	0.000407258	0.000452509	0.000452509	0.000271505	0.000407258	0.000271505	0.00049776	0.000316756	0.000316756	0.000316756	0.000271505	0	0	0.000362007	4.52509E-05	0	0
ASV958	0	0.000226255	0	4.52509E-05	0	4.52509E-05	4.52509E-05	0	0	4.52509E-05	9.05018E-05	0.000316756	0.000181004	0.000181004	0.000271505	0.000407258	0.000362007	0.000226255	0.000135753	0.000135753	0.00049776	0.000271505	0.000362007	9.05018E-05	9.05018E-05	0	0
ASV959	0	0	0	0	0	0.000181004	0	0.000316756	0.000226255	0.000226255	0	0	0	0	0	0.000181004	0.000452509	0.000135753	0.000271505	0.000543011	0.000362007	0.000452509	0.000316756	0	9.05018E-05	0	0
ASV963	0	0.000316756	0.000226255	0	0	0	0.000316756	0.000362007	0.000316756	0.000316756	0	0	0.000362007	0.000316756	0.000452509	0.000316756	0.000588262	0.000362007	0.000407258	0.000678764	0.000362007	0.000407258	0	0.000271505	0	0	0.00049776
ASV965	0	9.05018E-05	0.000407258	0	0.000452509	0.000316756	4.52509E-05	0.000135753	9.05018E-05	0	0	0	0.000271505	0	0	9.05018E-05	0.000135753	0.000135753	0.000271505	0	0	0	0	0	0	0	9.05018E-05
ASV969	0	9.05018E-05	0.000181004	0	0.000633513	4.52509E-05	0	4.52509E-05	0	0	0	0	0	0	0	0	0	0	0	0	0	0	0	0	0	0.000181004	0.000181004
ASV973	0	0	0.001221775	0	0.00099552	0.000543011	0	0.000543011	0.00049776	0.000950269	0.00099552	0.000452509	0.000724015	0	0	0	0	0.000543011	0	0.000226255	0	0	0	0	0	0	0
ASV976	0	0	0	0	0	0	0	0	9.05018E-05	0	0	0	0	0	0	0.000226255	0.00049776	0.001131273	0.000407258	0.000316756	0.000226255	9.05018E-05	0	0	0	0	9.05018E-05
ASV978	0	0	0	0	0	0	0	0	0	4.52509E-05	0	0	0	0	0	0	0	0	0	0	0	0	0	0	0	0	0
ASV981	0	0	0	0	0	0	0	0	0	0	0	0	0	0	0	0	0	4.52509E-05	0.000181004	0.000271505	0.000226255	0.000362007	0	4.52509E-05	9.05018E-05	0	0
ASV984	0	0.000181004	9.05018E-05	0.000407258	0.000226255	9.05018E-05	0.000362007	0.000271505	0.000271505	0.000271505	0.000181004	0.000181004	0.000181004	0.000181004	0.000226255	0.000362007	0.000362007	0.000452509	0.000362007	0.000316756	0.000724015	0.000633513	0.000271505	0.000181004	0.000181004	0	0.000135753
ASV986	0	4.52509E-05	4.52509E-05	0	4.52509E-05	4.52509E-05	0	0	0	0	0	4.52509E-05	4.52509E-05	0	0.000226255	0.000135753	0.000181004	0.000135753	0.000226255	0	0.000181004	0.000226255	0.000316756	0.00049776	0.00049776	0	0.000226255
ASV987	0	0.00049776	0.001176524	0.000452509	0.00049776	0.000769266	0.00049776	0.000316756	0	0	0	0	0	0	0	0	0	0	0	0	0	0	0	0.000407258	0.00049776	0.001221775	0.001267026
ASV988	0	0	0	0	0	9.05018E-05	0.000181004	0.000181004	0.000407258	0.000316756	0.000271505	0.000543011	0.000678764	0.000407258	0.000905018	0.000226255	0.000814516	0.000271505	0.000543011	0.00049776	0.000407258	0.000316756	0.000362007	0.000135753	0	0	0
ASV989	0	0.000271505	0.000181004	0.000271505	0	0	0.000271505	0.000271505	0.000316756	0.000407258	0.000226255	0.000181004	0.000181004	0.000407258	0	0	0.000452509	0.000181004	0.00049776	0.000543011	0.000271505	0	0.000271505	0.000226255	0	0	0.000181004
ASV993	0	9.05018E-05	0.000226255	0	0	0	0	0	0	9.05018E-05	0	0	0	0	0	0	0	0	0	0	0	0	0	0	0	0	0
ASV996	0	0.000181004	0.000226255	0	4.52509E-05	0.000135753	0	9.05018E-05	0	0.000181004	0.000135753	0.000226255	0.000633513	0.001040771	0.00049776	0.000543011	0.000588262	0.000316756	0.000452509	0.000362007	0.000407258	0.000543011	0.000316756	9.05018E-05	9.05018E-05	4.52509E-05	0.000271505
ASV1002	0	0.000362007	0	0	0	0	0	0	0	0	0	0	0	0	0	0	0	0	0	0	0	0	0	0	0	0	0
ASV1003	0	0	0	0.000452509	0.00049776	0.000543011	0.001086022	0	0	0	0	0	0	0	0	0	0	0	0	0.000226255	0.000316756	0.000407258	0	0.000633513	0.00049776	0.001176524	0.001176524
ASV1012	0	9.05018E-05	4.52509E-05	0	0	0	0	0	0	0	0	0	9.05018E-05	0	0	9.05018E-05	0.000271505	9.05018E-05	9.05018E-05	9.05018E-05	0.000135753	0	4.52509E-05	0	4.52509E-05	0.000135753	0
ASV1015	0	4.52509E-05	0	0	4.52509E-05	0	4.52509E-05	4.52509E-05	0	0	0	0	0	0	0	0	0	0	0	0	0	4.52509E-05	0	0	0	0	0
ASV1016	0	0	0	0	0	0	0	0	0	0	0	9.05018E-05	0	0	0	0	0	0	0	0	0	0	0	0	0	0	0
ASV1019	0	0	0	0	0	0	0.000362007	0.000543011	0.000633513	0.000859767	0	0.000724015	0.000724015	0.000859767	0.000905018	0.000452509	0.000724015	0	0	0	0.000316756	0	0	0	0	0	0
ASV1020	0	0	0	0	0.000181004	0.000226255	9.05018E-05	0	0	0	0.000181004	0.000678764	0.000362007	0.000271505	0.00049776	0.000181004	0.000181004	0	0	0.000271505	9.05018E-05	0.000181004	0.000181004	0.000407258	0	0	0.000181004
ASV1025	0	0	4.52509E-05	4.52509E-05	0	0.001945789	0	0.000362007	0.000181004	0	0.000135753	0.000271505	0.001131273	0.000226255	0.001086022	0	0.000226255	9.05018E-05	0.000226255	0	4.52509E-05	9.05018E-05	0	0.000181004	0.000226255	0	0.00049776
ASV1026	0	0	0	0.000226255	0	0.000316756	0.000226255	0	9.05018E-05	0	0	0	0.000135753	0	0.000135753	0.000181004	9.05018E-05	0.000316756	4.52509E-05	0	9.05018E-05	0	9.05018E-05	0	9.05018E-05	0.000181004	0.000316756
ASV1030	0	0	0	0	0	0	0	0	0	0	0.000226255	0.000181004	0.000362007	0.000226255	0	0	0	0	0	0	0	0	0	0	0	0	0
ASV1031	0	0	0	0	0	0	0.000135753	0	0	0	0	0.000271505	0.000226255	0.000181004	0.000135753	0.000226255	0.000271505	9.05018E-05	9.05018E-05	4.52509E-05	0.000181004	0.000181004	0.000316756	0.000181004	9.05018E-05	9.05018E-05	0.000271505
ASV1033	0	0	0	0	0	0	0	0	0	0	0	9.05018E-05	0	0	0	4.52509E-05	0	0	0	0	0	0	0	0	0	0	9.05018E-05
ASV1034	0	4.52509E-05	0.000135753	0	0	0	4.52509E-05	0	0	4.52509E-05	4.52509E-05	0.000181004	0	0.000135753	9.05018E-05	0.000226255	9.05018E-05	0	9.05018E-05	0.000226255	0.000316756	0.000181004	9.05018E-05	0	9.05018E-05	0	0
ASV1035	0	0	0.000135753	0.000181004	0.000181004	0.000181004	0.000181004	0.000226255	0.000181004	0.000181004	9.05018E-05	0	0.000181004	9.05018E-05	0.000135753	0.000181004	0.000181004	0.000181004	0.000271505	9.05018E-05	0.000181004	9.05018E-05	0	0.000271505	0.000181004	0.000135753	4.52509E-05
ASV1039	0	0	0	0	0	0	0	0	0	0	0	0	0	0	0	0	0	0	0	9.05018E-05	0	0	0	0	0	0	0
ASV1040	0	0	0	0	0	0	0	0	0	0	0	0	0	0	0.000135753	0.000543011	0.000452509	0.000226255	0	0	0	0	0	0	0	0	0
ASV1041	0	0	0	0	0	9.05018E-05	4.52509E-05	0	0	0	0	0	0	0	0	0	0	0	0.000181004	0	0	0	9.05018E-05	9.05018E-05	9.05018E-05	0.000135753	9.05018E-05
ASV1043	0	0	0.000271505	0.000407258	0.000226255	0	0	0	0	0	0	0.000271505	0	0.000543011	0.000271505	0	0	0	0.000407258	0	0.000316756	0.00049776	0	0	0	0	0.000543011
ASV1045	0	0	0	0	0	0	0	0	0	0	0	0	0	0	0	0	0	0	0	9.05018E-05	0	0	0	0	0	0	0
ASV1053	0	0	0	0.000226255	0	0	0	0	0.000181004	0.000271505	0.000316756	0.000271505	9.05018E-05	0.000633513	0.000407258	0.000316756	0.000407258	0.000135753	0.000407258	0.000181004	0.000135753	0.000135753	0	0.000226255	4.52509E-05	0	0.000181004
ASV1054	0	0	0.000452509	0	0.000678764	0.000271505	0	9.05018E-05	0.000226255	0	0	0.000316756	0.000316756	0	0.000226255	0.000181004	0.000271505	0.00049776	0.000316756	0.000452509	0	0.000226255	0.000271505	0.000362007	0.000452509	0.000543011	0.000859767
ASV1055	0	0	0	0.000135753	0	0	0	0	0	0	0	0	0	0	0	0	0	0	0	0	0	0	0	0	0	0	0
ASV1058	0	0	0	0	0	0	0	0	0	0.000543011	0.000678764	0.001221775	0.000588262	0	0.000905018	0.000588262	0	0.000633513	0.000633513	0.000452509	0.000362007	0	0	0	0	0.000226255	0
ASV1063	0	0	0	0	0	0	0	0	0.000362007	0.00149328	0.000859767	0.002217295	0.000769266	0.001040771	0.000362007	0	0	0	0	0	0	0	0	0	0	0	0
ASV1064	0	0	0	0	0	0	0	0	0	0	0	0	0	0	0	0	0	0	0	0	0	0	0	0	0	0.000135753	0
ASV1065	0	0	0.000226255	9.05018E-05	0	0	0.000135753	9.05018E-05	0	0	0	0	0	0	0	0	9.05018E-05	0	0.000452509	0.000181004	0.000543011	0.000316756	0.000407258	0.000724015	0.000769266	0.000181004	0.000407258
ASV1067	0	0	0	0	0	0	0	0	0	0	0	0	0	0	0	4.52509E-05	0	0	0.000181004	0.000226255	0.000316756	0.000271505	0	4.52509E-05	9.05018E-05	0.000678764	0.00049776
ASV1076	0	0	4.52509E-05	4.52509E-05	0	0	0	0	4.52509E-05	4.52509E-05	0	0	4.52509E-05	0.000135753	9.05018E-05	4.52509E-05	4.52509E-05	9.05018E-05	9.05018E-05	9.05018E-05	0	9.05018E-05	4.52509E-05	0.000135753	0	0	0
ASV1081	0	0	0	4.52509E-05	0	0	0.000316756	0.000588262	0.000452509	0.000362007	0.000226255	0.000181004	0.000316756	0.000271505	0.000271505	0.000271505	0.00049776	0.000135753	0.000362007	9.05018E-05	0.000407258	9.05018E-05	0	0.000135753	0.000226255	0	0.000226255
ASV1084	0	0	0.000724015	0	0.000633513	0.000678764	0.000135753	0.00049776	0.001040771	0.000633513	0.000452509	0.000316756	0.000316756	0	0.000362007	0	0	0	0	0	0	0	0.000271505	0	0	0	0
ASV1086	0	0	0	0	0	0	0	0	0	0	0	0	0	0	0	0	0	0	0	0	0	0	9.05018E-05	0	0	0	0
ASV1087	0	0	0	0	0	0	0	0	0	0	0	0	0	0	0	0	0	0	0	0.000135753	0	0	0	9.05018E-05	4.52509E-05	9.05018E-05	9.05018E-05
ASV1094	0	0	0	0	0	0	0	0	0	0	0.000316756	0	0	0	0	0	0	0.000271505	0	0	0	0.000407258	0.000271505	0.000452509	0	0.000769266	0.000135753
ASV1095	0	0	0	0	0.000226255	0.000271505	0	0.000407258	0.000226255	0.000452509	0	0	0.000362007	0	0	0	0	0	0	0	0.000633513	0	0	0	0	0.000362007	0.000724015
ASV1097	0	0	0	4.52509E-05	0	0	0	0	0	0	0	0	0	0	0	0	0	0	0	0	0	0	0	0	0	0	0
ASV1099	0	0	0	0	0	0	0	0	0	0	0.000226255	0.000135753	0.000181004	0	0	0	0.000181004	0	0	0	0	0	0	0	0	0.000271505	0
ASV1100	0	0	0	0	0	9.05018E-05	0	0	0	0	0	0	0	0	0	0	0	0	0	0	0	0	0	0	0	0	0
ASV1101	0	0	0	0	0	0.000135753	0	0	0	0	0	0	0	0	0	0	0	0	0	0	0	0	0	0.001583782	0.001900538	0.000950269	0.001583782
ASV1102	0	0	0.000181004	0.000181004	0.000407258	0.000271505	0.000135753	0.000226255	0.000362007	0.000407258	9.05018E-05	0.000362007	0.000316756	0.000407258	0.000362007	0.000226255	0.000135753	0.000316756	0.000226255	0.000316756	0.000135753	0.000362007	0.000316756	0.000181004	0.000181004	0.000135753	9.05018E-05
ASV1104	0	0	0	0	0	0	0	0	9.05018E-05	0	0	0	0	0	0	0	0	0	0	0	4.52509E-05	0.000181004	0	0	0	0	0
ASV1105	0	0.000316756	0	0.000407258	0	0	0.000633513	0.000588262	0.00049776	0.000633513	0.000678764	0.000271505	0	0.000407258	0.00049776	0.000181004	0.000407258	0	0	0.000135753	0	0.000181004	9.05018E-05	0.000181004	9.05018E-05	0	0
ASV1108	0	0	0	0	0	0	0	0	0	0	0	0	0	0	0	0	0	0	0	0	0	9.05018E-05	0	0	0	0	0
ASV1109	0	0	0.000135753	0.000226255	4.52509E-05	9.05018E-05	4.52509E-05	0	0	0	4.52509E-05	0.000181004	0.000226255	0.000316756	0.000407258	0.000362007	0.000226255	0.00049776	0.000407258	0.000452509	0.000452509	0.000678764	0.000316756	0.000181004	0.000181004	0.000543011	0.000181004
ASV1112	0	0	4.52509E-05	0	0	0	4.52509E-05	0.000135753	0.000271505	0.000769266	0.000678764	0.000543011	0.000452509	0.000407258	0.00049776	0.00049776	0.000362007	0.000135753	0.000316756	0.000407258	0.000135753	0.000226255	0.000181004	0	0.000135753	0	0
ASV1113	0	0.000135753	4.52509E-05	0.000271505	9.05018E-05	0.000271505	0	0.000135753	0.000135753	0.000226255	4.52509E-05	0.000226255	0.000271505	0.000316756	0.000271505	0.000135753	0.000181004	0.000226255	0.000271505	0.000271505	0.000362007	0.000181004	0.000226255	0.000181004	0.000316756	0.000362007	0.000181004
ASV1118	0	9.05018E-05	9.05018E-05	0	9.05018E-05	0	0.000135753	0.000181004	0.000362007	0.000271505	0.000678764	0.000362007	0.000452509	0.000271505	0.000633513	0.000407258	0.000407258	0.000226255	0.000362007	0.000226255	0.000362007	4.52509E-05	0.000135753	0.000181004	9.05018E-05	0	0
ASV1123	0	0	0	0	0	0	0	0.000271505	0	0	0	0	0	0	0	0.000588262	0.000316756	0	0.00049776	0	0	0	0	0	0	0	0
ASV1127	0	0	0	0.000135753	0.000135753	0	0.000226255	0.000135753	0	9.05018E-05	0.000362007	0.000362007	0.000316756	0.000316756	0.000226255	0.000452509	0.000226255	0.000316756	0	4.52509E-05	0.000135753	0.000271505	0.000135753	0	0	9.05018E-05	0
ASV1130	0	0	0.000543011	0	0.000543011	0.000407258	0	0	0	0	0.000407258	0	0.000452509	0.000226255	0	0.000362007	0.000633513	0.000905018	0.000633513	0.000588262	0	0	0	0	0	0	0.000271505
ASV1131	0	0	0.000135753	0.000271505	0	0	0	0	0	0	0	0	0	0	0	0	0	0	0	0	0	0	0	0	0	0	0
ASV1132	0	0	0	0	0	0	0	0	0	0	0	0	0	0	0	9.05018E-05	0	0	0	0	0	0	0	0	0	4.52509E-05	0
ASV1141	0	0	4.52509E-05	0	0	0	0	0	0	0	0	0	0	0	0	0.000135753	0.000181004	0	0	0	0	4.52509E-05	0	0	0	4.52509E-05	0
ASV1145	0	0.000316756	0.000181004	0.000407258	0.000135753	0.000226255	0.000543011	0.000316756	0.000181004	0.000181004	0.000271505	0.000271505	0.000226255	0.000271505	0.000316756	0.000316756	0.000316756	0.000226255	0.000271505	0.000135753	0.000135753	0.000135753	0.000135753	0	0	0	0.000316756
ASV1146	0	0	0	0.000226255	0	9.05018E-05	9.05018E-05	0	0	0	0	0	4.52509E-05	0	0.000181004	0	4.52509E-05	9.05018E-05	0	0	0.000588262	0.000271505	0.000588262	0.000362007	0.000588262	0.000226255	0.000135753
ASV1149	0	0	0	0	0	0	0	0	0	0	0	0	0	0	0	0	0	0	0	0	0	0	0	0	0	0.000271505	0
ASV1150	0	0	0	0	0	0	4.52509E-05	0	4.52509E-05	0	0	0	9.05018E-05	4.52509E-05	0	0	0	0	0.000181004	4.52509E-05	0.000407258	0.000181004	0.000226255	0.000181004	4.52509E-05	0	0.00049776
ASV1152	0	0	0	0	0	0	0	0.000316756	0.000633513	0.000452509	0.000678764	0.000543011	0.000543011	0.000633513	0.000588262	0.000316756	0.000362007	0.000316756	0.000271505	0.000316756	0	0	0	0	0	0	0
ASV1156	0	0	0	0	0	0.000588262	0.000452509	0	0.000859767	0.000316756	0.00049776	0.000362007	0.000135753	0	0.000271505	0.000543011	0.000181004	0	0	0.000316756	0	0	0	0.000316756	0	0	0
ASV1157	0	0	0	0	0	0	0	0	0	0	0	0.000271505	0	0	0	0	0	0.000181004	0	0	0	0	0	0	0	0	0
ASV1159	0	0	9.05018E-05	0	9.05018E-05	9.05018E-05	0	0	0	0	0	0	4.52509E-05	0	0	9.05018E-05	0	9.05018E-05	4.52509E-05	4.52509E-05	0	0	9.05018E-05	0	0	9.05018E-05	0.000181004
ASV1161	0	0	0	0	0	0	0	0	0	0	0	0	0	0	0	0	0	0	0	4.52509E-05	0	0	0	0	9.05018E-05	0	0
ASV1162	0	0	9.05018E-05	0	0	0	0	0	0	0	0	0	0	0	0	0	0	0	0	0	0	0	0	0	9.05018E-05	0	9.05018E-05
ASV1167	0	0	0	0	0.000135753	0	0	0.000135753	0.000181004	0	0.000226255	0.000181004	9.05018E-05	0	9.05018E-05	0	0.000135753	0	0	0	4.52509E-05	0	9.05018E-05	0	0	0	0
ASV1174	0	0	0	0	0	0	0	0	0	0	0	0	0.000135753	0	0	0	0	0	0	0	0	0	0	0	0	0	0
ASV1177	0	0	0.000905018	0	0.000859767	0	0	0.000452509	0.000543011	0.000588262	0.000905018	0	0.000588262	0	0.000407258	0	0	0.000362007	0	0	0	0	0	0	0	0	0
ASV1180	0	0	0	4.52509E-05	0	0	0	0	0	9.05018E-05	0	4.52509E-05	0.000181004	0	0.000181004	0.00049776	0.000271505	0.000181004	0.000271505	0.000226255	0.000588262	0.000271505	0.000362007	0.000407258	0.000226255	0.000181004	4.52509E-05
ASV1181	0	0	0.000226255	0.000135753	9.05018E-05	0	0.000181004	0.000316756	0.000135753	0.000135753	0	0	0.000181004	0.000271505	0.000181004	0.000226255	0.000226255	9.05018E-05	0	0.000226255	0.00049776	0.000362007	0	0.000181004	4.52509E-05	0	0.000316756
ASV1185	0	0	0.000135753	0	0.000181004	0.000135753	0.000407258	0.000271505	0.000362007	0.000452509	0.000181004	0.000588262	0.000271505	0.000316756	0.000316756	0.000226255	0.000271505	0	0.00049776	0.000226255	0.000271505	0.000135753	0.000135753	0.000181004	0	0	0
ASV1189	0	0	4.52509E-05	0	0	0	0.000135753	0	0	0.000135753	0.000316756	0.000407258	0.000181004	0.000543011	0	0.000633513	0.000407258	0.00049776	0.000543011	0	0.000588262	0.000271505	0.000271505	0.000135753	0	0.000181004	9.05018E-05
ASV1191	0	4.52509E-05	9.05018E-05	0.000135753	4.52509E-05	0	0.000316756	0.000181004	0.000226255	0.000588262	0.000362007	0.000362007	0.000226255	0.000678764	0.000226255	0.000271505	0.000271505	0.000181004	0.000226255	0.000271505	0.000181004	0.000452509	0.000135753	0	0	0	0
ASV1193	0	0	0	0.000226255	0	0	0	0	0	0	0	0	0	0	0	0	0.000226255	0	0	0	0.00049776	0.000678764	0.000407258	0	0.000362007	0.000543011	0.00049776
ASV1194	0	0	0	0.000135753	0	0	9.05018E-05	4.52509E-05	0.000135753	9.05018E-05	0	4.52509E-05	0.000181004	0	0	0	0	9.05018E-05	4.52509E-05	0	0.000316756	0.000271505	0	0.000135753	0	0	0
ASV1203	0	0.000316756	0	0.000362007	0.000316756	0	0	0.000588262	0.000271505	0.000316756	0.000407258	0.000543011	0	0.000226255	0	0.000316756	0.000316756	0	0	0.000362007	0	0.000316756	0.000271505	0	0	0.000181004	0
ASV1204	0	0.000135753	0.000678764	0	0.000407258	0.000362007	0	0.000181004	0.000316756	0.000271505	0.000226255	0.000135753	0	0	0	0.000181004	0.000271505	0.000226255	0	0	0	0.000181004	0.000271505	0.000362007	0.000135753	0.000271505	0.000678764
ASV1206	0	0	0	0	0	0	9.05018E-05	0	0	0	0	0	0	9.05018E-05	0	0	0	0	0	0	0	0	0	0	0	0	0
ASV1208	0	0.000181004	0.000316756	0.000543011	0.000226255	0.00049776	0	0	0	0.000407258	0.000271505	0.000271505	0.000316756	0.000407258	0.000362007	0.000135753	0	0	0.000362007	0.000181004	0.000226255	0	0.000226255	0	0	0	0.000316756
ASV1209	0	0	0.000226255	0.000452509	0.000271505	0.000271505	4.52509E-05	0.000407258	0.00049776	0	0.000407258	0.000407258	0.000271505	0.000543011	0	0.000226255	0.000181004	0.000135753	9.05018E-05	9.05018E-05	0.000181004	0	0	0	0.000135753	0	0.000135753
ASV1211	0	0	0	0	0	0	0	0.000452509	0	0	0	0	0.000226255	0	0	0.00049776	0	0.000950269	0.00099552	0.000316756	0.000588262	0.000543011	0.000543011	0	0	0	0
ASV1212	0	0	0	0.000135753	0	0.000135753	4.52509E-05	0.000135753	0	0	0	0	0	0	0	0	0	0	0	0	0	0	0	0	4.52509E-05	0	4.52509E-05
ASV1214	0	0	0.000135753	9.05018E-05	0.000135753	9.05018E-05	4.52509E-05	0.000181004	4.52509E-05	0.000362007	0.000135753	4.52509E-05	0.000181004	0.000226255	0.000271505	0.000226255	0.000362007	0.000181004	0.000316756	9.05018E-05	0.000226255	0.000135753	0.000135753	0.000135753	4.52509E-05	4.52509E-05	0
ASV1219	0	0	0	0	9.05018E-05	0	0	9.05018E-05	0	9.05018E-05	4.52509E-05	0.000226255	4.52509E-05	0	0	0	0	4.52509E-05	9.05018E-05	0	9.05018E-05	9.05018E-05	4.52509E-05	4.52509E-05	0	4.52509E-05	0
ASV1220	0	0	0	0	0	0	0.001176524	0	0	0	0	0	0	0.00049776	0.000543011	0.000362007	0	0.000633513	0.000452509	0	0.000814516	0.000543011	0	0	0	0	0
ASV1222	0	0	0	9.05018E-05	0	0	0	0	0	0	0	0	0	0	0	0	0	0	0	4.52509E-05	0	9.05018E-05	9.05018E-05	0.000271505	9.05018E-05	0	9.05018E-05
ASV1223	0	4.52509E-05	0	0	0	0	0	0	0	0	0	0	0	0	0	0	0	0	0	0	0	0	0	0	0	0	0
ASV1232	0	0	0	0	0	0	0.000452509	0.000271505	0.000316756	0	0.000678764	0.000543011	0	0	0.000452509	0	0.000271505	0.000271505	0.000407258	0	9.05018E-05	0	0	0	0	0	0
ASV1234	0	0	0	0	0	9.05018E-05	0	0	0	9.05018E-05	0	9.05018E-05	0.000316756	0	4.52509E-05	0.000135753	9.05018E-05	4.52509E-05	9.05018E-05	0	9.05018E-05	9.05018E-05	0	0	4.52509E-05	4.52509E-05	0
ASV1235	0	9.05018E-05	0.000135753	0.000226255	0	9.05018E-05	0	0	0	0	0	9.05018E-05	0	9.05018E-05	0	0.000181004	0	0.000226255	9.05018E-05	0.000226255	0.000543011	0.000362007	0.000316756	0.000316756	0.000316756	0.000588262	0.000678764
ASV1242	0	0	0	0	0.000181004	0	0	0.000316756	0.000316756	0.000633513	0.000588262	0.000543011	0.000633513	0.000452509	0.000362007	0	0.000181004	0.000226255	0.000226255	0.000226255	0	0	0	0	0	0	0
ASV1243	0	0	0	0	0	0	0	0	0	0	0	9.05018E-05	0	0	0	0	0	0	0	0	4.52509E-05	0	0	0	0	0	0
ASV1251	0	9.05018E-05	9.05018E-05	9.05018E-05	9.05018E-05	9.05018E-05	0.000271505	0.000226255	0.000407258	0.000407258	0.000226255	0.000316756	0.000226255	0.00049776	0.000226255	9.05018E-05	0.00049776	0	9.05018E-05	0.000135753	4.52509E-05	0	0	0	0	0	0
ASV1253	0	0	0	0.000452509	0	0	0	0.000543011	0	0.00049776	0.000543011	0.000769266	0.000588262	0.00049776	0.000316756	0	0	0	0	0	0	0.000362007	0	0	9.05018E-05	0	0
ASV1255	0	0	0	0	0	0	0	0	0	0	0	0.000181004	0.000226255	0.000362007	0.000271505	0.000181004	0.000271505	0.000588262	0.000633513	0.00049776	0.00049776	0.000407258	0.000226255	0	0.000226255	0	0
ASV1259	0	0	0.000226255	0	0.000135753	9.05018E-05	4.52509E-05	0	0	0	9.05018E-05	0.000135753	0	0.000135753	0	0.000226255	9.05018E-05	0.000135753	0	0.000271505	0.000362007	0.000271505	4.52509E-05	0	0.000135753	9.05018E-05	0.000271505
ASV1260	0	0	0	0	0	4.52509E-05	0	0	0	0	4.52509E-05	4.52509E-05	0	0	9.05018E-05	4.52509E-05	0	0	0	0	4.52509E-05	0	0	0	0	0	0
ASV1261	0	0	0.000135753	0	0	4.52509E-05	0	0	0	0	0	0	0	4.52509E-05	0	0.000316756	0.000543011	0.000769266	0	0.00049776	0.00049776	0.000950269	0	0.000452509	0.000316756	0	0
ASV1264	0	9.05018E-05	0	0	0	0	0	0	0.000407258	0.002262546	0.001176524	0.000135753	0.000226255	0.000135753	9.05018E-05	0.000135753	0.000135753	4.52509E-05	4.52509E-05	0	0.000181004	0	0	0	0	0	0
ASV1267	0	0	0	4.52509E-05	0	0	0	0	0	4.52509E-05	0.000181004	0	0.000181004	0.000181004	0.000362007	0.000678764	0.000769266	0.000588262	0.000588262	0.000271505	0.000226255	0.000135753	0.000362007	0	9.05018E-05	0	0
ASV1268	0	9.05018E-05	0	0	0	0	0	0.000135753	0	0	0	0.000181004	0.000316756	0.000362007	0.000181004	0.000181004	0.000316756	0.000362007	0.000543011	0.000543011	0.000226255	0.000226255	0.000135753	0.000226255	0.000135753	0.000271505	0.000543011
ASV1269	0	0	0	0	0	0	0	0	0	0	0	0	0	0	4.52509E-05	0.000316756	0	0.000588262	0.000452509	0.000362007	0.000271505	0.000271505	0.000181004	0	0	0	0
ASV1273	0	0.000135753	0	0.000135753	0	0	0	0	0	0.000181004	0.000316756	0.000316756	0.00049776	0.000362007	0.000271505	0.000362007	0.000407258	0.000452509	0.000271505	0.000316756	0.000226255	0	0.000135753	0	4.52509E-05	9.05018E-05	0
ASV1275	0	9.05018E-05	0	0	0.000181004	0	0.000452509	0	0.000135753	0.000181004	0	0.000588262	0.000633513	0.000543011	0	0	0	0.000316756	0.000181004	0.000226255	0	0	0	0.000135753	0	0	0
ASV1279	0	0.001040771	0.000678764	0.000814516	0.000543011	0.000588262	0.000543011	0	0	0	0	0	0	0	0	0	0	0.000135753	0	0	0	0	0.000362007	0	0	0	0
ASV1283	0	0.000135753	0.000135753	9.05018E-05	0	9.05018E-05	9.05018E-05	0.000181004	0.000226255	4.52509E-05	0	0.000316756	0.000316756	0.000135753	0	9.05018E-05	0.000181004	0.000135753	0.000407258	0.000316756	0.000181004	0.000226255	0.000135753	0.000135753	0.000135753	0.000135753	9.05018E-05
ASV1289	0	0.000769266	0.001086022	0.001086022	0.000226255	0.000543011	0.000407258	0.000226255	0.000135753	0.000135753	0.000135753	9.05018E-05	0	0	0	0	0	0	0	0	0	0	0	0	0	9.05018E-05	0
ASV1290	0	9.05018E-05	0	0	0	0	0	0	0	0	0	0	0	0.000769266	0.000724015	0	0	0.000724015	0	0	0	0	0	0	0	0	0
ASV1293	0	0	0.000316756	0.000181004	9.05018E-05	0.000271505	4.52509E-05	9.05018E-05	0	0.000181004	0	0.000226255	0.000181004	0	0.000181004	0.000135753	0.000271505	0	0.000452509	0.000271505	0.000181004	0	0.000181004	0	0.000452509	0	0.000226255
ASV1295	0	9.05018E-05	0	0	9.05018E-05	0.000135753	0	0.000543011	0.000452509	0.000362007	0.000362007	0.000181004	0.000271505	9.05018E-05	0.000226255	4.52509E-05	9.05018E-05	0.000135753	9.05018E-05	0.000181004	0	0.000362007	0.000135753	9.05018E-05	0.000271505	0	0
ASV1301	0	0	9.05018E-05	0	4.52509E-05	0	0	0	0	0	0	0	0	0	0	0	0	0	0	0	4.52509E-05	9.05018E-05	0.000135753	0	4.52509E-05	0	9.05018E-05
ASV1303	0	0	0	0	0	0	0	0	0	0	0	0	0.000135753	0	0	0	0	0	0	0	0	9.05018E-05	0	0	0	0	0
ASV1304	0	0	0	0.000407258	0.000181004	0.000181004	0.000452509	0	0	0.000271505	0	0.000181004	0	0	0	0.000226255	0	0	0	0.000316756	0.00049776	0	0.00049776	0.000271505	0.000226255	0.000362007	0.000452509
ASV1305	0	0	0	9.05018E-05	0.000633513	0.000814516	0.00099552	0.000407258	0.000271505	0.000226255	0.000452509	0.000316756	4.52509E-05	9.05018E-05	0.000135753	4.52509E-05	0	0	4.52509E-05	0	9.05018E-05	0	0	0	0	0	0
ASV1306	0	4.52509E-05	0	0	0	0	0	0	0	0	0	0	0	0	9.05018E-05	0.000407258	0.001086022	0.000859767	0.000678764	0	0.000407258	0	0.000678764	0	0	0	0.000316756
ASV1309	0	0.000135753	0	0	0	0	9.05018E-05	4.52509E-05	0	0	0	0	0	0	0	4.52509E-05	9.05018E-05	0	0	4.52509E-05	0.000135753	0.000135753	0.000226255	0.000135753	0.000316756	4.52509E-05	0
ASV1310	0	0	0	0.000543011	0.000226255	0	0	0	0	0	0	0	0	0	0	0.000181004	0	0	0	0.000452509	0	0	0	0	0.000362007	0	0.000362007
ASV1313	0	0.000135753	0.000135753	0.000181004	9.05018E-05	0.000135753	0	0.000316756	0.000271505	0	0.000316756	0.000588262	0.000226255	0.000724015	0.000226255	0.000181004	0.000316756	0.000135753	0.000271505	0.000135753	0	0.000271505	0.000181004	0	0	0	0
ASV1315	0	0	0	0	0	0	0	0	0	0	0	0	0	9.05018E-05	0	0.000181004	0.000226255	0	0	0	0	0	0	0	0	0	0
ASV1319	0	0	0.000407258	0.000271505	0.000226255	0.000226255	0.000543011	0.000814516	0.000814516	0	0	0	0.000271505	0.000226255	0.000407258	0.000181004	0.000226255	0	0	0	0	0	0	0	0	0	0
ASV1321	0	0	0	0	0	0	0	9.05018E-05	0	0	0.000678764	0.000814516	0.000135753	0.000724015	0	0.000316756	0.000362007	0.000407258	0.000226255	0.000316756	4.52509E-05	0.000226255	0	0	0	0	0
ASV1325	0	0	0	0	0	0	0	0	0	0	0	4.52509E-05	0	0	0	0	0	0	0	4.52509E-05	0.000135753	0.000135753	0	0	0	4.52509E-05	0
ASV1328	0	0	0	0	0	0	0	0	0.000678764	0.00049776	0	0	0.000407258	0.000543011	0	0	0.000633513	0	0	0	0.000543011	0	0.000452509	0	0	0	0
ASV1331	0	0	0.000316756	0	0	0	0	0	0	0	0	0	0	0	0	0	9.05018E-05	0.000362007	0.000226255	0.000135753	0	0.000226255	0	0.000226255	0.000452509	0.000588262	0.001764786
ASV1333	0	0	0	0	0	0	0	0	0	0.000135753	0.000543011	0.000724015	0.000543011	0.000316756	0.000362007	0.000181004	0.000407258	0.000226255	0.000316756	0.000362007	0.000181004	0.000135753	9.05018E-05	0	0	0	0
ASV1340	0	0	4.52509E-05	4.52509E-05	0	0	0	0	0	0	0	0	0	0	0	0	0	0	0	0	0	0	0	0	0	0	0
ASV1346	0	0.000407258	0.00049776	0	0	0.000407258	0.000588262	0	0	0.000407258	0	0	0	0	0	0.000452509	0.000633513	0.000633513	0	0	0.000407258	0	0	0	0	0	0
ASV1349	0	0.000181004	0.000135753	0.000226255	4.52509E-05	0.000181004	0.000135753	4.52509E-05	9.05018E-05	0.000181004	0.000135753	0.000181004	0.000271505	0.000407258	0.000226255	0.000135753	0.000135753	0.000181004	4.52509E-05	0.000181004	0.000271505	0.000181004	9.05018E-05	0.000316756	0.000181004	0.000181004	0.000135753
ASV1352	0	4.52509E-05	0	0	0	9.05018E-05	0.000135753	4.52509E-05	0.000226255	0.000135753	4.52509E-05	0.000181004	0.000316756	0.000316756	0.000181004	0.000181004	0.000452509	0.000226255	0.000181004	9.05018E-05	0.000181004	4.52509E-05	0.000226255	0.000135753	0	0	0
ASV1354	0	0	0	0.000271505	0	0.000181004	0.000226255	0.00049776	0	0.000181004	0.000452509	0	0	0	0.000407258	0	0.000316756	0	0.000588262	0	0.000226255	0.00049776	0.000226255	0.000226255	0.000181004	0	9.05018E-05
ASV1355	0	0.000226255	0.000135753	0.000226255	0.000135753	0.000135753	0.000181004	0.000181004	0	0.000226255	0	0.000362007	0.000135753	0.000135753	0.000316756	0.000181004	0.000135753	0.000181004	0.000181004	0.000316756	0.000226255	0.000181004	9.05018E-05	0.000135753	0	0	0
ASV1356	0	0	0	0	0	0	0	0	0	0	0	0	0	0	0	0	0	0	0	0	0	9.05018E-05	0	0	0	0	0
ASV1359	0	0	0	4.52509E-05	0	0	9.05018E-05	0	0	0	0.000135753	0.000588262	0.000362007	0	0.000362007	0.000543011	0.000362007	0	0.000135753	0	0.000181004	0	9.05018E-05	4.52509E-05	0	0.000135753	0.000135753
ASV1360	0	4.52509E-05	0	0	4.52509E-05	0	0.000181004	0.000135753	0	0	0	0	0	0	0	0	0	0	0	0	0.000181004	9.05018E-05	4.52509E-05	4.52509E-05	0.000135753	4.52509E-05	4.52509E-05
ASV1361	0	0	4.52509E-05	0	0.000135753	0	0	0.000135753	0.000135753	0	0.000135753	0	0	9.05018E-05	0.000135753	0	0	0	4.52509E-05	0	0	0	0	9.05018E-05	9.05018E-05	0	0
ASV1362	0	4.52509E-05	0.000181004	0.000226255	9.05018E-05	0.000226255	0.000316756	0.000407258	0	9.05018E-05	0.000181004	0.000316756	0.000226255	0.000181004	0.000226255	0.000271505	0.000226255	0.000181004	0	0.000135753	9.05018E-05	0.000226255	0.000181004	0	9.05018E-05	0	0
ASV1374	0	0	0	0	0	0	0	0	0	4.52509E-05	0.000135753	0	0.000135753	0	0.000181004	0.000316756	0.000226255	0.000362007	0.000362007	0.000226255	0.000226255	0.000271505	0.000135753	0	9.05018E-05	0	4.52509E-05
ASV1375	0	0	0	0.000226255	0	0	0.000226255	0.000181004	0	0	0	0	0.000135753	0	0	0	4.52509E-05	0	0.000362007	0	0	0.000181004	0	0	0	0	0
ASV1376	0	0	0	0	9.05018E-05	0	0	0	0	0.000181004	0.000226255	0.000316756	0	0.000362007	0	4.52509E-05	9.05018E-05	0	0	0.000135753	0.000226255	9.05018E-05	0	0	0.000135753	0	0
ASV1377	0	0	0	0	0	0	0	0	0	0	0	0	0	0	0	0	0	0	0	0	0	0	0	0	0	4.52509E-05	0
ASV1382	0	9.05018E-05	0	0	0	9.05018E-05	0	0.000135753	0.000135753	0.000181004	0.000271505	0.000543011	0.000452509	0.000226255	0.000452509	0.000226255	0.000407258	0.000316756	0.000362007	0.000135753	0.000135753	0.000135753	4.52509E-05	0	0	0	0
ASV1384	0	4.52509E-05	0	0	0	0	0	0.000362007	0.000362007	0.00049776	0.000543011	0.000724015	0.000543011	0.000543011	0.000181004	0.000181004	9.05018E-05	0.000181004	0	0	0	0	0	0	0	0	0
ASV1386	0	0	0	0	9.05018E-05	0	0	0	0	0	0.000135753	0	0	0	0	0	0	0	0	0	0	0	0	0	0	0	0
ASV1391	0	0.000181004	0.000407258	0	0.000633513	0.000362007	0.000135753	0.000316756	0.000633513	0.000271505	0.000588262	0.000226255	0	9.05018E-05	9.05018E-05	9.05018E-05	9.05018E-05	9.05018E-05	9.05018E-05	0	0	0	0	0	0	0	0
ASV1395	0	0	0.000226255	0.00099552	0	0.000271505	0.001040771	0.000181004	0	0.000407258	0	0	0	0	0	0.000543011	0	0	0	0	0.000271505	0	0	0	0	0	0
ASV1400	0	0	0.000407258	0	0	0	0	0	0	0	0	0	0.000633513	0.000678764	0	0	0	0.000362007	0.000543011	0.000362007	0	0	0.000543011	0.000362007	0	0	0
ASV1405	0	0	0	9.05018E-05	0	0	0	0	0	0	0	0	0	0	0	0	0	0	0	0	0	0	0	0	0	0	0
ASV1406	0	0.000226255	0.000633513	0	0.000814516	0.00049776	0	0.000452509	0.000588262	0.000181004	0.000362007	0	0	0	0	0.000135753	0	0	0	0	0	0	0	0	0	0	0.000226255
ASV1407	0	0	0	0	0	0	0	0	0.000452509	0.000452509	0	0	0.000633513	0.000814516	0	0.000588262	0	0	0	0	0	0	0	0	0	0	0
ASV1408	0	0.000181004	0	9.05018E-05	0	0.000362007	0	0.000407258	0	0.000633513	0.000407258	0	0	0.000226255	0	0	0	0.000135753	0	0	0	0	0	0	0	0	0
ASV1409	0	0	0	0	0	0	4.52509E-05	0	0	0	0	0	0	4.52509E-05	0	0.000135753	0	0	0	4.52509E-05	0	0	0	0	0	0	0
ASV1410	0	0	0	0	0	0	0	0	0	0	0	0	0	0.000859767	0	0	0	0.000271505	0	0	0	0	0	0	0	0	0
ASV1412	0	0	0	0.000316756	0	0	0	0	0	0	0.000135753	0	0	0	0.000135753	0	0	0	0.000181004	0	0.000633513	0	0.000181004	0.000135753	0	0.000135753	0.000181004
ASV1413	0	0	0	0	0.000271505	0	0	0	0	0	0	0	0	0	0	0	0	0.000181004	0	9.05018E-05	0	0	0	0	0	0	0
ASV1417	0	0	0	0	0	0	0	9.05018E-05	0	0.000181004	0.000226255	0.000135753	0.000316756	0.000271505	0.000724015	0.00049776	0.000859767	0.000407258	0.000226255	0.000181004	9.05018E-05	0	0	0	0	0	0
ASV1420	0	4.52509E-05	0	0	0	0	0	0	0	0	0	0.000452509	0.000678764	0.000316756	0.000678764	0.000135753	0.000316756	0.000362007	0	0.000316756	0	0.000316756	0	0	0	0	0
ASV1423	0	0	0	4.52509E-05	0	0	0	0	0	0	0	0	0	0	0	0	0	0	0	0	0	0	0	0	0	0	0.000135753
ASV1425	0	0	0	0	0	0	0	0	0	9.05018E-05	0	0	0.000362007	0.00049776	0.000226255	0.000362007	0.000226255	0.000452509	0.000271505	0.000316756	0.000316756	0.000226255	0.000271505	0.000181004	0.000135753	0	0
ASV1431	0	0.000226255	0.000362007	0	0.000271505	0.000226255	0	0.000181004	9.05018E-05	0	0.000181004	0	0	0	0.000362007	0.000316756	0	0	0.000226255	0.000271505	0	0	0	0.000226255	9.05018E-05	0	0.000633513
ASV1436	0	0	0	0	0	0.000181004	0	4.52509E-05	9.05018E-05	0	9.05018E-05	0.000316756	0.000226255	0.000859767	0.000181004	0.000271505	0.000271505	0.000226255	0.000226255	0.000135753	0.000181004	0.000181004	0.000135753	4.52509E-05	9.05018E-05	4.52509E-05	0.000181004
ASV1437	0	0	0	0	0	0	0	0	0	4.52509E-05	0.000316756	0	0.000226255	0.000226255	0	0.000135753	0.000226255	0.000226255	0.000181004	9.05018E-05	4.52509E-05	0	0	0	0	0	0
ASV1438	0	0.000271505	0	0	4.52509E-05	0.000362007	0.00049776	0.000316756	0.000226255	0	0	0	0	0	0.000950269	4.52509E-05	0	0	0.000226255	0	0.000226255	0	0.000181004	0	0.000316756	0	0
ASV1441	0	0	9.05018E-05	0.000135753	9.05018E-05	0.000271505	0	0.000135753	9.05018E-05	0	0	0	9.05018E-05	0.000181004	9.05018E-05	0	4.52509E-05	0.000226255	0.000226255	0	4.52509E-05	0.000181004	0	0	0.000135753	0.000135753	0.000135753
ASV1444	0	0	0	0	0	0	0	0	0	0	0	0	0	0	0	0	0	0	0	0	0	0	0	4.52509E-05	9.05018E-05	0.000135753	0
ASV1445	0	0.000135753	0.000316756	0	0	0	0	0	0	0	0	0	0	0	0	0	0	0	0	0	0	0	0	0	0	0	0
ASV1448	0	0	0	0	0	0	0	0	0	0	0	0	0.001674284	0.001221775	0.000271505	9.05018E-05	0.000271505	0.000181004	0	0	0	0	0	0	0	0	0
ASV1449	0	0	4.52509E-05	0.000135753	0.000135753	9.05018E-05	9.05018E-05	4.52509E-05	0	0	0.000135753	9.05018E-05	9.05018E-05	0.000181004	0	9.05018E-05	0	4.52509E-05	0.000135753	4.52509E-05	0.000271505	0.000226255	9.05018E-05	9.05018E-05	4.52509E-05	0	9.05018E-05
ASV1450	0	0	0	0	0	0	0.000226255	0.000407258	0.000407258	0.000633513	0.000316756	0	0.000452509	0.000271505	0	0	0	0	0	0	0	0	0	0	0	0	0
ASV1455	0	0.000135753	0.000543011	0	0	0	0	0	0	0	0	0	0	0	0	0	4.52509E-05	0	9.05018E-05	0.000135753	0	0.000543011	0.000452509	0.000724015	0.000407258	0.000362007	0.000271505
ASV1456	0	0	4.52509E-05	0.000226255	0	0	4.52509E-05	0.000135753	0.000181004	4.52509E-05	0.000135753	4.52509E-05	0.000135753	0.000181004	0.000226255	0.000226255	0	9.05018E-05	9.05018E-05	0.000135753	0.000316756	0	9.05018E-05	0	0.000181004	9.05018E-05	9.05018E-05
ASV1457	0	0.000226255	0	0.000678764	0.000678764	0.000859767	0.00049776	0.000226255	0	0.000181004	0.000226255	0	0	0	0	0	0	0	0	0	0	0	0.000135753	0	0	0	0
ASV1460	0	0	0	0	0	0	0	0	0	9.05018E-05	0	0	0	0	0	4.52509E-05	0	0	0	0	0	0	0	0	0	0	0
ASV1461	0	0	0	0	0	0	0	0	0	0	0	0	0	0	0	0	0	0	0	0	0	0	0	0	0	0	4.52509E-05
ASV1463	0	0	0	0	0	4.52509E-05	0	0	0	0	0	0	0	0	0	0	0	0	0	0	0	0	0	0	0	0	0
ASV1464	0	0	0	0	0	9.05018E-05	0.000362007	0.000633513	0.000226255	9.05018E-05	9.05018E-05	0	9.05018E-05	0.000407258	0.000271505	0.000316756	0.000226255	0.000181004	9.05018E-05	0.000271505	0.000135753	0.000181004	0	0	0	0	0
ASV1466	0	0	0	0	0	0	0.000271505	0.000271505	0.000362007	0.000452509	0.000814516	0.000452509	0.000226255	0.000135753	0.000226255	0.000135753	9.05018E-05	9.05018E-05	9.05018E-05	0	0	9.05018E-05	0	0	0	0	0
ASV1471	0	0	0	0	0	0	0	0.000135753	0	9.05018E-05	0.000362007	0.000678764	0.00049776	0.000226255	0.000407258	0.000316756	0.000271505	0.000181004	0.000135753	0.000226255	0	0	0	0	0	0	0
ASV1472	0	0	0	0	4.52509E-05	0	0	0	0	0	0	0	0	0	0	0	0	0	0	0	0	0	0	0	0	0	0
ASV1474	0	0	0	0	0.000135753	0	0.000316756	0	0.000543011	0	0	0	0.000452509	0.000362007	0	0.000407258	0.000316756	0.000271505	0	0.000226255	0	0.000316756	0	0	0	0.000135753	0.000181004
ASV1478	0	0	0.000135753	0	0.000452509	0	0	0.000181004	0	0	0.000271505	0	0.000135753	0	0	9.05018E-05	0.000226255	0	0	0	0	0	0	0	0	0	0
ASV1479	0	0	0.000135753	0.000181004	0	0.000316756	0.000226255	0.000271505	0.000407258	0.000588262	0.000362007	0	0.000226255	0.000316756	0	0	0	0.000181004	0	0	0	0	0	0	0	0	0
ASV1480	0	0	0	0	0	4.52509E-05	0	0	0	0	0	0	4.52509E-05	0	0	0	0	0	0	0	0	0	0	0	0	0	0
ASV1482	0	0.000226255	0.000135753	0	9.05018E-05	0	0.000135753	9.05018E-05	0	0	0	4.52509E-05	0	0	0	0	0	0	0	0	0.00049776	0.000543011	0.000678764	0.000271505	0.000181004	0.000181004	0.000181004
ASV1486	0	0	0	0.000181004	0	0.000181004	0	0.000633513	0	0	0.000633513	0	0.000316756	0	0.000362007	0.000271505	0	0	0	0	0.000316756	9.05018E-05	0.000181004	0	9.05018E-05	0	0.000226255
ASV1488	0	0	0	0	0	0	0.000271505	0	0	0	0	0.00049776	0.000452509	0	0	0.000543011	0	0.000543011	0.000181004	0.000588262	0	0.000362007	0	0	0	0	0
ASV1491	0	0	0	0	0	0.000226255	0	0.000226255	0	0.000452509	9.05018E-05	0	0	0	0	0.00049776	0.000271505	0.000226255	0	9.05018E-05	0.000407258	0	0.000181004	0.000181004	0	0	0
ASV1492	0	0.000271505	0.000769266	0.00049776	0.000407258	0.000271505	0.000271505	0	0	0	0	0	0	0	0	0	0	0	0	0	0	0	9.05018E-05	0.000226255	0	0.000316756	0.000362007
ASV1496	0	0	0	0	0	0	0	0	0	0	0	0	0	0	0	9.05018E-05	0.000316756	0.000588262	0.00049776	0.000271505	0.000226255	0.000181004	0.000316756	0.000226255	0.000181004	4.52509E-05	0.000316756
ASV1497	0	0	0.000135753	4.52509E-05	0.000316756	0	0	0.000316756	0.000135753	0	0.000407258	0.000135753	0.000135753	0.000135753	0	9.05018E-05	4.52509E-05	0	0.000135753	0	0.000135753	9.05018E-05	0.000135753	0.000135753	9.05018E-05	0.000181004	0.000181004
ASV1505	0	9.05018E-05	0.000181004	0.000316756	0.000135753	0.000724015	0.000316756	4.52509E-05	9.05018E-05	0.000135753	0	0	0	0	0	0	0	0	0	0	0.000135753	0.000181004	0.000135753	0.000362007	0.000271505	0.000226255	9.05018E-05
ASV1508	0	0	0	0	0	4.52509E-05	0.000271505	4.52509E-05	0	0.000135753	4.52509E-05	0	0.000135753	9.05018E-05	0	9.05018E-05	0	9.05018E-05	9.05018E-05	4.52509E-05	0	0	9.05018E-05	0	0	0	0
ASV1509	0	0	0	0	0	0	0	0	0	0	0	0.000543011	0	0	0	0.000271505	0	0	0	0	0	0	0	0	0	0	0
ASV1510	0	0	0	0	0	0	0	0	0	0	0	0	0	0	0	0	0	0	0	0	0.000226255	0.000226255	0.000226255	0.000859767	0.000859767	0.000407258	0.000135753
ASV1511	0	0.000271505	0	0	0.000271505	0	0	0.000135753	0.000181004	0	0	0	0	0	0.000271505	0.000226255	0	0.000181004	0.000271505	0.000271505	0.000452509	0.000271505	0.000181004	0	0	0.000362007	0
ASV1516	0	0	0	0	0	0	0	0	0	0	0	0	0	0	0	0	0	0	0	0	9.05018E-05	0	0	4.52509E-05	0	0	0.000135753
ASV1517	0	0	0.000135753	0	0	0.000452509	0.000362007	0	0	0	0.00049776	0.000316756	0.000859767	0.000316756	0	0.000362007	0	0	0	0	0	9.05018E-05	0	0	0	0	0
ASV1518	0	0	4.52509E-05	0	0	0	0	0.000226255	0.000543011	0.00049776	0	0.000135753	0.000135753	0.000135753	0.000226255	0.000181004	0.000226255	0.000226255	0.000181004	0.000135753	0.000271505	0.000135753	0.000181004	0	4.52509E-05	0	0
ASV1519	0	0	4.52509E-05	0.000181004	0	0	0.000181004	0.000181004	0.000226255	0.000407258	0.000271505	0.000135753	9.05018E-05	0	0	0.000135753	0.000135753	9.05018E-05	9.05018E-05	0.000181004	9.05018E-05	4.52509E-05	4.52509E-05	4.52509E-05	0.000135753	9.05018E-05	0.000271505
ASV1520	0	0	0	0	0	0	0	0	9.05018E-05	0	9.05018E-05	0	0	0	0	0	9.05018E-05	4.52509E-05	0	0	0	0	0	0	0	0	0
ASV1522	0	0	0	0	0.000135753	0.000226255	9.05018E-05	0	9.05018E-05	0	0.000135753	0.000226255	0.000181004	0.000362007	0.00049776	0.000362007	0.000271505	0.000316756	0.000135753	9.05018E-05	0.000135753	4.52509E-05	0	0	0.000226255	0	9.05018E-05
ASV1523	0	0	9.05018E-05	0.000271505	0.000181004	9.05018E-05	0.000135753	0.000271505	0.000271505	0	0	0.000271505	0	0.000135753	0	9.05018E-05	0.000316756	0	0	0	0.000271505	9.05018E-05	0.000271505	0	0.000135753	0	0.000271505
ASV1524	0	0	0	0	0	0	0.000135753	0	0	0	0	0	0	0	0	0	0	0	0	0	0	0	0	0	0	0	0
ASV1531	0	0	0.000271505	0.000181004	0.000316756	0	9.05018E-05	0.000271505	0	0	0	0	0	0	0	0	0	0.000135753	0.000226255	0	0.000181004	0.000407258	0.000362007	0	0	0.000407258	0.000407258
ASV1536	0	0	0	0	0	0	0	0	0	0	0	0	0	0	0	0.000226255	0	0	0	0	0	0.000226255	0	0	0	0	0
ASV1538	0	0	0	0	0	9.05018E-05	0	0	0	0	0	0	0	0	0	0	0	0	0	0	0	0	0	0.000181004	0	0.000271505	0
ASV1544	0	0	4.52509E-05	0	0	0	0	0	0	0	0	0	0	0	9.05018E-05	0	0.00049776	0.000588262	0.00049776	0.00049776	0.000271505	0.000362007	0.000271505	0.000271505	4.52509E-05	0	0
ASV1552	0	0	0	0	0	0	0	0	0	0	0	0	0	0	0	0	0	0	0	0	0.000769266	0.00099552	0.00099552	0	0	0	0.000407258
ASV1557	0	4.52509E-05	0	0	0	0	0	0	0	0	0	0	0	0	0	0	0	0	0	0	0	0	0	0	0	0	0
ASV1562	0	0	0	0	0	0	0.000181004	9.05018E-05	0	0	0	0.000181004	0.000135753	0	0.000226255	9.05018E-05	0.000135753	9.05018E-05	9.05018E-05	0.000226255	0.000271505	0.000181004	9.05018E-05	0.000181004	0	0.000226255	0.000181004
ASV1564	0	0	0	0	0.000316756	0.000452509	0.000316756	0.000271505	0.000452509	0.000181004	0.000362007	0	0	0	0	0	0.000135753	0	0	0	0	0	0	0	0	0.000316756	0
ASV1567	0	0	0	0	0	0	0	0	0	0	9.05018E-05	0	0	0	0	0	0	0	0	0	0	0	0	0	0	0	0
ASV1570	0	0	0	0	0	0	0.000135753	0.000316756	0.000226255	0.000362007	0	0	4.52509E-05	0.000181004	0.000316756	4.52509E-05	9.05018E-05	9.05018E-05	0	4.52509E-05	9.05018E-05	4.52509E-05	0	0	0	0	0
ASV1576	0	4.52509E-05	9.05018E-05	9.05018E-05	0	0	0.000135753	0.000135753	0	0.000226255	0.000135753	0.000362007	0.000316756	0.000362007	0.000452509	0.000407258	0.000271505	9.05018E-05	4.52509E-05	0	0	0	0	4.52509E-05	0	0	0
ASV1577	0	0	0	0	0	4.52509E-05	0.000181004	0	0	9.05018E-05	0	4.52509E-05	0	9.05018E-05	0	0	0	0	0	0	0	0	0	0	0	0	0
ASV1585	0	0	0	0	0	0	0.000316756	0	0	0	0	0.000543011	0.000452509	0.000407258	0.000271505	0.000181004	0.000362007	0.000316756	0.000226255	9.05018E-05	0	0	0	0	0	0	0
ASV1586	0	0	0	0	0	4.52509E-05	0.000135753	0.000226255	0	9.05018E-05	0	0	0.000362007	0.000181004	0.000181004	0.000226255	0.000181004	0.000226255	0.000181004	0.000181004	0.000181004	0.000181004	4.52509E-05	0.000135753	4.52509E-05	0.000135753	0
ASV1588	0	0	0	0	0	4.52509E-05	0	0	0	0	0	0	0	0	0	0	0	0	0	9.05018E-05	0	0	0.000181004	4.52509E-05	4.52509E-05	0	0
ASV1591	0	0	0	0	9.05018E-05	4.52509E-05	0	0.000769266	0.001040771	0	0.00099552	0.000181004	0	0	0	0	0	0	0	0	0	0	0	0	0.000181004	0	0
ASV1595	0	0	0	9.05018E-05	0.000181004	0	0.000135753	0	0	0	0	0	0	0	0	0	0	0	0.000316756	0	4.52509E-05	0	0	0	0	0	0.000226255
ASV1596	0	0	0	0	0	0	0	0	0	0.000316756	0.000271505	9.05018E-05	0.000226255	0.000271505	0.000271505	0.000271505	0.000135753	0.000362007	0.000362007	0.000226255	9.05018E-05	4.52509E-05	0	0.000181004	9.05018E-05	0	0.000135753
ASV1598	0	0.000135753	0.000135753	4.52509E-05	9.05018E-05	0	0.000135753	0.000226255	4.52509E-05	0.000226255	0.000135753	0.000271505	0.000226255	0.000226255	0.000226255	9.05018E-05	9.05018E-05	0.000226255	0.000226255	0	0.000181004	0.000135753	0	0	9.05018E-05	0	0
ASV1599	0	0	9.05018E-05	0	0	0	4.52509E-05	0	0	0	0	0	0	0	0	4.52509E-05	0	0	0	0	0	0	0	0	4.52509E-05	0	9.05018E-05
ASV1601	0	0	0	0	0	0	0	0	0	0	0	0	0	0	0	0	0	0	0	0	0	0	0	0.00149328	0.00099552	0.000724015	0
ASV1602	0	0	0	0	0	0	0	0	0	0	0	0	0	0	0	0	0	0	9.05018E-05	0	0	0	0	0	0	0	0
ASV1603	0	0	0.000135753	0	0	9.05018E-05	0	0	0	4.52509E-05	4.52509E-05	4.52509E-05	9.05018E-05	0	9.05018E-05	0.000181004	9.05018E-05	0	0.000135753	0.000226255	0	0.000271505	9.05018E-05	0.000181004	0.000181004	0.000226255	0.000135753
ASV1608	0	0	0	0	0	0	0	0.000135753	0	0	0	0	0	0.000181004	0	9.05018E-05	0	0	0	0.000271505	0.000362007	0.000135753	0	0.000135753	0	0.000181004	0.000271505
ASV1610	0	0	0.000181004	0.000316756	0.000181004	0	0	0	0	0	0	0	0	0	0	0	0.000271505	0	0	0	0	0	0	0	0	0.000226255	0
ASV1616	0	0	4.52509E-05	9.05018E-05	0	4.52509E-05	9.05018E-05	0.000181004	0.000226255	0	0.000181004	0.000226255	9.05018E-05	0.000226255	0.000226255	9.05018E-05	0.000271505	0.000135753	0.000135753	0.000135753	0	4.52509E-05	0	0	0	0	0
ASV1617	0	0	0	0	0	0	0	0.000226255	0	0.000407258	0.000271505	0.000316756	0	0	0	0	0.00049776	0.000362007	0	0	0.000452509	0.000226255	0	0	0	0	0
ASV1619	0	4.52509E-05	4.52509E-05	0	0.000226255	0	9.05018E-05	0.000135753	0	0.000226255	0.000135753	0.000271505	0.000135753	4.52509E-05	0.000271505	9.05018E-05	0.000226255	4.52509E-05	9.05018E-05	0	0	0	0.000181004	0	0	0	0
ASV1620	0	0	0	0	4.52509E-05	0	0	0	0	0	9.05018E-05	9.05018E-05	0.000135753	0	4.52509E-05	0	9.05018E-05	0	9.05018E-05	0	0	0	0	0	0	0	0.000135753
ASV1622	0	0.000181004	4.52509E-05	0.000271505	0	9.05018E-05	4.52509E-05	0.000135753	0.000181004	0.000226255	0	9.05018E-05	0.000181004	0.000181004	0.000226255	4.52509E-05	0.000135753	0	0	0.000135753	0.000135753	4.52509E-05	9.05018E-05	0	9.05018E-05	0	4.52509E-05
ASV1624	0	0.000135753	0.000362007	0.000135753	0.000316756	0.000271505	0	0	0	0	0	0	0	0.000271505	0.00049776	0	0	0	0.000362007	0	0	0	0.000271505	0	0	0	0.000407258
ASV1625	0	0	0	0	0	0	0	0	0	0	0	0	0	0	0	0	0	0.000135753	0.000543011	0.000543011	0.000633513	0.000543011	0.000271505	4.52509E-05	9.05018E-05	0	0
ASV1626	0	0	0.000181004	0	0	4.52509E-05	9.05018E-05	0	0.000135753	0.000135753	0.000181004	0.000271505	0.000316756	0.000271505	9.05018E-05	0.000226255	0.000135753	0.000226255	9.05018E-05	9.05018E-05	0.000362007	0.000226255	0	0	0	0	4.52509E-05
ASV1627	0	0	0	0	0	0	0	0	9.05018E-05	0	0	0.000316756	0.000316756	0.000678764	0.000271505	0.000452509	0.000407258	0.000271505	0.000181004	0	0	0	0	0	0	0	0
ASV1631	0	0	0.000181004	0	0	0	0	0	0	0	0	0	0	4.52509E-05	9.05018E-05	0.000135753	0.000181004	0.00049776	0.000362007	0.000135753	0	0.000181004	0.000226255	0	0.000362007	0	0
ASV1634	0	0.000181004	4.52509E-05	9.05018E-05	9.05018E-05	0	0	0	0	0	0	0	0	0	0	0	0	0.000271505	0.000543011	0.00049776	0.000407258	0.000362007	0.000226255	0	0	0	9.05018E-05
ASV1636	0	9.05018E-05	4.52509E-05	0	0	0	9.05018E-05	0	9.05018E-05	0	0	0.000271505	0.000226255	0.000407258	0	0.000316756	0.000271505	0.000362007	0.000181004	0	0.000226255	4.52509E-05	0.000226255	0	0	0	0
ASV1638	0	0	0	0.000181004	0	0	0	0	0	0.000181004	0	0	0	0	0	0.000135753	0	0	0	0	0	0	0	0	0	0	0
ASV1640	0	0	4.52509E-05	0	9.05018E-05	0	0	4.52509E-05	4.52509E-05	0	0.000181004	0.000316756	0.000316756	0.000316756	0	0.000407258	0.000362007	0.000271505	0.000181004	0	0	0	4.52509E-05	0	0.000135753	0	0
ASV1642	0	0	0.000181004	0	0	0.000135753	0	0.000226255	0	0	0	0	0.000226255	9.05018E-05	0.00049776	0.000678764	0	0	0.000407258	0	0	0	0	0	0	0	0
ASV1645	0	0.000135753	4.52509E-05	9.05018E-05	0	0.000226255	0	4.52509E-05	0.000181004	9.05018E-05	0.000135753	0.00049776	0.000316756	0.000271505	9.05018E-05	9.05018E-05	0.000135753	0.000181004	9.05018E-05	0.000181004	0	0	9.05018E-05	0	9.05018E-05	0	0
ASV1647	0	0	0.000316756	0.000135753	0.000316756	0.000407258	0.000316756	0	0.000181004	0.000181004	0.000271505	0.000226255	0.000316756	0.000226255	0	0	0	0	0	0	0	0	0	0	0	0	0
ASV1653	0	0	0	0	0	0	0	0	0	0	0	0.000135753	0	0	0	0	0	0	0	0	0.000135753	0	0	0	0	0	0
ASV1655	0	0	0	0	0	0	0	0	0	0	4.52509E-05	0.000316756	0.000271505	0.000271505	0	0.00049776	0.000362007	0.000226255	0.000226255	0.000181004	0.000181004	0	0	0.000135753	0	0	0
ASV1658	0	0	0	0	0	0	0.000226255	0.000271505	0.000543011	0.000452509	0	0.000226255	0.000271505	0.000226255	0	0.000181004	0	0	0	0.000181004	0.000226255	0	0	0	0	0	0
ASV1660	0	0	0	0.000135753	0	0	0	0	0	0	0	0	0	0	0	0	0	0	0	0	0	0	0	0	0	0	0
ASV1661	0	0	0	0	0	0	4.52509E-05	0.000362007	0.000407258	0.000316756	9.05018E-05	0.000135753	0.000181004	0.000316756	0	4.52509E-05	9.05018E-05	0	0	4.52509E-05	0	0	0	0	0	0	0
ASV1662	0	0.000135753	4.52509E-05	4.52509E-05	0.000135753	0	0.000135753	0.000543011	0.000543011	0.000271505	0.000271505	0.000181004	0.000181004	0.000226255	0.000181004	9.05018E-05	0	4.52509E-05	0	0	0	0	0	0	0	0	0
ASV1666	0	0	0	0	0	0	0	0	0	0	0	0	0	0	0	0	0.000362007	0	0	0	0.000407258	0	0.000226255	0	0	0.000407258	0
ASV1669	0	0	0.000362007	0	0	0	0	0	0	0	0	0	0	0	0	0	0	0	0	0	0.000407258	0	0	0	0	0	0
ASV1674	0	0	0	0	0	0	0	0	0	0	0	0.000724015	0	0	0	0	0	0	0	0	0	0	0	0	0	0	0
ASV1675	0	0	0	0.000362007	0.000452509	0.000271505	0.000407258	0.000316756	0	0.000271505	0	0	0.000181004	0	0.000135753	0	9.05018E-05	0	0	0.000135753	0	0	0	0	4.52509E-05	0	0
ASV1678	0	0	0	0.000271505	0	9.05018E-05	0.000181004	4.52509E-05	0.000316756	0.000181004	0	0	0.000271505	0.000181004	0.000181004	0.000362007	0	0.000135753	0	0	0.000181004	0.000135753	0.000135753	0	9.05018E-05	0	0
ASV1679	0	4.52509E-05	0	0	0	0	0	0	0	0	0	0	0	0	0	0	0	0	0	0	0	0	0	0	0	0	0
ASV1684	0	0.000181004	0.000271505	4.52509E-05	0	4.52509E-05	0	0	0	0	0	0	0	0	0	0	0	0	0	0	0	0	0	0	0	0	0
ASV1687	0	0	0	0	0	0	0	0	0	0	0	0	0	0.000407258	0.000362007	0.000588262	0.00049776	9.05018E-05	0.000226255	0.000181004	0.000226255	0	0.000135753	0	0	0	0
ASV1688	0	0	4.52509E-05	0	0	0	0.000181004	0.000271505	0	0.00049776	0.000181004	0	0.000271505	0.00049776	0	0.000316756	0.000135753	0	0	4.52509E-05	0	0.000135753	0	0	0	0	0
ASV1689	0	0	0	0	0	0	0	0	0	0	0	0	0	0	0	0	0	9.05018E-05	0.000135753	0	0.000181004	0.000316756	0.000271505	0	0	0	4.52509E-05
ASV1692	0	0	0.000181004	0.000181004	0	0	0.000135753	0.000135753	0.000316756	0.000271505	0	0.000226255	0.000271505	0.000181004	0	0	0	0	0.000226255	0.000316756	0	0.000181004	0	0	0	0	0
ASV1693	0	0	0	0	0	0.000181004	0.000226255	0	0	0	0	0	0	0	0	0	0	0	0	0	0	0	0	0	0	0.000316756	0.000362007
ASV1698	0	9.05018E-05	4.52509E-05	0	9.05018E-05	0	0.000226255	0	0	0.000135753	0.000181004	4.52509E-05	0.000181004	9.05018E-05	0.000135753	9.05018E-05	0	0	0	0	4.52509E-05	0	0	0	0	9.05018E-05	0.000135753
ASV1700	0	0	0	0	0	0	0	0.000316756	0	0.000181004	0.000181004	0	0.000271505	0.000271505	0.000407258	0.000271505	0.000452509	0	0.000135753	0.000181004	0	0	0	0	0	0	0
ASV1703	0	0	0	0.000226255	0	0.000181004	0.000271505	0.000226255	0.000181004	0.000271505	0	0	0.000226255	0.000226255	0.000181004	9.05018E-05	0.000316756	9.05018E-05	4.52509E-05	4.52509E-05	0	0	0	0	0	0	0
ASV1705	0	0	4.52509E-05	0.000181004	4.52509E-05	0.000181004	0.000226255	9.05018E-05	9.05018E-05	9.05018E-05	0.000135753	0.000181004	4.52509E-05	9.05018E-05	0	9.05018E-05	0	0	0.000226255	0	9.05018E-05	0	4.52509E-05	0.000181004	9.05018E-05	9.05018E-05	9.05018E-05
ASV1706	0	9.05018E-05	0	0	0	4.52509E-05	0	0	0	0	0	0	0	0	0.00049776	0.00099552	0.000633513	9.05018E-05	0.000135753	0	4.52509E-05	0	0	0	0	0	0
ASV1707	0	0	0	0	0	0	0	0	0	0	0	0	0	0	0	0	0	0	0	0	0	0	0	0.000271505	0.00049776	0.00049776	0.000407258
ASV1710	0	0	0	0	0	0	0	0	0	0	0	0.000362007	0.000271505	0.000633513	0.000316756	0.000316756	0	0.000181004	0	0	0	0	0.000135753	0	0	0	0
ASV1711	0	0	0	0	0	0	0.000678764	0	0.000633513	0	0	0	0.000543011	0	0	0	0	0	0	0	0	0	0	0	0.000859767	0	0
ASV1715	0	0	0.000181004	0	0	0	0	4.52509E-05	0	0	0	0	9.05018E-05	0.000271505	0.000226255	0.000181004	0	0	0.000316756	0.000271505	0.000362007	0.000181004	0	0	0	0	0.000226255
ASV1716	0	9.05018E-05	9.05018E-05	0.000181004	0	0	0	0	4.52509E-05	0	0	0	0.000181004	9.05018E-05	0	0	9.05018E-05	0.000181004	9.05018E-05	0	0.000226255	0.000181004	0.000226255	0.000181004	0.000181004	0.000135753	0.000135753
ASV1717	0	0	0	0	0	4.52509E-05	4.52509E-05	0	0	0	0	0	0.000181004	0.000181004	0	0	9.05018E-05	0	0.000407258	0.000181004	0.000316756	0.000181004	0.000181004	0	0.000452509	0	0
ASV1720	0	4.52509E-05	0	0	0	0	0	0	0	0	0	0	0	0	0	0	0	0	0	0	4.52509E-05	0	0	0	0	0	0
ASV1724	0	0	0	4.52509E-05	9.05018E-05	0.000181004	0.000316756	0.000181004	0.000226255	0.00049776	0.000135753	0	0	4.52509E-05	0	0.000135753	0	0	0.000226255	0	0.000135753	9.05018E-05	0.000135753	0	0	0.000226255	0.000135753
ASV1732	0	0	0	0	0	0	4.52509E-05	0	0	0	0	0	0	0	0	0	0	0	0	0	0.000135753	0	0	0	0	0	9.05018E-05
ASV1736	0	0.000181004	0.000135753	0	9.05018E-05	0	0	0.000135753	4.52509E-05	4.52509E-05	0.000135753	0	9.05018E-05	0	0.000226255	4.52509E-05	9.05018E-05	0.000135753	4.52509E-05	9.05018E-05	0	0.000181004	0	0	9.05018E-05	0	4.52509E-05
ASV1737	0	0	0	0	0	0	0	0	0	0	0.000135753	0	0	0	0	0	0	0	0	0	0	0	0	0	0	0	0
ASV1739	0	0	0	0	0	0	0	0	0	0	9.05018E-05	0	0	9.05018E-05	0	4.52509E-05	0.000226255	0.000543011	9.05018E-05	0.000135753	0.000407258	0.000226255	0	0	4.52509E-05	0	0.000181004
ASV1743	0	0	0	0	0	0	0	0	0	0	0	9.05018E-05	0.000181004	0	0	0	0	0	0.000226255	0.000633513	0	0	0.000135753	0.000543011	0	0.000724015	0
ASV1751	0	0	0	0	0.000271505	0	0	0	0	0	0	0.000362007	0.000407258	0	0.000226255	0.000316756	0.000362007	0	0	0	0.000271505	0	0	0	9.05018E-05	0	0
ASV1759	0	0	0	0	0	0	0	0	0.000362007	0	0.000407258	0	0	0.000226255	0	0.000226255	0	0.000271505	0	0	0.000271505	0.000271505	0	0.000362007	0	0	0.000181004
ASV1762	0	0	0.000226255	4.52509E-05	0.000362007	0.000181004	0.000271505	0.000135753	0.000271505	0	0	0	0.000271505	0	9.05018E-05	0.000135753	9.05018E-05	0.000135753	0.000226255	0	0	0.000135753	0	0	0.000135753	0	0
ASV1766	0	0	0	0	0	0	0	0	0	9.05018E-05	0	0	0	0	0	0	0	0	0	0	0	0	0	0.000724015	0.000633513	0	0
ASV1768	0	0	0	0	0	0	0	0	0	0	0	0	0	0	0	0	0	0	0.000316756	0.00049776	0.000452509	0.000814516	0.000181004	0	9.05018E-05	0	0
ASV1769	0	0	0.000135753	0	0	0	0	0	0	0	0	0	0	0	0	0	0	0	0	0	0	0	0	0	0	0	0
ASV1770	0	9.05018E-05	0	0.000181004	4.52509E-05	0	0.000135753	0	0.000181004	0.000181004	0.000181004	0.000316756	0.000407258	0.000316756	0	0	0	0.000316756	0	0	0	0.000135753	9.05018E-05	0	0	0	0
ASV1771	0	0	0	4.52509E-05	0	0	0	9.05018E-05	0	0	0	0	0	0	0	9.05018E-05	0	0	0	0	0	0	0	0	0	0	0
ASV1773	0	4.52509E-05	0	0.000316756	0.000362007	0.000271505	0.000407258	0	9.05018E-05	0.000362007	9.05018E-05	0.000316756	4.52509E-05	0.000181004	0	9.05018E-05	0	0	0	0	0	0	0	0	0	0	0
ASV1774	0	0	0.000543011	0	0.00049776	0	0	0.000271505	0	0	0.000362007	0	0	0.000181004	0	0	0	0.000226255	0	0	0	0	0	0.000271505	0	0.000181004	0
ASV1778	0	0	0	0	0	0	0	0	0	0	0	0	0	0	0	0	0	0	0	0	0	0	0	0	0	0.000181004	9.05018E-05
ASV1781	0	0	0.000226255	0	0.000316756	0.000181004	0	0.000181004	0.000135753	0	0.000135753	0	9.05018E-05	0	0	0	0	0	0	0.000181004	0	9.05018E-05	0.000181004	0.000135753	0.000181004	0	0.000316756
ASV1786	0	4.52509E-05	0	0	0	0	0	0	0	9.05018E-05	0	0	0	0	0	0	0.000135753	0.000226255	0.000362007	0	0.000181004	0	0	0	0	0	0
ASV1788	0	0	0	0	0	0	0	0	0	0	0	0	9.05018E-05	0.000181004	0.000271505	0.000271505	0.000271505	0.000271505	0.000135753	0	0	0	0	0	0	0.000181004	0.000226255
ASV1791	0	0	0	0	0	0.000135753	0	0	0	0	0	0	0.000226255	0.000135753	9.05018E-05	0	0	0	0	0.000226255	0.000226255	0.000226255	0.000316756	0	0	0	9.05018E-05
ASV1793	0	0.000724015	0.000633513	0.000724015	0.000362007	0	0	0	0	0	0	0	0	0	0	0	0	0	0	0	0	0	0	0	0	0	0
ASV1795	0	0	0	0	0	0	0	0.000226255	0.000226255	0	0	0.000181004	0	0	0	0.000181004	0.000226255	0.000226255	0.000226255	0.000452509	0.000181004	0.000226255	0	0	0	0	0
ASV1796	0	0	0	0	0	0	0	9.05018E-05	9.05018E-05	9.05018E-05	0.000181004	0	0.000135753	9.05018E-05	0.000271505	9.05018E-05	9.05018E-05	0	0	0	0	0	0	0	0	0	0
ASV1797	0	0	4.52509E-05	4.52509E-05	0	4.52509E-05	9.05018E-05	0	0.000135753	9.05018E-05	0.000271505	0.000135753	0.000135753	0.000181004	9.05018E-05	0.000316756	0.000135753	0.000226255	0	9.05018E-05	0	0	0	0	0	0	0
ASV1801	0	0	0	4.52509E-05	0	0	0	0.000135753	0.000226255	0.000271505	0	0.000181004	0.000181004	0.00049776	0.000181004	0.000181004	4.52509E-05	0.000135753	0	0	4.52509E-05	9.05018E-05	0	0	0	0	0
ASV1807	0	0.000135753	0.000226255	0.000226255	4.52509E-05	0	0.000135753	0	0	0	0	0	4.52509E-05	0	0.000135753	0	0	0	0	4.52509E-05	0.000135753	0	0	9.05018E-05	0.000135753	0	0.000226255
ASV1808	0	0	0	0	0	0	0	0	0	0	0	0	0	0	0	0	0	0.000316756	0.000271505	0	0	0	0	0	0	0	0
ASV1809	0	0	0.000135753	0	0	0	0	0	0	0	0	9.05018E-05	0	0	0	4.52509E-05	0	0	0	0	0	0	9.05018E-05	4.52509E-05	0.000181004	0	0.000271505
ASV1810	0	0.000135753	0	4.52509E-05	0	0	0.000135753	0	0	9.05018E-05	0	0.000135753	9.05018E-05	0	9.05018E-05	0.000226255	0.000135753	0.000181004	0.000181004	0.000226255	0.000271505	9.05018E-05	0	0	0	9.05018E-05	9.05018E-05
ASV1816	0	0	0	0	0	0	0	0	0	0	0	0	0.000181004	0	0	0.000226255	0.000543011	0.000407258	0	0	0	0	0	0	0	0.00049776	0.000633513
ASV1817	0	0	0.000316756	0	0.000316756	0	0	0.000135753	0.000181004	0	0	0	0	0	0	0	0.000271505	0.000271505	0	9.05018E-05	0	0	9.05018E-05	0.000181004	0.000181004	0	0.000316756
ASV1818	0	0	0	0	0	0	0	0	0	0	0	4.52509E-05	0	0	0	0	0	0	0	0	0	0	0	0	0	0	0
ASV1821	0	0	0	0	0	0	0.000181004	0.000181004	0.000407258	0.00049776	0	0.000362007	0	0.000181004	0.000271505	0.000271505	9.05018E-05	0	0	0	0	0	0	0	0	0	0
ASV1823	0	0	0.000226255	0	0	0.000135753	0	0.000226255	0	0.000407258	0	0.000135753	0.000135753	0.000226255	0.000226255	0.000135753	0	0	0	9.05018E-05	0.000181004	0	0	0	0	0	0
ASV1826	0	0	0	0	0	0	0	0	0	0	0	0	0	0	0	0	0	0	0	0	0	4.52509E-05	0	0	0	0	0
ASV1830	0	0	0	0	0.000271505	0.000181004	0.000316756	0.000226255	0.000226255	0.000316756	0.000226255	0.000226255	0.000135753	4.52509E-05	0.000135753	0	0	0	9.05018E-05	0	0	0	0	0	0	0	0
ASV1832	0	0	0	0	0	0	0	0.00049776	0.00049776	0.000271505	0.000226255	0.000226255	0.000226255	0.000316756	0.000181004	0.000135753	0	0	0	0	0	0	0	0	0	0	0
ASV1834	0	0	0	0	0	0	0	0	0	0	0	0	0	0	0	0	0	0	0	0.000814516	0.001221775	0	0	0	0	0	0
ASV1835	0	0	0.000135753	0.000135753	0	9.05018E-05	9.05018E-05	0.000271505	0.000226255	0.000181004	0	9.05018E-05	0.000181004	0	0.000135753	9.05018E-05	9.05018E-05	0	4.52509E-05	0	9.05018E-05	0.000181004	0	9.05018E-05	4.52509E-05	0	0
ASV1837	0	0	0	0	0	0	0	0	0	0	0	0	0	0	0	0	0	0	0	0	9.05018E-05	0	0	0	0	0	0
ASV1838	0	0	0	0	0.000135753	0	0	0.000271505	0.000362007	0.000588262	0	0	0	0	0	0	0	0	0	0	0.000226255	0.000135753	0.000135753	0.000271505	0	0.000135753	0
ASV1840	0	0	0	0	0	0	0	0	0	0.000316756	0.000271505	0	0.000362007	0.000181004	0.000271505	0.000181004	0.000181004	0.000226255	0	0	0.000181004	0	0	0	0	0	0.000181004
ASV1841	0	0	0	0	0	0	0	0	0	0	0	0	0	0	0	0	0	0	0	0	0.001900538	0	0	0	0	0	0
ASV1842	0	0	0	0	0	0	0.000135753	0.000181004	0.000452509	0.000724015	0.000135753	0.000407258	0.000181004	4.52509E-05	0.000181004	0	0	0	0	0	4.52509E-05	0	0	0	0	0	0
ASV1843	0	0	0	0	0	0	0	0	0	0	0	0	0	0	0	0	0	0.000362007	0.000859767	0.000271505	0.000362007	0.000226255	0	9.05018E-05	0	0	0
ASV1848	0	0	0	0	0	0	0	0	0	0	0	0	0.000362007	0.000588262	0.00049776	0.000362007	0.000135753	9.05018E-05	4.52509E-05	0	9.05018E-05	0	0	0	0	0	0
ASV1851	0	0	0	0	0	0	0	0.000135753	0.000181004	0	0.000135753	0	0	0	0	0	0	0	0	0	0	0	0	0	0	0	0
ASV1859	0	0	0	0	0.000226255	0.000181004	0	0.000362007	0	0.000181004	0.000226255	0.000271505	0	0	0.000181004	0.000135753	0.000135753	0	0	9.05018E-05	0	0.000135753	0	9.05018E-05	0	0	0
ASV1860	0	0	0	0	0	0	0	4.52509E-05	9.05018E-05	0	0	0.000135753	0	0	0	9.05018E-05	0	4.52509E-05	0	0	4.52509E-05	0	0	0	0	0	0
ASV1862	0	0	0	0.000633513	0	0	0.000407258	0	0	0.000271505	0	0	0	0	0	0	0	0.000271505	0.000226255	0.000316756	0	0	0	0	0	0	0
ASV1865	0	0	0.000135753	0	0.000181004	4.52509E-05	0.000135753	0	9.05018E-05	0	0	0	0	0.000226255	0	0	0	0	9.05018E-05	0	0.000135753	0.000181004	0	0	0	0	0.000181004
ASV1866	0	0	0	0	0	0	0	0	0	0	0	0	0	0.000226255	0	0	0.000226255	0	0	0	0	0	0.000181004	0.000226255	0	0	0
ASV1867	0	0	0	9.05018E-05	0	0.000271505	9.05018E-05	0.000135753	0.000226255	0	0.000226255	0.000135753	0.000271505	0	0.000135753	0	0	0.000135753	0.000226255	0	0	0.000135753	0	0	0	0	0
ASV1872	0	0.000407258	0.000181004	0.000316756	0.000181004	0.000362007	0.000226255	9.05018E-05	0.000135753	0	0	0	0	0	0	0	0	4.52509E-05	0	0	0	0	0	0	0.000135753	0	9.05018E-05
ASV1877	0	4.52509E-05	0	0	0	0	0	0	0	0	0	0.00049776	0	0	0	0.00049776	0.000407258	0	0.000226255	0	0	0	0	0	0	0	0
ASV1878	0	0	0	0	0	0	0	0.000271505	0	0.000362007	0	0	0	0	0	0	0	0	0	0	0	0	0	0	0	0	0
ASV1880	0	0	0	0	0	0	0	0	0	0	0	0	0	0	0	0.000588262	0	0.00049776	0.000588262	0.000452509	0	0	0	0	0	0	0
ASV1881	0	0	0	0	0	0	0	0	0	0	9.05018E-05	0	0.000316756	0.000181004	0.000271505	0.000181004	0	9.05018E-05	0.000362007	0.000181004	0	0.000271505	9.05018E-05	4.52509E-05	0	0	0
ASV1882	0	0	0.000181004	4.52509E-05	0.000452509	0.000271505	9.05018E-05	0.000181004	0	0	0	0	0	0	0	4.52509E-05	0	0	0	0	0	9.05018E-05	0	0	0	0	0
ASV1883	0	0	0	0	0	0	0	0	0	0	9.05018E-05	0.000181004	0.000316756	4.52509E-05	0.000226255	0.000181004	0.000271505	0.000226255	0.000316756	0.000226255	4.52509E-05	0	0.000135753	0	0	0	0
ASV1887	0	0	0	4.52509E-05	0	0	0.000135753	0.000181004	9.05018E-05	0.000316756	0.000135753	4.52509E-05	0.000181004	0.000407258	0	9.05018E-05	4.52509E-05	4.52509E-05	4.52509E-05	0	0.000181004	9.05018E-05	0	9.05018E-05	0.000135753	0	0
ASV1891	0	0	0	0	0	0	0	0	0	0	0	0	0	0	0	0	0	0	0	0	0	0	0	0	0.000226255	0.001221775	0.000859767
ASV1893	0	0	0.000135753	0.000135753	9.05018E-05	9.05018E-05	0.000181004	0.000271505	0.000226255	0.000135753	0.000271505	0	0.000135753	0.000316756	9.05018E-05	0	0	9.05018E-05	0	4.52509E-05	0	0	0	0	0	9.05018E-05	0
ASV1894	0	0	0.000724015	0	0.000633513	0.000452509	0	0.000271505	0	0	0	0	0	0	0	0	0	0	0	0	0	0	0	0	0	0	0
ASV1896	0	0	0	0	0	0	0	0	0	0	0.000226255	0	0.000135753	0	0.000271505	0	0	0	0.000271505	0.000226255	0	0.00049776	0.000678764	0	0	0	0
ASV1900	0	0	0	0	0	9.05018E-05	0	0	0	0	0	0	0	0	0	0	0	0	9.05018E-05	4.52509E-05	0	0	0	0	0	0	0
ASV1901	0	0	0	0	0	0	0	0	0	0	4.52509E-05	0	0	0	0	0	0	0	0	0	0	0	0	0	0	0	0.000135753
ASV1903	0	0	4.52509E-05	0	9.05018E-05	0	0.000226255	0.000316756	0.000407258	0.000271505	0.000362007	0.000226255	0	0	0	0	0.000135753	4.52509E-05	0.000135753	0	9.05018E-05	0	0	0	0	0	0
ASV1909	0	0	0.000135753	0	4.52509E-05	0	0	0	0	0	0	0	0.000135753	0.000181004	0	0.000226255	0.000135753	0	0	0	0.000316756	0.000362007	0	0	9.05018E-05	0	0.000181004
ASV1910	0	0	0	0	0	0	9.05018E-05	0	0.000226255	0.000135753	0	0.000181004	0	0	0	0	0	0	0	0.000181004	0.000362007	0.000181004	0.000226255	0	0	0	0.000135753
ASV1911	0	0	0	0	0	0	0	0	0	0	0	0	0	9.05018E-05	0	4.52509E-05	9.05018E-05	9.05018E-05	0	0	0	4.52509E-05	0	0	0	0	0
ASV1914	0	0	0	0	0	0	0	0	0	0	0.000135753	0.000226255	0	0.000181004	0.000226255	9.05018E-05	4.52509E-05	0	9.05018E-05	0	0	0	0	0	0	0	0
ASV1915	0	0	0	0	4.52509E-05	0	0	0	0	0	0	0	0	9.05018E-05	0	0	0	0	0	0	0	0	0	0	4.52509E-05	0	0
ASV1922	0	0	0	0	9.05018E-05	0.000181004	0	0	0	0	0.00049776	0.000226255	0.000407258	0	0	0	0.000362007	0	0	0	0	0	0	0	0	0.000271505	0.000226255
ASV1923	0	0.000769266	0.000543011	0.000588262	0	0	0.000135753	0	0	0	0	0	0	0	0	0	0	0	0	0	0	0	0	0	0	0	0
ASV1926	0	0	0	0	0	0	0	0	0	0	0	4.52509E-05	0	0	0	0	0	0	0	0	0	0	0	0	0	0	0
ASV1927	0	0	0	0	0	9.05018E-05	0	0.000181004	0.000181004	0	9.05018E-05	0	0	0.000407258	0	0	0	0.000181004	0.000135753	0.000135753	0	0	0.000181004	0	0.000316756	0.000181004	0
ASV1928	0	0	0	0	0	0	0	0	0	0	0	0	0	0	0.000633513	0	0	0	0.000769266	0.000678764	0	0	0	0	0	0	0
ASV1930	0	0	0	0	0	0	0	0	9.05018E-05	0	0	0	0.000316756	0.000316756	0.000452509	0	0.000226255	0.000362007	0	0.000135753	0	0.000271505	0	0	0	0	0
ASV1931	0	0	0	0	0	0	0	0	0.000362007	0	0.000724015	0.000859767	0	0	4.52509E-05	9.05018E-05	0.000181004	4.52509E-05	0	0	0	0	0	0	0	0	0
ASV1932	0	0	0	0	0	0	0	0	0	0	0	0	0	0.000362007	0.000226255	0.000135753	0.000135753	0.000316756	0.000271505	0.00049776	0	0.000181004	9.05018E-05	0	4.52509E-05	0	0
ASV1935	0	0	0	0.000135753	0	0.000407258	0	0	0	0	0	0.000135753	0	0	0	0	0	0	0	0	0.000181004	0	0	0	0	0.000181004	0.000226255
ASV1939	0	0	0	0	0	0	0	0	0	0	0	0	0.00099552	0.000633513	0	0.00049776	0	0	0	0	0	0	0	0	0	0	0
ASV1941	0	0	0	0	0	4.52509E-05	0	0	0	0	0	0	0	0	0	4.52509E-05	0.000135753	0	0	0	4.52509E-05	0	0	0	0	0	0
ASV1942	0	0	0	0	0	0	0	0	0.000226255	0.000226255	9.05018E-05	0.000135753	0	0	0.000271505	0.000362007	0.000452509	0.000271505	4.52509E-05	9.05018E-05	4.52509E-05	0	0	0	0	0	0
ASV1946	0	0	0	0	0	0	0	0	4.52509E-05	9.05018E-05	4.52509E-05	0	0	0	0	0	4.52509E-05	0	0	0	0	0	0	4.52509E-05	0	9.05018E-05	0
ASV1955	0	0	9.05018E-05	0	0.000135753	0	0	0	0	0	0	0	0	0	0	0	9.05018E-05	0	0.000135753	0.000135753	0.000135753	0.000226255	0.000181004	0.000181004	0.000135753	4.52509E-05	0.000135753
ASV1957	0	0.000316756	0	0	0	9.05018E-05	9.05018E-05	9.05018E-05	0.000226255	0	0	0	0.000316756	4.52509E-05	9.05018E-05	0	0	0	0	0	9.05018E-05	0.000135753	9.05018E-05	4.52509E-05	0.000135753	0	0.000181004
ASV1962	0	0	0	0.000271505	0	0.000316756	0.000407258	0.000316756	0.000226255	0.000543011	0	0	0	0	0	0	0	0	0	0	0	0	0	0	0	0	0
ASV1963	0	0	0	0	0	0	0	0	0	0	0	0	0	0	0	0	0	0	0	0	0	0	0	0	9.05018E-05	0	0
ASV1968	0	0	0	0	0	0	0	0	0	0	0	0	0	0	0	0	0	0	0	0	0	0	0	0	0	0.000181004	0
ASV1970	0	0	9.05018E-05	0.000181004	0	0.000181004	0	0.000135753	4.52509E-05	0	9.05018E-05	4.52509E-05	0.000181004	4.52509E-05	0	0.000135753	9.05018E-05	9.05018E-05	0.000181004	0	0.000135753	0.000135753	0	0	4.52509E-05	0	0
ASV1974	0	9.05018E-05	0.000362007	0.000181004	0.000226255	0	0.000181004	0	9.05018E-05	4.52509E-05	0	0	9.05018E-05	0	0	0	0	0	0	0	4.52509E-05	0	4.52509E-05	0	0	0	0
ASV1977	0	0	0	0.000407258	0	0	0	0.000316756	0.000543011	0	0	0	0.000362007	0	0	0	0	0	0	0	0	0	0	0.000316756	0	0	0
ASV1978	0	0	0	0	0	0	0	0	0	0	0	0	0	0	4.52509E-05	0	0	0	0	0	0	0	0	0	0	0	0
ASV1979	0	0	0.000135753	0	0.000181004	0.000135753	0	0.000135753	0.000135753	9.05018E-05	4.52509E-05	0.000226255	0	0	4.52509E-05	0	0	0	4.52509E-05	0	0	4.52509E-05	4.52509E-05	9.05018E-05	0	0	0
ASV1980	0	0	0	0.000181004	0	9.05018E-05	0.000181004	0	0	0	0	0	0	0.000135753	0	0	0	4.52509E-05	0	4.52509E-05	0.000135753	0.000135753	0.000181004	0.000316756	0.000271505	0.000181004	0.000271505
ASV1981	0	0	9.05018E-05	4.52509E-05	0	0	4.52509E-05	0	0.000135753	0.000316756	0	0.000135753	0	0	0.000135753	0.000135753	0	9.05018E-05	4.52509E-05	0.000181004	0.000135753	0.000135753	0	9.05018E-05	0	0	0.000135753
ASV1990	0	0	0	0	0	0	0	0	0	0	0	0	0	0	0	0	0	0	4.52509E-05	0	0	0	0	0	0	0	0
ASV1994	0	0	0	0	0	0	0.000316756	0.000226255	0.000135753	0.000633513	0.000226255	0.000271505	0	4.52509E-05	0	0	0	4.52509E-05	0	0	0	0	0	0	0	0	0
ASV1995	0	0.000226255	0	0	0	0	0.000226255	0	0	0	0	0	0	0	0	0	0	0	0	0.000135753	0.000316756	0	0	0.000316756	0.000226255	0	0
ASV1996	0	0	0	0	0	0.000135753	0	0.000181004	0.000452509	0.000181004	0.000181004	0	0.000271505	0.000316756	0.000135753	9.05018E-05	0	0	0.000135753	0	9.05018E-05	0	0	0	0	0	0
ASV1997	0	0	4.52509E-05	4.52509E-05	9.05018E-05	0	4.52509E-05	0	0	0	4.52509E-05	0	0.000181004	0.000181004	0.000226255	0.000226255	4.52509E-05	0.000181004	0.000135753	0	0.000135753	0	0.000181004	0	0	0	0
ASV2001	0	0	0	0	0	0	0	0	0	0	0	0	0	0	0	0	0	0	0.000407258	0	0.000316756	0	0	0	0	0.000814516	0.000452509
ASV2002	0	0	0.000135753	0	0.000181004	0.000135753	0.000407258	0.000316756	0	0.000271505	0	0	0	0	0	0	0	0.000181004	0	0.000135753	0	9.05018E-05	0	0	0	9.05018E-05	0
ASV2005	0	0	0	0	9.05018E-05	0.000181004	0	0.000181004	0.000135753	0	0.000135753	0.000407258	9.05018E-05	0.000407258	0	0.000135753	9.05018E-05	9.05018E-05	0	0	9.05018E-05	0	0	0	0	0	9.05018E-05
ASV2006	0	0	9.05018E-05	0.000316756	0	0	0.000135753	0	0	0.000135753	0	0.000135753	0.000135753	0	0	0.000135753	0.000271505	0	0	0	0.000271505	0	0.000271505	0	0	0	0
ASV2009	0	0	0	0	0	0	0	0	0	0.000181004	0.000181004	0.000181004	0.000226255	0.000181004	0.000362007	0.000135753	0.000181004	0.000226255	0	0.000316756	0	0	0	0	0	0	0
ASV2010	0	0	0	0	0	0	0	0	0	0	0	0	0	0	0	0	0	0.000181004	9.05018E-05	0.000181004	0.000181004	0.000271505	0.000316756	9.05018E-05	9.05018E-05	0	0
ASV2012	0	0	0	0	0.000226255	0	0	0	0.000181004	0	0	0.000271505	0	0.000271505	0.000226255	0.000271505	0	0.000226255	0.000226255	0	4.52509E-05	0	0	0	0.000181004	0	0
ASV2019	0	0	0	0	0	0	0	0	0	0	0	0	0	0	0	0	0	0	0	0	0.000135753	0.000633513	0.000588262	0.000135753	0.000316756	4.52509E-05	0.000226255
ASV2021	0	0	0	0	0	0	0	0	0	0	0	0	0	0	0.000226255	0.000135753	0.000181004	0.000316756	0.000135753	4.52509E-05	0.000181004	9.05018E-05	9.05018E-05	0.000135753	0.000135753	0.000181004	4.52509E-05
ASV2023	0	0.000135753	0	0	4.52509E-05	0	0	4.52509E-05	0.000271505	0.000181004	0	0.000181004	0	0.000181004	0.000135753	0.000181004	0.000271505	0	0	4.52509E-05	0.000135753	0	0	0	0	0	4.52509E-05
ASV2029	0	0	0	0	0	0	0	0	0	0	0	0	0	0.000135753	0	0.000226255	0	0.000181004	0	9.05018E-05	0.000181004	0	0	0	0	0	0.000135753
ASV2032	0	9.05018E-05	0.000181004	0	0	0.000135753	0.000135753	0	0	0	0	9.05018E-05	0	0	0	0	0	0.000135753	0.000135753	0	0	0.000226255	0.000181004	0	0.000135753	0.000135753	0.000181004
ASV2037	0	0	0	0	0	0.000407258	0.000452509	0.000226255	0.000271505	0.000226255	0.000135753	0.000181004	0	0	0	0	0	0	0	0	0	0	0	0	0	0	0
ASV2040	0	0	0	0	0	9.05018E-05	0.000226255	0.000135753	0	9.05018E-05	4.52509E-05	0	9.05018E-05	9.05018E-05	0.000135753	9.05018E-05	0.000226255	9.05018E-05	0.000135753	0	9.05018E-05	9.05018E-05	0	0	0	9.05018E-05	0
ASV2041	0	0	0.000633513	0	0.000678764	0	0	0	0	0	0	0	0	0	0	0	0	0	0	0	0	0	0	0	0	0	0
ASV2042	0	0	0	0	0	0	0	0	0	0	0	0	0	0	0	0.000135753	0.000226255	0	9.05018E-05	0.000181004	0	0.000271505	9.05018E-05	0.000271505	0.000407258	0	0.000271505
ASV2044	0	0.000226255	4.52509E-05	0	0	4.52509E-05	0	0	0	4.52509E-05	0	4.52509E-05	0	0	0.000135753	9.05018E-05	0.000135753	0.000135753	0	0.000181004	0.000135753	9.05018E-05	9.05018E-05	0.000271505	0.000135753	0	4.52509E-05
ASV2046	0	0	0	0	0	0	0	0	0	0	0	0	0	0.000543011	0	0	0	0	0	0	0.000271505	0	0	0	0	0	0
ASV2047	0	0	4.52509E-05	0	0	9.05018E-05	0.000135753	0	0	0.000135753	0	0	0	0	0	0	0	0	0	0	0	0	0	0	0	4.52509E-05	0
ASV2057	0	0	0.000362007	0.000407258	9.05018E-05	0.000135753	0.000407258	4.52509E-05	0	0	0	0	0	0	0	0	0	0	0	0	0	0	0	0	0	0	0.000362007
ASV2058	0	0	0	0	0	0	0	0	0	0	0	0.000316756	0	0.000226255	0	0.000362007	0.00049776	0	9.05018E-05	0.000226255	0	0	0	0	0	0	0
ASV2063	0	0	4.52509E-05	0	9.05018E-05	0	0	0	0	0	0	0	0	9.05018E-05	0	0.000135753	0	9.05018E-05	9.05018E-05	0	0.000181004	0.000226255	0.000135753	9.05018E-05	0	0	0
ASV2066	0	0	0	0	0	0	0	0	0	0	0	0	0	9.05018E-05	0	0	0	0	0	0	0	0	0	0	0	0	0
ASV2069	0	4.52509E-05	0	0	0	0	9.05018E-05	4.52509E-05	0	0	0	0	0	0.000135753	0	0	0	4.52509E-05	9.05018E-05	4.52509E-05	0.000226255	9.05018E-05	0.000226255	0.000226255	0.000181004	9.05018E-05	0.000135753
ASV2071	0	0	0	0	0	0	4.52509E-05	0	0	0	0.000135753	9.05018E-05	9.05018E-05	0.000135753	9.05018E-05	0	0	0	0.000181004	9.05018E-05	4.52509E-05	0.000181004	0	0	0	0	0.000135753
ASV2074	0	0	0	0	0	0	0	0	0	0	0	0	0	0	0	0	0	0	0	0	0	0	0.000135753	0	0	0	0
ASV2079	0	0	0	0	0	0	0	0	0	0	0	0	0	0.000316756	0	9.05018E-05	0	9.05018E-05	9.05018E-05	0	9.05018E-05	0	0	0	0	0	0
ASV2083	0	0	0	0	0	0	0	0	0	0	0	0	0	0	0	0	0	4.52509E-05	0	9.05018E-05	0	0	0	0	0	0	0
ASV2084	0	0	0.000181004	0	0	0	0	0	0	0	0	0	0	0	0	0	0	0	0	0	0	0	0	0	0	0	0
ASV2085	0	0.000452509	0.000271505	0	0	0.000226255	0	0	0.000407258	0	0	0.00049776	0	0	0	0	0	0	0	0	0	0	0	0	0	0	0
ASV2086	0	0	0	0	0	0	0	0.000181004	0	0	0	0	0	0.000226255	0	0.00049776	0.000181004	0.000181004	0	0	0	0	0	0	0	0	0
ASV2093	0	0.000135753	0	0.000135753	0	0	0	0	0.000181004	0	0	0.000316756	0	0.000135753	0.000226255	0	0	0.000226255	0.000226255	0	9.05018E-05	0	0	0	0	0	0.000135753
ASV2095	0	0	0	0.000316756	0	0	0	0	0	0	0	0	0	0	0	0	0	0	0	0	0	0	0	0	0	0	0
ASV2096	0	0	0	0	0	4.52509E-05	0	0	0	0	0	0	0	0	0	9.05018E-05	0	0	0	0	0	0	0	0	0	0	0
ASV2097	0	0	0	0	0	9.05018E-05	0	0	0	0	0	0	0.000271505	0	0	0	0	0	0	0	0	0	0	0	0	0	0
ASV2099	0	0	0	0	0	0	0	0	0	0	0	0	0	0	0	0	0	0	0	0	4.52509E-05	0	0	0	0	0	0
ASV2100	0	0	0	0	9.05018E-05	4.52509E-05	0	0	9.05018E-05	0	0	0	0.000135753	0.000135753	9.05018E-05	0.000135753	9.05018E-05	0	0	0	0	0	0	0	0	0	0.000407258
ASV2101	0	0	0	0	0	0	0.000135753	0	9.05018E-05	0	0	0.000452509	0.000181004	9.05018E-05	0	0	4.52509E-05	0	0	0	0	0	9.05018E-05	0	0	0	0
ASV2102	0	0	0	0	0	0	0	0	0	0	0	0	0	0	0.000316756	0	0.000226255	0	0	0.000543011	0	0	0	0	0.000226255	0.000362007	0
ASV2103	0	4.52509E-05	0	0	0	0	0	9.05018E-05	0	0	0.000135753	9.05018E-05	0.000181004	0	0	0.000135753	0.000226255	0.000226255	0	0	0	9.05018E-05	4.52509E-05	0	0	0.000181004	4.52509E-05
ASV2104	0	0	0	9.05018E-05	0	0	0	0	0	0	0	0	0	0	0	0	0	0	0	0	0	0	0	0	0	0	0
ASV2107	0	0	0	4.52509E-05	0	0	0	0	0	0	0	0	0	0	0	0	0	0	9.05018E-05	0	0	0	0	0	0	0	0
ASV2115	0	0	0	0	9.05018E-05	0	0	0	0	0	0	4.52509E-05	4.52509E-05	0	0	4.52509E-05	0	0	0	0	0	4.52509E-05	9.05018E-05	0	0	0	0
ASV2116	0	0	0	0	9.05018E-05	4.52509E-05	0	0	0.000135753	0	0	0	0	0	0	0	0	0	0.000226255	0	0	0	0	0	0	0	9.05018E-05
ASV2118	0	0	0.001448029	4.52509E-05	0	4.52509E-05	0	0	0	0	0	0	0	0	0	0	0	0	0	0	0	0	0	0	0	0	0
ASV2119	0	0	0	0	0.000271505	0	0	0.000226255	0	0	0	0.000181004	0	0.000316756	0	0	0.000407258	0	9.05018E-05	0.000226255	9.05018E-05	0	0	0	0	0	0
ASV2120	0	0.000271505	0	0.000316756	0	0	0	0	0	0	0	0	0	0	0	0	0.000678764	0	0	0	0.000316756	0	0	0	0	0	0
ASV2121	0	0	0	0	0	0	0	0	0	0	0	0	0	0	9.05018E-05	0	0	0	0	0	0	0	0	0	0	0	0
ASV2123	0	0	0	0	0	0	0	0	0	0	0	0	0	0	0	0	0	0	0	0	9.05018E-05	0	0	0	0	0	0
ASV2127	0	0.000316756	0.000271505	0.000452509	0.000181004	0.000226255	0	0	0	0	0	0	0	0	0	0	0	0	0	0	0	0	0	0	0	0	0
ASV2128	0	0	0	0	0	4.52509E-05	9.05018E-05	0.000181004	4.52509E-05	0	0	0	0.000226255	0.000181004	0.000226255	4.52509E-05	0	0.000135753	9.05018E-05	9.05018E-05	0	0	9.05018E-05	0	0	0	0
ASV2133	0	0	0	0	0	0	0	0	0	0	4.52509E-05	4.52509E-05	0	0	0	4.52509E-05	0.000135753	0	0	0	0	0	0	0	0	0	0
ASV2134	0	0	9.05018E-05	0	0	0	0	0	0	0	0	0	0	0	0	9.05018E-05	0	0	0	0	0	0	0	0	0	0	0
ASV2136	0	0	0	0.000271505	0	0	0	0.000362007	0	0	0.000316756	0	0	0.000181004	0	0.000226255	0	0	0	0	0	0.000226255	0	0	0.000135753	0	0
ASV2139	0	0	9.05018E-05	0.000135753	0.000226255	0	0.000135753	0.000135753	0	0.000135753	0	0.000135753	0	0.000226255	0.000181004	9.05018E-05	0	0	9.05018E-05	9.05018E-05	9.05018E-05	0	0	0	0	0	0
ASV2140	0	0	4.52509E-05	0	0	0	0.000135753	0.000135753	0	0	0	0	9.05018E-05	0.000135753	0	0	4.52509E-05	0	4.52509E-05	0.000181004	0.000226255	0.000181004	0	0	9.05018E-05	0.000226255	0
ASV2144	0	0	0.000271505	0.000316756	0	0	0	0	0	0.000407258	0	0	0	0.000271505	0	0	0	0	0	0.000135753	0	0	0	0.000181004	0	0	0
ASV2147	0	0	0	4.52509E-05	0	0	0	0	0	0	4.52509E-05	0	4.52509E-05	9.05018E-05	0	0	0	0	9.05018E-05	4.52509E-05	0	0	0	0	0	0	0
ASV2148	0	0.000271505	0	0	0	0	0	0.000181004	0	0	0	0	0	0	0	0	0	0	0	0	0	0	0.000452509	0	0.000316756	0.000452509	0
ASV2149	0	0	0	0	0	0	0	0	0	4.52509E-05	0	0	0	9.05018E-05	0	0	0	4.52509E-05	0	0	0	0	0	9.05018E-05	0	0.000135753	9.05018E-05
ASV2150	0	0	0.000543011	0.000181004	0.00049776	0	0.000135753	0.000181004	0	0	0	0	0	0	0	0	0	0	0	0	0	0	0	0	0	0	0
ASV2152	0	0	0	0	0	0	0	0	0	0	0	0	0	0.000181004	9.05018E-05	0.000135753	0.000226255	0.000181004	0.000135753	0	9.05018E-05	0.000181004	0.000135753	0	0	0	0
ASV2154	0	0.000181004	0	0	0	0	0	0	0	0	0	9.05018E-05	0	0	0	0	0.000316756	0.000226255	0	0	0.000271505	0.000226255	0	0	0	0	0
ASV2158	0	0	4.52509E-05	4.52509E-05	0	0	0	4.52509E-05	0	0	0	0	0	0	0	0	0	0	0	9.05018E-05	4.52509E-05	0	0	0.000181004	0	0	9.05018E-05
ASV2162	0	0	0	0	0	0	0	0	0	0	0	0	0	0	0	0.000181004	0	0	0	0	0	0	0	0	0	0	0
ASV2163	0	0.000135753	4.52509E-05	9.05018E-05	0	0	0.000135753	9.05018E-05	4.52509E-05	0.000181004	0	0.000135753	0.000271505	0.000181004	0.000181004	4.52509E-05	0	9.05018E-05	0	9.05018E-05	0	0	0	0	0	0	0
ASV2165	0	0	0	0	0	0	0	0	0	0	0	0	0	0	0	0	0	0	0.000135753	0.00049776	0.000316756	0.000316756	0	0	9.05018E-05	0	0.000226255
ASV2166	0	0	0	0	0	0	0	0	0.000135753	0	0	0.000181004	0.000181004	0	0	0	0	0	0.000135753	0.000181004	0	0	0	0	0	0	0
ASV2171	0	0	0	0	0	0.000226255	0.000226255	0.000271505	0	0.000181004	0	0.000135753	9.05018E-05	0	0	0	0.000181004	0	0	0	0.000316756	0	0.000135753	0	0	0	0
ASV2175	0	0	0	0	0	0	0	0	0	0	0	0.000678764	0	0	0	0	0	0	0	0	0	0	0	0	0	0	0
ASV2176	0	0	0	0	0.000905018	0.000724015	0	0	0	0	0	0	0	0	0	0	0	0	0	0	0	0	0	0	0	0	0
ASV2177	0	9.05018E-05	0	0	0	0	0.000226255	0.000271505	0.000135753	9.05018E-05	0	0.000135753	9.05018E-05	0.000271505	9.05018E-05	0	9.05018E-05	0	0	4.52509E-05	0	0	0	0	0	0	0
ASV2178	0	0	0	4.52509E-05	0	0	0	0	0	0	0	0	9.05018E-05	0	0	0	4.52509E-05	0	0	0	9.05018E-05	0	0	9.05018E-05	0	0	0
ASV2179	0	0	0	0	0	0	0	0	0	0	9.05018E-05	9.05018E-05	0	0	4.52509E-05	0	9.05018E-05	4.52509E-05	4.52509E-05	0	0	0	0	0	0	0	4.52509E-05
ASV2180	0	0	0	0	0.000181004	0	0.000135753	0	0.000226255	0	0	0	0	0.000226255	0.000135753	4.52509E-05	0.000226255	9.05018E-05	0	0.000135753	0	0	0	0	9.05018E-05	0	0
ASV2182	0	0	0	0	0	0	0	0	0	0	0	0	0	0	0	0	0	0	0	0	0	0	0	0	0	0	9.05018E-05
ASV2184	0	0	0	0	0	0	0	4.52509E-05	0	0	0	0	0	0	0	0	0	0.000181004	0	0	0	0	0	0	0	0	0
ASV2185	0	4.52509E-05	0	0	0	9.05018E-05	0	0.000543011	0.000678764	0	0.000271505	9.05018E-05	0	0	0	0	0	0	0	0	0	0	0	0	0	0	0
ASV2187	0	0	9.05018E-05	9.05018E-05	0	0.000135753	0	9.05018E-05	0	0	0	0	0	0.000226255	0.000135753	0	0	0	0	0.000226255	0.000226255	0	0	0	0.000181004	0.000135753	0
ASV2188	0	0	0	0	9.05018E-05	0	0.000135753	0	0	0	0	0	0	0	0	0	0	0	0	0	0.000181004	0	0	0	9.05018E-05	0	0
ASV2189	0	0	0	0	9.05018E-05	0.000135753	4.52509E-05	0	0.000271505	0	0	0.00049776	0.000135753	0.000181004	0	0	0.000135753	0	0	9.05018E-05	0	0	0	0	0	0	0
ASV2190	0	0	0	0	0	0	0.000226255	0	0	0.000271505	0.000271505	9.05018E-05	0.000135753	0.000135753	0.000226255	0.000135753	9.05018E-05	9.05018E-05	0	0	4.52509E-05	0	0	0	0	0	4.52509E-05
ASV2192	0	0	0	0	0	0	0	0	0	0	0	0	4.52509E-05	4.52509E-05	0	0	0.000135753	0	0	0	0	0	0	0	0	9.05018E-05	0
ASV2198	0	0	0	0	4.52509E-05	0	0	0	0	0	0.000543011	0.000181004	0.000135753	0	9.05018E-05	0	0.000271505	9.05018E-05	0.000181004	0	0.000181004	0	0	0	0	0	0
ASV2200	0	0	0	0	0	0	0	0	0	0	0	0.000135753	0.000135753	0.000769266	0	4.52509E-05	0.000135753	0.000135753	0	9.05018E-05	0	0	0	0	0	0	0
ASV2202	0	0	0	0	0	0	0	0	0	0	4.52509E-05	0	0	0	0	0	0	0	0	0	0	0	0	0	0	0	0
ASV2205	0	0	4.52509E-05	0.000135753	0	9.05018E-05	0	0	0.000135753	0	0	0	0	0	0	0	0	4.52509E-05	0	0	0.000226255	0.000135753	0	0	0	0.000135753	0.000588262
ASV2206	0	0	0	0	0	0	0	0	0	0	0	0	0	0	0	0	0	0	0	0	0	9.05018E-05	0	0.000407258	0.000226255	0	0.000678764
ASV2209	0	0	0	0	9.05018E-05	4.52509E-05	0	0	0	0	0	0	0	0	0.000135753	0.000135753	0	0	4.52509E-05	4.52509E-05	4.52509E-05	9.05018E-05	0	0.000181004	0.000135753	4.52509E-05	0.000135753
ASV2213	0	0	0	0	0	0.000135753	0.000181004	0	0	0	0	0.000135753	9.05018E-05	9.05018E-05	0	0	4.52509E-05	0	0	4.52509E-05	0	0	0	0	0	0	0
ASV2214	0	0	0	0	0	0.000181004	0	0	0	0	0	0	0	0	0	0.000181004	0.000452509	0	0	0	0	0	0	0	0	0	0
ASV2218	0	0	0	0	0	0	0.000407258	0	0.000452509	0	0	0	0.000316756	0	0.000452509	0	0	0	0	0	0	0	0	0	0	0	0
ASV2221	0	0	0	0	0	0	0	0	0	0	0	0	0	0	0	0	0.000135753	0.000135753	0.000181004	0.000135753	0.000181004	0.000316756	0	0	0	0	0
ASV2224	0	0	0	0.000452509	0.00049776	0.000181004	9.05018E-05	0.000135753	0	4.52509E-05	9.05018E-05	0	0	4.52509E-05	0	0	0	0	0	0	0	0	0	0	0	0	0
ASV2231	0	0	0	0	0	0	0	0	0	0	0	0	0	0.00049776	0	0	0	0	0	0	0	0	0	0	0	0	0
ASV2232	0	0	0	0	0	0	0	0	0.000633513	0	0.000407258	0	0.000181004	0	0.000543011	0	0	0	0	0	0	0	0	0	0	0	0
ASV2233	0	0	0	0	0	4.52509E-05	0	0	0	0	0	0	0	0	0	0	0	0	0	0	0	0.000181004	0	0	0	0	9.05018E-05
ASV2237	0	0	0	4.52509E-05	4.52509E-05	4.52509E-05	9.05018E-05	0	0	0	0	0	0	0	0	0	0	0	0	0	9.05018E-05	0	4.52509E-05	0.000362007	0.000226255	0.000181004	0.000226255
ASV2238	0	0.000135753	9.05018E-05	0.000135753	0	0	0	0	0	0	0	0	0	0	0	0	0	0	0	0.000135753	0.000135753	0	0	0.000226255	0.000181004	0.000271505	0.000135753
ASV2239	0	0.000226255	0	0.000226255	0	0	0	0.000226255	0	0	0	0	0.000135753	0	0.000135753	9.05018E-05	4.52509E-05	0.000181004	0	0	0	0	0	9.05018E-05	0	0	0
ASV2240	0	0	0	0	0	0	0	0	0	0	0	0	0.00049776	0	0.000226255	0.000226255	0.000135753	9.05018E-05	0.000181004	0.000135753	0	0	0	0	0	0	0
ASV2241	0	0	0	0	4.52509E-05	0	4.52509E-05	0	0.000135753	9.05018E-05	4.52509E-05	0.000181004	0.000181004	4.52509E-05	0	9.05018E-05	0.000135753	0	0.000135753	0	4.52509E-05	0.000135753	0	0	0	0	0
ASV2247	0	0	0	0	0	0	0	0	0	0	0	0	0	0	0	4.52509E-05	0	0	0	0	0	0	0	0	0	0	0
ASV2248	0	0	0	0	0.000135753	0.000271505	0	0.000226255	0	0	0.000316756	0.00049776	4.52509E-05	0	0	0	0	0	0	0	0	0	0	0	0	0	0
ASV2250	0	0	0	0	0	0	0	0	0	0.000407258	0	0	0	0	0.000181004	9.05018E-05	0	0	0	0.000135753	0	0	0	0	0	0	0
ASV2253	0	0	0	0	0	0	0	0.000226255	0	0	0	0	0	0.000181004	0.000316756	0.000135753	0.000226255	0	0.000181004	0.000135753	0	0	0	0	0	0	0
ASV2254	0	0	0	0	0	0	0	0	0	0	0	0	0	0	0	0	0	0	0	0	0	0	0	0	0	0.000135753	0
ASV2257	0	9.05018E-05	0.000226255	4.52509E-05	9.05018E-05	4.52509E-05	0	0	0	0	0	0	0	0	0	0	0	0	0	0	0.000181004	9.05018E-05	9.05018E-05	0	4.52509E-05	0.000181004	0.000226255
ASV2258	0	0	0	0	0	0	0	0	0	0	0.000226255	0.000181004	0.000271505	0	0	0	0	0.000316756	0	0	0.000181004	0	9.05018E-05	0	0	0	0
ASV2262	0	9.05018E-05	9.05018E-05	0	0.000271505	0	0.000135753	9.05018E-05	4.52509E-05	9.05018E-05	9.05018E-05	9.05018E-05	0	0	0	0	4.52509E-05	4.52509E-05	0	0	4.52509E-05	9.05018E-05	0	0	0	0	0
ASV2263	0	0	0.000135753	0	0	0	9.05018E-05	0	0	0	0	0	0	0	0	0	0	0	0	0	9.05018E-05	0	0.000226255	0	0.000135753	0	0
ASV2264	0	0	0	0	0	0	0	0	0	0	0	0	0.000135753	9.05018E-05	9.05018E-05	0.000181004	0.000135753	0.000181004	9.05018E-05	0.000226255	0	0.000135753	0	4.52509E-05	0	0	0
ASV2265	0	0	0	0	0	0	0	0	0	0	0	0	0.000226255	0.000226255	0	0	0.000226255	0	0.000226255	0.000407258	0	0.000135753	0	0	0	0	0
ASV2267	0	9.05018E-05	0	0	0	0	0	4.52509E-05	0	0.000135753	0	0	0	4.52509E-05	4.52509E-05	9.05018E-05	0.000226255	0.000135753	0.000135753	4.52509E-05	0.000181004	4.52509E-05	9.05018E-05	0	0	0	9.05018E-05
ASV2270	0	0	4.52509E-05	0	0	0	0	0.000226255	0	0.000181004	0.000226255	0	0.000181004	0	0	0	0	0.000362007	0.000181004	0	0	0.000135753	0	0	0	0	0
ASV2272	0	0	0	0	9.05018E-05	0	4.52509E-05	0	0	4.52509E-05	4.52509E-05	9.05018E-05	0.000181004	0.000135753	0.000135753	9.05018E-05	0.000226255	0.000226255	4.52509E-05	0.000181004	0	4.52509E-05	0	0	0	0	0
ASV2274	0	0	0	0	9.05018E-05	0	0	0	0	0	0	0	0	0	0	0	0	0	0	0.000181004	0.000226255	0.000362007	9.05018E-05	9.05018E-05	9.05018E-05	0	9.05018E-05
ASV2276	0	0	0	0	0	0	0	0	0	9.05018E-05	0	9.05018E-05	0.000135753	0.000135753	0.000226255	4.52509E-05	0.000135753	9.05018E-05	0	0	0	0	0	0	0	0	0
ASV2279	0	9.05018E-05	0	0	0	0	0	0	0	0	0	0.000407258	0.000588262	0	0	0	0	0	9.05018E-05	0.000226255	0	0	0	0	0	0	0
ASV2280	0	0	0	0	0	9.05018E-05	0	0	0	0	0	0	0	0	0	0	0	0	0	0	0	0	0	0	0	0.000181004	0
ASV2281	0	0	0	0	0	0	0	0	0	0	0	0	0.000135753	0	0	0	0	0	0	0.000226255	0	0	0	0	0	0.000181004	0
ASV2282	0	0	0	0	0	0	0	0.000135753	4.52509E-05	0	0	0.000271505	0.000271505	0.000181004	0.000271505	0.000181004	0	0	0	0	0	0	0	0	0	0	0
ASV2283	0	9.05018E-05	0	9.05018E-05	0	0	0	0	0.000181004	9.05018E-05	0	9.05018E-05	0	0	0	0.000271505	0	0.000135753	0	4.52509E-05	0	0	9.05018E-05	0	9.05018E-05	4.52509E-05	0.000135753
ASV2284	0	0	0	0.000135753	0	9.05018E-05	9.05018E-05	0	4.52509E-05	0.000135753	0	0	0.000226255	0.000135753	0	0	0	9.05018E-05	0	0.000181004	0	4.52509E-05	0	0	0	0.000135753	0
ASV2286	0	0	9.05018E-05	0	0	9.05018E-05	0	4.52509E-05	0	0	4.52509E-05	0	0	0	0	0	0	0	0	0	0	0	9.05018E-05	4.52509E-05	0	0	0.000135753
ASV2287	0	0	0	9.05018E-05	9.05018E-05	9.05018E-05	0	0.000135753	0	0	0	9.05018E-05	0.000181004	0	0	0	0	0	9.05018E-05	0.000181004	4.52509E-05	0	0	9.05018E-05	0.000135753	0.000181004	0
ASV2288	0	0	0	0	0	0.000135753	0	0	0	0	0	0	9.05018E-05	0	0	0	0	0	0	0.000135753	0.000226255	0.000135753	0	0.000226255	0	0.000271505	0.000271505
ASV2290	0	0	0	0	9.05018E-05	0	0	0	0	0.000135753	0	4.52509E-05	0.000226255	0.000362007	0.000135753	0.000135753	9.05018E-05	9.05018E-05	0	0	0	0	0	0	0	0	0
ASV2295	0	4.52509E-05	0.000135753	0.000135753	0	0	0	0	0	0	0	0	0	0	0	0	0	0	0	0	0	0	0	0	0	0	0
ASV2299	0	0	0	0	0	0	0	0	0	0	0	0	0	0	0	0	0	0	0	0	0	0	0	9.05018E-05	0	0	0
ASV2300	0	0	0	0	0	0	0	0	0	0	0	0	0	0	0	0	0	0	0	0	0	0	0.000181004	0	0.000135753	0	0
ASV2301	0	0	0.000135753	0	4.52509E-05	0	0	0	0	0	0	0	0	0	0	0	0	0	0	0	0	0	0	0	0	0	0
ASV2302	0	0	0	0	0	0	0	0	0	0	0	0	0.000226255	0	0.000316756	0	0	0	0	0.000271505	0.000316756	0	0	0	0.000135753	0	0
ASV2303	0	0	0	9.05018E-05	0	0	4.52509E-05	0	0.000181004	0	0	0	0	0	0	0.000226255	0.000135753	0.000181004	0.000181004	0	0	0	0	0	0	0.000181004	0
ASV2304	0	0	0	0	0	0	0	0	0	0	0	4.52509E-05	0	0	4.52509E-05	9.05018E-05	4.52509E-05	0.000181004	0.000407258	0.000271505	9.05018E-05	0.000135753	4.52509E-05	4.52509E-05	0	4.52509E-05	0
ASV2305	0	0	0	0	0	0	0.000135753	0.000135753	0	0.000181004	0	4.52509E-05	4.52509E-05	9.05018E-05	0	0	0.000181004	0.000181004	0.000135753	9.05018E-05	0	0.000135753	0	9.05018E-05	4.52509E-05	0	9.05018E-05
ASV2308	0	0	0	0	0	0	0	9.05018E-05	0	0	0.000226255	0.00049776	0.000181004	0.000135753	0	9.05018E-05	0	0	0.000135753	0	4.52509E-05	0	0	0	0	0	0
ASV2309	0	0	0	0	0	0	0	4.52509E-05	0	0.000181004	0.000226255	0	9.05018E-05	0	0.000226255	0.000181004	0	0.000226255	0	0	0	0	0	9.05018E-05	9.05018E-05	0	0
ASV2312	0	0	0	0	0	0	0	0	0	0	0	0	0.000226255	0	4.52509E-05	0	0	0	0	0	0	0	0	0	0	0	0
ASV2313	0	0	0	0	0	0	0	0	0	0.000226255	0.000226255	0	9.05018E-05	0.000181004	0	0	0	0	0	9.05018E-05	0	0	0	0	0.000407258	0	0.000181004
ASV2314	0	0.000135753	0	0	0	0.000181004	0.000135753	0.000316756	0.000135753	0.000181004	0.000226255	0	0	0	0	0	0	0	0	0	0	4.52509E-05	0	0	0	0	9.05018E-05
ASV2315	0	0	0	0	0	0	0	0	0.001221775	0.000226255	0	0	0	4.52509E-05	0	0	0	0	0	0	0	0	0	0	0	0	0
ASV2316	0	0	0	0	0	0.000362007	0	0	0.000362007	0	0.000271505	0	0	0	0.000271505	0	0	0	0	0	0	0	0	0	0	0	0
ASV2319	0	0	0	0	0	0	0	0.000135753	0	0.000181004	0	0.000271505	0	0.000181004	0	4.52509E-05	0	0.000181004	0	0	4.52509E-05	0	9.05018E-05	4.52509E-05	0	4.52509E-05	4.52509E-05
ASV2322	0	0	0	0	0.000226255	0.000135753	0	0	0	0	0	0	0	0	0	0	0	0	0	0.000543011	0.000226255	0	9.05018E-05	0	0	0	0
ASV2323	0	0	0	0	0	0	0.000135753	0	0	9.05018E-05	0	0.000135753	0.000226255	0.000226255	4.52509E-05	9.05018E-05	4.52509E-05	0	0	0	0	0	0	0	0	0	0
ASV2328	0	0	0	0	0	0	0.00049776	0.000452509	0	0	0	0	0	0.000316756	0	0	0	0	0	0	0	0	0	0	0	0	0
ASV2329	0	0	0	0	0	0	0	0	0	0	0	0	0	9.05018E-05	0.000226255	0.000316756	0	9.05018E-05	0	0	0	0	0	0	0	0	0
ASV2330	0	0	0.000271505	0	0.000271505	0.000271505	0	0	0	0.000271505	0	0	0	0.000226255	0	0	0	0	0	0	0	0	0	0	0	0	0
ASV2331	0	0	0	0	0	4.52509E-05	0	0	0	0	0	0	9.05018E-05	0.000135753	0	0	0	9.05018E-05	0	0.000226255	0.000271505	0	9.05018E-05	0	0	0.000135753	0
ASV2332	0	0	0	0	0	0	0	0	0	0	0.000135753	0	0	9.05018E-05	9.05018E-05	0	0.000135753	4.52509E-05	9.05018E-05	9.05018E-05	0.000135753	0.000362007	9.05018E-05	0	0	0	4.52509E-05
ASV2333	0	0	0.000271505	0.000271505	0	0	0.000226255	0.000181004	0	0.000181004	0	0	0	0	4.52509E-05	0	4.52509E-05	0	0	0	0	0	0	0	0	0	0
ASV2338	0	0	0	0	0	0	0	0	0	0	0	0	0	0	0	0	0	0	4.52509E-05	0	0	0	0	0.000181004	0.000271505	0	0.000181004
ASV2339	0	0	0	0	0	0	0	0	9.05018E-05	0.000316756	0.000316756	0.000135753	0.000135753	4.52509E-05	0	9.05018E-05	0	0.000181004	0	0	0	0	0	0	0	0	0
ASV2340	0	0	0	0	0	0	0	0	0	0.000181004	0	0	0	0	0	0.000316756	0	0	0	0	0	0	0	0.000181004	0	0	0
ASV2341	0	0	0	0	0.000181004	9.05018E-05	0.000316756	0	0	0	0	0.000316756	0	0	0	0	0	0	0	0	0.000135753	0	0	0	0	0.000181004	0
ASV2343	0	0	0	0	0	0	4.52509E-05	0	0	0	0	0.000181004	0	0.000135753	0	0	9.05018E-05	9.05018E-05	0.000181004	0	0	0	0	0	0	0	0
ASV2346	0	0	4.52509E-05	9.05018E-05	0	0	0	0	0	0.000135753	0	0.000181004	0	0	0	0	0	0	0.000181004	0.000135753	9.05018E-05	9.05018E-05	0.000135753	9.05018E-05	0.000135753	0	0
ASV2351	0	0	0	0.000633513	0	0	0.000407258	0	0	0	0	0	0.000226255	0	0	0	0	0	0	0	0	0	0	0	0	0	0
ASV2352	0	0	0	9.05018E-05	0	0	0	0	0	0	0.000316756	0	0.000271505	9.05018E-05	0.000362007	0	0	0.000135753	0	0.000135753	0	0.000135753	0	0	0	0	0
ASV2358	0	0	0	0.000226255	0	0	4.52509E-05	0.000135753	0	9.05018E-05	0.000135753	0	0.000135753	0	0	0	0.000181004	0	0	0.000135753	9.05018E-05	0	4.52509E-05	0	0	0	4.52509E-05
ASV2362	0	0	0	0	0	0	0	0	0.000226255	0.000271505	0	0	0	0	0	0.000724015	0	0	0	0	0	0	0	0	0	0	0
ASV2364	0	0	9.05018E-05	0	0	0	0.000271505	0	0	0	0	0	0	0.000135753	0	0	0	0	0	0	0	0	0	0	0	0	0
ASV2365	0	0	0	0	0	0	4.52509E-05	0	0	0	0	0	0	0	0	0	0	4.52509E-05	0.000135753	0	4.52509E-05	0	0	4.52509E-05	0	0.000135753	0.000135753
ASV2367	0	0	0	0	0	9.05018E-05	0	9.05018E-05	0.000135753	0	0	0	0	0	0	0	0	0	0.000226255	0	0.000135753	0.000135753	0	0	0.000135753	0	0
ASV2374	0	0	0	0	0	0	0	0	0	0	0	0	0	0	0	0	0	0	0	0.000135753	0	0	0	0	0	0	0
ASV2377	0	0	0	0	0	0	0	0	0	0	0	0	0	0	0	0	0	4.52509E-05	0	0	0	0	0	0	0	0	0
ASV2378	0	0	0	0	0	0	0	0	0	0	0	0	0	0	0	0	0	0	0	0	9.05018E-05	9.05018E-05	0	0.000407258	0.000226255	0.000316756	0.000271505
ASV2379	0	0	4.52509E-05	0	0.000135753	0	0	0	0	9.05018E-05	0	0	0	4.52509E-05	0	9.05018E-05	0	0.000135753	0	0	0.000181004	0	0	0	9.05018E-05	0.000135753	0.000226255
ASV2380	0	0	0	0	0	0	0	0	0.000135753	9.05018E-05	0	9.05018E-05	0	0	0.000135753	0	0	0	0	9.05018E-05	9.05018E-05	9.05018E-05	0.000135753	0	0	0	0
ASV2381	0	0	0	0	0	0	0	0	0.000135753	0	0	0	9.05018E-05	0	0	9.05018E-05	0	0	0	9.05018E-05	0.000226255	4.52509E-05	0.000135753	0.000181004	4.52509E-05	0	0.000407258
ASV2382	0	0	0	0	0	0	0	0	0	0	0.000181004	0.000407258	9.05018E-05	9.05018E-05	0.000226255	0.000226255	9.05018E-05	0.000271505	0	0	0	0	0	0	0	0	0
ASV2383	0	0	0.000181004	0.000135753	0	0	0	0	0	0	0	0	0.000181004	0	0	0	4.52509E-05	9.05018E-05	4.52509E-05	0	0.000181004	0.000181004	0.000135753	0.000181004	9.05018E-05	0	0
ASV2384	0	0	0	0	0	0	0	4.52509E-05	4.52509E-05	0	9.05018E-05	0.000181004	0.000135753	0.000181004	0.000135753	0.000135753	0.000135753	4.52509E-05	0	0	0	9.05018E-05	0	0	4.52509E-05	0	0
ASV2386	0	0	0.000226255	0	0	0	0	0	0	0	0	0	0	0	0	0.000316756	0	0	0.000181004	0.000271505	0.000181004	0	0	0	0	0	0
ASV2388	0	0	0	0	0	0	0	0.000135753	4.52509E-05	0.000181004	0	0.000316756	9.05018E-05	0.000135753	0.000226255	4.52509E-05	0	9.05018E-05	0	0	0	9.05018E-05	0	0	0	0	0
ASV2389	0	0.000226255	0	0	0	0.000226255	0	0	4.52509E-05	0	0	0	0.000181004	0	0	0.000226255	0	0	0	0.000135753	0	0	0	0.000226255	0	0	0
ASV2390	0	0	0	0	0	0	0	0	0	0	0	0	0	0	0	0	0	4.52509E-05	0	0	0	0	0	0	0	0	0
ASV2396	0	0	0	0	0.000226255	9.05018E-05	0	4.52509E-05	0.000452509	0.000135753	4.52509E-05	9.05018E-05	0	0	9.05018E-05	4.52509E-05	0	9.05018E-05	0	0	0	0	0	0	0	0	0
ASV2397	0	0	0	0	0	0	0	0	0	0.000181004	0.000271505	0	0	0	0	0	0	0	0.000135753	0	0	0.000135753	0	0	9.05018E-05	0	0
ASV2400	0	4.52509E-05	4.52509E-05	0.000135753	0.000135753	0.000181004	4.52509E-05	4.52509E-05	4.52509E-05	0	4.52509E-05	0	0.000135753	0	9.05018E-05	0	9.05018E-05	0	0	0	4.52509E-05	0	0	0	0	0	0
ASV2409	0	9.05018E-05	0.000181004	9.05018E-05	9.05018E-05	0.000181004	0.000271505	0.000135753	0	0	0	0	0	0	0	0	0	0	0	0	0	0	0	0	0	0	0
ASV2415	0	0	0.000452509	0.000724015	0	0	0	0	0	0	0	0	0	0	0	0	0	0	0	0	0	0	0	0	0	0	0
ASV2417	0	0	4.52509E-05	0.000135753	0.000135753	0.000181004	0	4.52509E-05	4.52509E-05	0.000135753	0	0	0.000135753	9.05018E-05	0	0	0	9.05018E-05	0	4.52509E-05	9.05018E-05	0	4.52509E-05	9.05018E-05	0	0	9.05018E-05
ASV2418	0	0	0	0	0	0	4.52509E-05	0.000271505	0.000271505	9.05018E-05	0	0.000181004	4.52509E-05	0	9.05018E-05	9.05018E-05	0.000181004	0	9.05018E-05	0	4.52509E-05	0	0	0	0	0	0
ASV2419	0	0	0	0	0	0	0	9.05018E-05	0	0	0	0	0	0	0	0	4.52509E-05	0	0	0	0	0	0	0	0	0	0
ASV2421	0	0	0	0	0	0	0	0	0	0.000135753	0.000181004	0.000226255	0	0	0	0	0	0	0	0	0	0	0	0	0	0	0
ASV2423	0	0	0	0	0	4.52509E-05	4.52509E-05	0	0	0.00049776	0.000316756	0.000181004	4.52509E-05	9.05018E-05	4.52509E-05	0	0	0	0	0	0	0	0	0	0	0	0
ASV2427	0	4.52509E-05	0	0	0	0	0	0	0	0	0	4.52509E-05	0.000135753	0.000407258	0	0	0	0	0	0	0	0.000135753	0	4.52509E-05	0	0	0
ASV2428	0	0	0	0	4.52509E-05	4.52509E-05	9.05018E-05	9.05018E-05	0.000135753	9.05018E-05	0	0	0.000271505	0.000135753	9.05018E-05	4.52509E-05	0	0	0	0	0	9.05018E-05	0	4.52509E-05	4.52509E-05	0	0
ASV2429	0	0	0.000271505	0	9.05018E-05	0	0.000226255	0	0	0	0	0	0	0.000316756	0.000135753	0.000362007	0	0	0	0	0	0	0	0	0	0	0
ASV2430	0	0	0	0	0	9.05018E-05	0.000181004	0	0	0.000181004	0	0	0	0.000181004	0	0	0	0.000135753	0	0	0.000181004	0	9.05018E-05	0.000181004	0	0	0
ASV2431	0	0	0	0	0	0	0	0	0	0	0	0	0	0.000316756	0	0	0	0.000271505	0.000135753	4.52509E-05	0.000271505	0.000135753	0	0	0	0	0
ASV2432	0	0	0	0	0	0	0	0	0.000271505	0.000452509	0.000181004	4.52509E-05	0	9.05018E-05	9.05018E-05	9.05018E-05	4.52509E-05	0	0	0	0.000135753	0	0	0	0	0	0
ASV2442	0	0	0	0	0	0	0	0	0	0	4.52509E-05	0	0	4.52509E-05	0	4.52509E-05	0	0	0	0	0	0	0	0	0	0	0
ASV2443	0	0	0	0	0	0	0	0	0	0.001176524	4.52509E-05	0	0	0	0	0	0	0	0	0	0	0	0	0	0	0	0
ASV2448	0	0	0	0	0	0.000135753	0	0	0	0	9.05018E-05	9.05018E-05	9.05018E-05	0	0	0.000135753	4.52509E-05	0	0.000135753	0.000135753	0	0	0	0	4.52509E-05	0	0
ASV2454	0	0	0	0	0.000181004	0	0	0.000181004	0.000226255	0	0.000271505	9.05018E-05	0	0	0	0	0	0	9.05018E-05	0	0	0	9.05018E-05	0	0	0	0
ASV2455	0	0.000135753	0	0	0	0	0.000226255	0	0	0	0	0.000271505	0.000135753	0	0	0	0.000135753	0	0	0.000181004	0	0	0	0	9.05018E-05	0	0.000181004
ASV2457	0	0	0	0	0	0	0	0	9.05018E-05	9.05018E-05	0	0	0	0	0	4.52509E-05	0.000226255	0.000135753	0	0	0	0	0	0	0	0	0
ASV2464	0	0	0	0	0	0	0	0.000181004	0	0	0	0	0	0	9.05018E-05	0	9.05018E-05	0	0	0	0	9.05018E-05	0	0	0	0	0
ASV2465	0	0	0.000181004	0	0.000181004	0.000181004	0	0	0	0	0	0	0	0	0	9.05018E-05	0	0	0	0	0	0	0	0	0	0.000271505	0.000316756
ASV2468	0	0	0	0.000181004	0	0	0	0	0	0	0	4.52509E-05	0	0	0	0	0	0	0	0	0	0	0	0	0	0	0
ASV2469	0	0	0	0	0	0	4.52509E-05	0	0	0	0	0	0	0	0	0	0	0	0	0	0	0.000181004	0	0	0	0	0
ASV2470	0	0	0	0	0	0	0	4.52509E-05	0	0	0	0	9.05018E-05	0	0	0	0	0	0	0	0	0	0	0	0	0	0
ASV2472	0	9.05018E-05	0.000226255	0	0	0	0	0	0	0	0	0	0	0	0	4.52509E-05	4.52509E-05	9.05018E-05	0.000181004	9.05018E-05	0.000135753	0.000135753	0	0	0	0	0
ASV2474	0	0	0	0	0.000316756	0	0	0	0	0	0	0	0	0	0	0	0	0	0	0	0	0	0	0	0	0	0
ASV2487	0	0	0	0	0	9.05018E-05	0	0.000407258	0.000407258	0	0.000135753	0	0	0	0	0	0	0	0	0	0	9.05018E-05	0	0	0	0	0
ASV2489	0	0	0.000135753	0	0	0	9.05018E-05	0	0	0	0	0	0	0	0	0	0	0	0	0	0	0	0	0	0	0.000135753	0
ASV2492	0	0	0	0	0	0	0	0	0	0	0	0	0	4.52509E-05	0	0	0	0	0	0	0	0	0	0	0	0	0
ASV2493	0	0	0	0	0.000135753	4.52509E-05	0	0	0	0	0	0	0	0	0	0	0	0	0	0	0	0	0	0	0	0	4.52509E-05
ASV2494	0	0.000226255	0	0	0	0	0.000226255	0	0	0	0.000271505	0	0	0	0	0	0	0.000181004	0	0	9.05018E-05	0	0	0	0	0	0.000135753
ASV2495	0	0	0.000316756	0	0	0.000226255	0	0	0	0	0	0	0	0	0.000226255	0	0	0	0	0.000271505	0	0	0.000226255	0	0	0	0
ASV2497	0	0	0	0	0	0	0	0	0	0	0	0	0	0	0	0	0	0	0	0	0	0	0	4.52509E-05	0	4.52509E-05	0
ASV2498	0	0	0	0	0	0	0	0	0	0	0	0	0	0	0	0	0	0	0	0	0	0	0.000135753	0	0	0	0
ASV2499	0	0.000135753	0.000362007	0	0.000271505	0	0	0	0.000135753	0	0	0	0	0	0	0	0	0	0	0	0	0	0	0	0	0	0.000226255
ASV2507	0	0	0.000316756	4.52509E-05	0.00049776	0.000181004	0	4.52509E-05	0	0	0	0	0	0	0	0	4.52509E-05	0	0	0	0	0	0	0	0	0	0
ASV2508	0	0	0	0	0	0	0	0	0	9.05018E-05	0	0	0	4.52509E-05	0	0.000135753	0	0.000135753	9.05018E-05	0	0.000181004	0	9.05018E-05	0	0	0	0
ASV2509	0	0.000362007	0	4.52509E-05	0	0	0	0	0.000135753	0.000181004	4.52509E-05	0	9.05018E-05	0	0	0.000135753	9.05018E-05	0	0	0	0	0	0	0	0	0.000135753	0
ASV2510	0	0	0	0	0	0	0	0	0	9.05018E-05	0	0	9.05018E-05	9.05018E-05	0.000226255	9.05018E-05	0.000135753	0.000181004	9.05018E-05	9.05018E-05	0.000135753	0	0	0	0	0	0
ASV2511	0	0	0	0	0	0	0	0	0	0	0	0	0	0	0	0.000135753	0.000588262	0.000135753	4.52509E-05	0	0	9.05018E-05	0	0	0	0	0.000181004
ASV2515	0	0	0	0	0	0.000135753	0	0.000135753	9.05018E-05	0.000226255	0.000181004	0	0	0.000181004	9.05018E-05	0	0	0	0	0	0.000181004	0	0	0	0	0	0
ASV2516	0	0	0	0	0.000226255	0	0	0.000226255	0.000181004	0.000226255	0.000316756	0	0	9.05018E-05	0.000135753	0	0	0	0	0	0	0	0	0	0	0	0
ASV2520	0	0	0	0	0.000226255	0	0	0	0	0	0	0	0	0	0	0	0	0	0.000678764	0	0	0	0	0	0	0	0
ASV2521	0	0	0	0	0	0.000135753	0	0	0	0	4.52509E-05	0	0	0	0	0	0	0	0	0	0	0	0	0	0	0	0
ASV2524	0	0	0	0.000135753	0	0	0	9.05018E-05	0.000678764	0.000181004	0.000135753	0	0	0	0	0	0	0	0	0	0	0	0	0	0	0	0
ASV2525	0	0	4.52509E-05	0	9.05018E-05	0	0	0	0	0	0	0	0	0	0.000181004	0	0	0	0	0	0	4.52509E-05	0	0	0	0	0
ASV2526	0	0	0	0	4.52509E-05	0	0	0	0	4.52509E-05	0	0	0	0	9.05018E-05	0.000181004	0	0.000135753	0.000226255	9.05018E-05	0.000181004	4.52509E-05	0	0	0	0	0
ASV2527	0	0	0	0	0	0	0	0.000135753	4.52509E-05	0.000181004	0.000181004	0	0	0.000226255	0.000181004	9.05018E-05	0	9.05018E-05	0	0	4.52509E-05	0	0	0	0	0	0
ASV2535	0	9.05018E-05	0	0	0.000181004	0.000271505	0	0	0	0	0.000226255	0.000226255	9.05018E-05	0	4.52509E-05	0	0	0	0	0	0	0	0	0	0	0	0
ASV2537	0	4.52509E-05	0	0	0	0	0	0.000181004	0	0	0	0.000181004	9.05018E-05	0	0	0	0	0	0	0	0.000271505	0	0	0	0	0	0
ASV2540	0	0	0	0	0	0	0	0	0	0.000135753	0	4.52509E-05	0	9.05018E-05	0	0	0	0	0	0	0	0	0	0	0	0	4.52509E-05
ASV2543	0	0	0	0	0	0	0	0	0	0	0	0	0	0	0	0	0	4.52509E-05	0	0	0	0	0	0	0	0	0
ASV2547	0	0	0	4.52509E-05	0	9.05018E-05	0.000181004	0	0	0	9.05018E-05	4.52509E-05	0	0.000181004	0	9.05018E-05	4.52509E-05	0	9.05018E-05	4.52509E-05	4.52509E-05	0	0	9.05018E-05	0	0.000135753	9.05018E-05
ASV2548	0	0	0	0	0	0	0	0.000135753	0	0	0	0	0	0.000271505	0	0	0	9.05018E-05	0	0	0	0	0	0	0	0	0
ASV2549	0	0	0	0	0	0	0	0	0	0	0	0	0	0	0	0	0	0	0	0	0.000407258	0.000633513	0	0	0	0	0
ASV2550	0	0	0	0.000181004	0	0	9.05018E-05	0	0	0	0	0	0	0.000135753	0	9.05018E-05	0	9.05018E-05	4.52509E-05	4.52509E-05	9.05018E-05	0	0	0	0	0	0
ASV2559	0	0	0	0.000135753	0	0	0	0	0	0	0	0	0	0	0	0	0	0	0	0	0	0	4.52509E-05	0.000181004	0	0.000226255	0.000181004
ASV2566	0	0	0	0	0	0	0	0	0	0	0	0	0	0	0	0	0	0	0	0	0	0	0	0	0.000452509	0	0
ASV2568	0	9.05018E-05	0.000271505	0.000362007	0	0.000226255	0	0	0	0	0	0	0	0	0	0	0	0	0	0	0	0	0	0	0	0	0
ASV2569	0	0	9.05018E-05	0	0	0	0	0	0	0	0	0	0	0	0	0	0	0	0	0	0	0	0	0	0	0	0
ASV2570	0	0	0.000135753	0.000135753	0.000181004	0	0.000181004	9.05018E-05	0	0	0	0	0	9.05018E-05	0	4.52509E-05	0	9.05018E-05	9.05018E-05	4.52509E-05	0	0	0	0	0	0	9.05018E-05
ASV2571	0	0	0	0	0	0	0	0	0	0.000271505	0	0	0	0	0.000181004	0.000135753	0.000135753	0	0	0.000135753	0.000135753	0	0	0	0	0	0
ASV2572	0	0	0	0	0	0	4.52509E-05	0.000226255	0	0	0	0	0.000135753	0	0	0	0	9.05018E-05	0	0	0	0	0	0	0	0	0
ASV2573	0	0	0	0	0	0	0	0	0	0	0	0	0	0	0	4.52509E-05	0.000135753	0	4.52509E-05	0	0	0	0	0	0	0	0
ASV2576	0	0.000316756	0	0	0	0	0	0	0	0	0	0.000316756	0	0	0	0	0	0.000316756	0	0	0	0	0	0	0	0	0
ASV2578	0	0	0	0	0	0	0	0	0	0	0	0.000135753	0	0	0	0	0	0	0.000181004	0	0	0.000226255	0	0	0	0	0.000271505
ASV2579	0	0	0	0	0	0	0	0	0	0	0	0	0.000271505	0	0	0	0	0	0	0	0	0.000135753	0.000135753	0	0	0	0
ASV2584	0	0	9.05018E-05	4.52509E-05	0	0	0	0	0	0	0	0	0	0	0	0	0	0	0	0	0	0	0	0	0	4.52509E-05	0
ASV2585	0	0	4.52509E-05	0	4.52509E-05	0	0	0.000226255	9.05018E-05	0.000226255	0.000181004	0.000135753	0	0	4.52509E-05	0	0	0	0	0	0	4.52509E-05	0	0	0	0	0
ASV2588	0	0	0	0	0	0	9.05018E-05	4.52509E-05	0	4.52509E-05	0.000226255	9.05018E-05	9.05018E-05	0.000181004	0	4.52509E-05	9.05018E-05	0.000135753	0	0	4.52509E-05	0	4.52509E-05	0	0	0	0
ASV2589	0	0	0	0	0	0	0	0	0	0	0	0	4.52509E-05	4.52509E-05	0	9.05018E-05	0.000271505	0	0	0	0.000271505	0	0.000181004	0	4.52509E-05	0	0
ASV2590	0	0	0	0	0	0	0	0	0	0.000316756	0.000362007	0.000181004	0	0	0	0	9.05018E-05	0.000135753	4.52509E-05	0	0	0	0	0	0	0	0
ASV2591	0	0	0	0	0	0	0	0	0	0	0	0	0	4.52509E-05	4.52509E-05	0.00049776	9.05018E-05	0.000135753	9.05018E-05	0	0	0	0	0	0	0	0
ASV2592	0	0	0	0	0	0	0	0	0	0	0	0	0	0	0.000181004	0	0.000135753	0.000135753	0.000135753	0	9.05018E-05	0	0	0	0	0	0
ASV2596	0	0	4.52509E-05	0	0.000135753	4.52509E-05	0	0.000271505	0.000226255	0	0	4.52509E-05	0	0	0	0	0	4.52509E-05	0	0	0	0	0	0	4.52509E-05	0	0
ASV2601	0	0	0	0	0.000316756	0	0	0	0	0	0	0	0	0	0	0	0	0	0.000316756	0	0	0.00049776	0	0	0	0	0
ASV2604	0	9.05018E-05	0	0.000135753	0	0	0.000316756	0	0	0	0	0	0	0.000135753	9.05018E-05	0	0	0	0	0	0.000135753	0	0	0	0.000135753	0	9.05018E-05
ASV2605	0	0	4.52509E-05	0	0	0	0	9.05018E-05	0	0	0	0.000135753	0.000271505	9.05018E-05	0	0.000181004	0.000226255	0	0	0	0	0	0	0	0	0	0
ASV2610	0	0	0	0.000271505	0	0	0	0	0	0	0	0	0	0	0	0	0	0	0	9.05018E-05	0.000181004	0.000135753	4.52509E-05	0	4.52509E-05	9.05018E-05	0.000226255
ASV2611	0	0	0	0	0.000226255	0.000181004	0	0	0	0	0	0	0	0	0	0.000181004	0	0	0	0	0	0.000362007	0	0	0	0	0
ASV2617	0	0	0	0	0	0	0	0	0	0	4.52509E-05	0	0	9.05018E-05	0	0	0	0	0	0	0	0	0	0	0	0	0
ASV2618	0	0	0	0	0	0	0	0	0	0	0	0.000226255	0	0.000135753	0.000181004	9.05018E-05	0	0	0	0.000181004	0	0	0.000362007	0	0	0	0
ASV2619	0	0	0	0	0	0	0	0	0	0	0	0	0	0	0	0	0	9.05018E-05	0	0	0	0	9.05018E-05	0	0	0	0
ASV2620	0	0	0	0	0	0	0	0	0	0.000226255	0.000452509	0.000452509	0	0	0	0	0	0	0	0	0	0	0	0	0	0	0
ASV2621	0	0	0	0	0	0	0	9.05018E-05	0	0	0	0	0	0	0	0	0	0	0	0.000543011	0.000226255	0	0.000316756	0	0	0	0
ASV2624	0	0	0	0	0	0	0.000181004	4.52509E-05	0	0	0	0	0	0	9.05018E-05	0.000316756	0.000226255	4.52509E-05	0	9.05018E-05	0	0	0	4.52509E-05	0	0	0
ASV2628	0	0	0	0	0	0	4.52509E-05	0.000135753	0.000181004	9.05018E-05	0	0	0.000181004	0.000181004	0	0	0	0.000135753	0	0	4.52509E-05	0	0	0	0	0	0
ASV2631	0	4.52509E-05	0	0	9.05018E-05	0	0.000181004	0	0	4.52509E-05	0	0	0	0	0	0	0	0	0	9.05018E-05	0	0	0	0	0	0	0.000135753
ASV2632	0	0	0	0	0	0	0	0	0	0	0	0	0	0.000181004	0	0	0	0	0	0	0	0	0	0	0	0	0
ASV2639	0	9.05018E-05	0.000181004	0	0	0	0	0	0	0	0.000135753	0	9.05018E-05	9.05018E-05	4.52509E-05	0	0	0	0	4.52509E-05	0	0	0	0	4.52509E-05	0	4.52509E-05
ASV2640	0	0	0	0	0	0	0	9.05018E-05	0	0	0	0	0	0	0	0	0	0	4.52509E-05	0	0	0.000181004	0	4.52509E-05	4.52509E-05	0	0
ASV2641	0	0	4.52509E-05	0	0	0	0.000181004	0.000226255	0.000181004	9.05018E-05	9.05018E-05	0	0.000135753	0	9.05018E-05	0	0	4.52509E-05	0	0	4.52509E-05	0	0	0	0	4.52509E-05	0
ASV2648	0	0	0	0	0	0	0	0	0	0	0	0	0	0	0.000181004	0	0.000271505	0.000316756	0.000226255	0	0	0	0	0	0	0	0
ASV2649	0	0	0	0	0	0	0	0	0	0	0	4.52509E-05	0.000181004	0.000135753	0.000135753	0.000181004	0.000135753	0.000181004	0	0	4.52509E-05	0	0	9.05018E-05	0	0	0
ASV2650	0	0	0	0	0	0	0	4.52509E-05	0	0.000271505	0.000362007	0	0	0.000135753	0.000135753	0	4.52509E-05	4.52509E-05	0	0	0	0	0	0	0	0	0
ASV2651	0	0	4.52509E-05	0	0.000226255	9.05018E-05	9.05018E-05	4.52509E-05	0.000181004	0.000135753	4.52509E-05	0	4.52509E-05	0	0	0	0	0	0	0	9.05018E-05	0	0	0	4.52509E-05	0	0
ASV2652	0	0	0	0	0	0	0	0	9.05018E-05	0.000271505	0.000135753	0.000135753	9.05018E-05	9.05018E-05	9.05018E-05	0	0	0	0	0	0	0	0	0	0	0	0
ASV2661	0	0	0	0	0	0	0	0	0	0	0	0	0	0	0	4.52509E-05	0	0	0	0	0	0	0	0	0	0	0
ASV2662	0	0.000316756	0	0	0	0	0	0	0	0.000362007	0	0.000226255	0	0	0.000181004	0	0	0	0	0	0	0	0	0	0	0	0
ASV2663	0	0	0	0	0.000226255	0	4.52509E-05	0	9.05018E-05	0.000135753	0	0.000135753	9.05018E-05	9.05018E-05	0	9.05018E-05	0	0	0	0	0	9.05018E-05	4.52509E-05	0	0	0	0
ASV2666	0	0	0	0	0	0	0	0	0	0	0	0	0	0	0	0	0	0	0	0.000135753	0.000543011	0.000226255	9.05018E-05	0	4.52509E-05	0	0
ASV2669	0	0	0	0	0	4.52509E-05	0	0.000135753	0	0	0	0	0	0.000135753	0	0	0.000135753	0	0	0	9.05018E-05	0	0	0	0	0	0
ASV2671	0	0	4.52509E-05	4.52509E-05	0	0	0	0	0	0	0	0	0	4.52509E-05	0	0	0.000226255	0.000181004	0.000181004	0.000181004	9.05018E-05	0	9.05018E-05	0	0	0	0
ASV2672	0	0	0.000135753	0.000135753	0	0.000316756	0	0	0	0	0.000271505	0	0	0	0	0	0	0	0	0	0	0	0	0	0	0	0
ASV2673	0	0	4.52509E-05	0	0	0	0	0	0	0	9.05018E-05	0	0	0	0	0	0	4.52509E-05	0.000135753	0.000181004	0.000135753	4.52509E-05	0.000135753	0	0	4.52509E-05	0
ASV2674	0	0	0	4.52509E-05	9.05018E-05	4.52509E-05	4.52509E-05	9.05018E-05	0	0	0	0	0	4.52509E-05	4.52509E-05	0	0	0	0	0	4.52509E-05	0	0	0	0	0	0
ASV2675	0	0	0	0	0	0	0	0	0	0	0	0	0	0	0	0	0	0	0	0	9.05018E-05	0	0	0	0	0	0
ASV2676	0	0	4.52509E-05	4.52509E-05	0	9.05018E-05	0	0	0	9.05018E-05	9.05018E-05	9.05018E-05	4.52509E-05	9.05018E-05	0	0	0	0	0.000135753	0	0.000135753	0	0	4.52509E-05	0	0	0
ASV2679	0	0.000905018	0	0	0	0	0	0	0	0	0	0	0	0	0	0	0	0	0	0	0	4.52509E-05	0	0	0	0	0
ASV2682	0	0	0	0	0	0	0	0	0	0	0	0	0	0	0	0	0	0.000316756	0	0.000633513	0	0	0	0	0	0	0
ASV2684	0	0	4.52509E-05	0	0	0	0	0	0	0	0	0	0	0	0	0	0	0	0	0	0	0	0	0	0	0	0
ASV2685	0	0	4.52509E-05	0	0	0	0	0	0	0	0	0.000181004	0	0	0	0.000181004	9.05018E-05	0	9.05018E-05	0	4.52509E-05	0.000181004	0	0	9.05018E-05	0.000135753	0
ASV2686	0	4.52509E-05	0	0	0	0	9.05018E-05	0.000135753	0.000135753	0	0	0.000181004	9.05018E-05	0.000135753	0	4.52509E-05	4.52509E-05	0	0	0	4.52509E-05	0	0	0	4.52509E-05	0	0
ASV2688	0	0	0	0	0	0	0	0	0.000181004	4.52509E-05	0	0	9.05018E-05	0	0	0	0	0	9.05018E-05	0.000452509	0	0	4.52509E-05	0	0	0	0
ASV2689	0	0	0	0	0	0	0	0	0	0	0	0	0	0	0	0	0	0	0	0	0.000181004	4.52509E-05	4.52509E-05	0	0	4.52509E-05	0
ASV2694	0	0	0	0	0	0	0	0	0.000814516	0	0	0	0	0.000181004	0	0	0	0	0	0	0	0	0	0	0	0	0
ASV2695	0	0	0	0	0	0	0	0	0	0	0	0	0	0	0.000724015	0	0	0	0	0	0	0	0	0	0	0	0
ASV2696	0	0	0	0	0	0	0	0	0	0	4.52509E-05	0	0	0	0	0	0	0	0	0	0	4.52509E-05	0	0.000181004	0	0	0
ASV2697	0	0	0	0	0	0	0	0	0	0	0	0	0	0	0	0	0	0	0	0	0	0	0	0	0	4.52509E-05	0
ASV2698	0	0	0	0.000135753	0	0.000181004	0	9.05018E-05	0	0	9.05018E-05	4.52509E-05	0	0	0	0	0	0	0	4.52509E-05	4.52509E-05	0	0	0	0	0.000226255	0
ASV2702	0	0	0	0	0	0	0	0	0	0	0	0	0	0	0	0	0	0	0	0.000135753	0	0	0	0	0	0	0
ASV2704	0	0	0	0	0	0	0	0	0	0	0	0.000226255	0	0	0	0	0	0	0	0	0.000271505	0	0	0	0	0	0
ASV2706	0	0	0	0	0	0	0	0	0	0	0	0	0.000135753	0.000135753	0	0	0	9.05018E-05	0	0	0	0	0	0	0	0	0
ASV2707	0	0	0	0	0	0	0	0	0	0	0	0	0	0	0	0.000135753	0	0	0	0	0	0	0	0	0	0	0
ASV2715	0	0	0	0	0	0	0	4.52509E-05	0	0.000271505	0.000135753	0	0.000181004	0	0	0	0	0	0	0	0	0	0.000181004	0.000181004	0	0	0
ASV2716	0	0	0	0	0.000135753	0	9.05018E-05	9.05018E-05	0	0	0	0	0	0	0	0	0	0	0	0	0	0	0	0	0	0	0.000135753
ASV2718	0	0	0	0	0	0.000135753	0	0.000226255	9.05018E-05	0.000135753	0	0.000135753	4.52509E-05	0	0	0	0	0	9.05018E-05	0	0	0	0	0	0	0	0
ASV2719	0	0	0	0	0	0	0	0	0.000316756	0	0	0	0	0	0	0	0	0	0	0	0	0	0	0	0	0	0
ASV2720	0	0	0.000271505	0	0.000271505	0	0	0	0	0	0	0	0	0	0.000226255	0	0	0	0	0	0	0	0.000181004	0	0	0	0
ASV2727	0	4.52509E-05	0	0	0	0	0.000181004	0.000181004	0	9.05018E-05	9.05018E-05	4.52509E-05	9.05018E-05	4.52509E-05	4.52509E-05	0	9.05018E-05	0	0	0	4.52509E-05	0	0	0	0	0	0
ASV2728	0	0	0	0	0	0	0	0	0	0	4.52509E-05	0.000135753	0	0	0	0.000226255	0	0	0.000181004	0	0.000181004	0	0	0	0	0	0
ASV2730	0	0	0	0	0	0	0	0	0	0.000226255	0.000181004	0.000316756	0	0	0	0.000135753	0	0	0	0	0	0.000135753	0	0	0	0	0
ASV2737	0	0	0	0	0	0	0	0	0	0	0.000135753	0	0	0	0	0	0	0	0.000226255	0.000226255	0	0	0.000181004	0	0	0.000181004	0
ASV2739	0	0	0.000181004	0.000271505	4.52509E-05	0	0	0.000135753	9.05018E-05	0	0	0	4.52509E-05	0	0	0	0	0	0	0	0	0	0	0	0	0	0
ASV2740	0	0	0	0	0	0	0	9.05018E-05	0	0	0	0	0	0	0	0	0	0.000226255	0	0	0.000271505	0.000271505	9.05018E-05	0	0	0	0
ASV2743	0	0	0	0	0	0	0	0	0	0	0	0	0	0	0	4.52509E-05	0.000135753	0	0	9.05018E-05	0	0	9.05018E-05	0.000135753	0	0	0
ASV2746	0	0	4.52509E-05	0	0	0	0.000135753	0	0	0	0	0	0	0	0	0	0	0	0	0	0	0	4.52509E-05	0	4.52509E-05	0.000181004	0.000181004
ASV2749	0	0	0	0	0	0	0	0.000181004	0.000226255	0.000135753	0	0	0	0	0	0	0	0	0	0	0	0	0	0	0	0	0
ASV2750	0	0	0	0	0	0	0	0.000135753	0	0.000135753	0	4.52509E-05	9.05018E-05	4.52509E-05	4.52509E-05	9.05018E-05	0	0	0	0	0	0	0	0	0	0	0
ASV2751	0	0	0	0	0	0	0	0	0	0	0	0	0	0	0.000226255	0	0	0	0	0	0	0	0	0	0	0	4.52509E-05
ASV2752	0	0	0	0	0	0	0	0	0	0	0	0	0	0	0	0	0	0	0	0	0	0	0	0.000181004	0	0	0
ASV2758	0	0	0	0	0	0	0	0	9.05018E-05	0.000316756	0.000226255	0.000181004	0	9.05018E-05	0	0	0	0	0	4.52509E-05	0	0	0	0	0	0	0
ASV2761	0	0	0	9.05018E-05	9.05018E-05	0	9.05018E-05	0	0	0	0	0	0	0	4.52509E-05	0	0	4.52509E-05	0	0	0.000135753	0	0	0	0	0	0
ASV2764	0	0	0	0	0	0	0	4.52509E-05	9.05018E-05	4.52509E-05	0	0	0	0	0	0	0.000181004	0.000181004	4.52509E-05	0	0	0	0	0	9.05018E-05	0	0.000407258
ASV2765	0	9.05018E-05	0	0	0	0	0	0	0	0	0	0	0	0	9.05018E-05	0	9.05018E-05	0.000135753	4.52509E-05	0	9.05018E-05	0.000135753	0	0	0	0.000181004	0.000135753
ASV2767	0	0	0	9.05018E-05	0	0	4.52509E-05	0.000135753	0	0.000181004	0	0	0	0	4.52509E-05	0	0	0	0	0	0.000135753	0.000135753	0.000226255	0	0	0	0
ASV2769	0	0.000135753	0	0	0	0	0	4.52509E-05	0	0.000135753	0	0.000181004	0.000135753	9.05018E-05	0	0	0	0	0	0	4.52509E-05	4.52509E-05	0	0	0	0	0
ASV2770	0	0	0	0	0	0	0	0	0	0.000135753	0.000181004	0	0.000181004	0	0	0	0	0	0.000181004	0.000135753	0.000226255	0	0	0	0	0	0
ASV2771	0	0	4.52509E-05	0	0	0	0	9.05018E-05	0	0	0	0	0.000135753	0	4.52509E-05	0	0	0	9.05018E-05	0	0	0	0.000135753	0	0.000226255	0	0
ASV2772	0	0	0.000316756	0.000226255	0	0	0	0	0	0	0.000135753	0	0	0	0	0	0	0	0	0.000226255	0	0	0	0	0	0	0
ASV2775	0	0	0	0	0	0	0	0	0	0	0	0	0	0	0	0	0	0	0	9.05018E-05	0	0	0	0	0	0	0
ASV2776	0	0	0	0	0	0	0	0	0	0	0	0.000271505	0	0	0	9.05018E-05	0	0	0	0	0	0	0	0	0	0	0
ASV2786	0	0	0	0	0	0	0	9.05018E-05	0	0	0	0	0	0	0	0	0	0	0	0	0	0	0	0	0	0	0
ASV2787	0	0	0	0	0	0	0	0	0	0	0	0	0	0	0	0	0	0	0	0	0	0	0	0	0	0	4.52509E-05
ASV2788	0	0.000407258	0	0	0	0	0	0	0	0	0	0	0	0	0	0	0	0	0	0	0	0	0	0	0	0	0
ASV2789	0	0	0	0	0	0	0	0	0	0	0	0	0	0	0	0	0	0	0	0	0	0.000271505	0.00049776	0	0	0	0
ASV2795	0	0	0	0	9.05018E-05	0	0	0	0	0	0	0	0	0	0	0	0	0	0	4.52509E-05	0	0.000135753	4.52509E-05	0.000135753	0.000181004	0	0
ASV2796	0	0	0	0	0	0	0	0	0	0	0	0	0	0	0	0.000226255	0.000452509	0	0.000181004	0	0	0	0	0	0	0	0
ASV2797	0	0	0	0	0	0	0	0	0	0	0.000407258	0.000407258	9.05018E-05	9.05018E-05	0	0	4.52509E-05	0	0	0	9.05018E-05	0	0	0	0	0	0
ASV2798	0	0	0	0	0	0	0.000135753	0	0	0	0	9.05018E-05	0	0	0	0	0	4.52509E-05	0.000135753	0	9.05018E-05	0	0.000181004	0	0	0	0.000181004
ASV2799	0	0	0	0	0	9.05018E-05	0	0	0	0	0	0	0.000181004	0	0.000135753	0	0	0	0.000135753	0	4.52509E-05	0	0	0	0	0	0
ASV2802	0	0	0	0	0	0	0	0	0	0	0	0	0	0	4.52509E-05	0	0	0	0	0	0	0	0	0	0	0	0
ASV2803	0	0	0	9.05018E-05	0	0	0	0.000226255	0	0	0	0	0	0	0	0	0	0	0	0	0	0	0	0	0	0	0
ASV2804	0	0	0	0	0	0	0	0	0	0	0	0	0	0.000588262	0	0.000181004	0	0	0	0	0	0	0	0	0	0	0
ASV2807	0	0	0	0	0	0	0	4.52509E-05	0	0.000181004	0.000226255	0	0.000407258	0	0	0	0	0.000135753	0	0	0	0	0	0	0	0	0
ASV2814	0	0	0	9.05018E-05	0	4.52509E-05	0	0	0.000135753	0	9.05018E-05	9.05018E-05	0	0	0	0	0	0	0	0	0	9.05018E-05	0	9.05018E-05	0	0	0
ASV2817	0	0	0	0	0	0	0	0	0	0	0	0	9.05018E-05	0.000135753	0	0.000226255	0	0	0	0	0.000181004	0.000135753	0	0	0	0	0
ASV2818	0	0	4.52509E-05	0	0	0	0	0	0	0	0	0	0	0	0	0	0	0	0	0	0	0	0	0	0	0	0
ASV2819	0	9.05018E-05	0	0	0	0	0	0	0	0	0	0	0	0	0	0	0	0	0	0	0	0	0	0	0	0	0
ASV2820	0	0	0	0	0	0	9.05018E-05	0.000226255	0.000226255	0	0	0	0	0	0	0	0	0	0	0	0	0	0	0	0	0	0
ASV2821	0	0	0	0	0	0	0	0	0	0	0	9.05018E-05	0	0	0	0	0.000135753	0	9.05018E-05	0	0	0.000135753	0	0	0	0	0
ASV2824	0	0	0	0	9.05018E-05	0	0	0	0	0	0	0	0	0	0	0	0	9.05018E-05	0	0	0.000135753	0	0	9.05018E-05	0	0	0
ASV2825	0	0	0	0	0	0	0	0.000135753	0	0	0	0	9.05018E-05	0	0	0	0	0	0	4.52509E-05	0.000226255	0	4.52509E-05	0	0	0	0
ASV2826	0	9.05018E-05	0.000135753	0.000316756	0	0	0.000226255	4.52509E-05	4.52509E-05	0	0	0	0	0	0	0	0	0	0	0	0	0	0	0	0	0	0
ASV2827	0	0	0.000316756	0	0	0	0	0	0	0.000181004	0	0.000271505	0	0.000181004	0	9.05018E-05	0	0	0	0	0	0	0	0	0	0	0
ASV2828	0	0	0.000135753	0	0.000135753	0	0	4.52509E-05	0	4.52509E-05	0	0	0	0	0	0	0	0.000271505	4.52509E-05	0	0	9.05018E-05	9.05018E-05	0	0	0	0
ASV2829	0	0	0	0	9.05018E-05	0	0	0	9.05018E-05	4.52509E-05	0	0	0.000135753	0.000181004	0.000181004	0.000135753	0	0	0	0	0	0	0	0	0	0	0
ASV2834	0	0	0	0	0	0	0.000814516	0	0	0	0	0	0	0	0	0	0	0	0	0	0	0	0	0	0	0	0
ASV2835	0	0	0	0	0	0	0	0	0	0	0	0	4.52509E-05	0	0	0	0	0	0	0	0	0	0	0	0	0	0
ASV2836	0	0	0	0	0	0	0	0	0	0	0	0	0	0	0	0	0	0.000226255	0	0	0	0.000135753	0.000407258	0	0	9.05018E-05	0
ASV2837	0	9.05018E-05	0	4.52509E-05	9.05018E-05	4.52509E-05	0	9.05018E-05	0	4.52509E-05	4.52509E-05	9.05018E-05	0	0	4.52509E-05	4.52509E-05	0	0.000135753	0	0	0	0	0	0	0	0	0
ASV2838	0	0	0	0	0	0	0	0	0	0.000181004	0	0	0	0.000226255	0.000135753	0.000271505	0	4.52509E-05	0	0	0	0	0	0	0	0	0
ASV2839	0	9.05018E-05	0.000135753	4.52509E-05	0	0	0	0	0	0	0	0	0	0	0	9.05018E-05	0	0	0	0.000135753	0	0	0	0	0	0.000135753	0.000181004
ASV2841	0	0	0	0	0	0	0	9.05018E-05	0	0.000135753	0	0.000226255	9.05018E-05	0.000271505	0	0	9.05018E-05	0	0	0	0	0	0	0	0	0	0
ASV2842	0	0	4.52509E-05	0	0	0	0	0	0	9.05018E-05	0	0	0	0	0	4.52509E-05	0	0	0.000135753	0	0	0	0	0	0.000135753	0	9.05018E-05
ASV2845	0	0	0	0	0	0	0	0	0	9.05018E-05	0	0	0	0	0	0	9.05018E-05	9.05018E-05	0	0	0	0	0	0	0	0	0
ASV2846	0	0.000181004	0	0	0	0	0	0.000226255	0	0	0	0	0	0	0	0	0	0	0	0	0	0	0	0	0	0	0
ASV2847	0	0	0	0	0	4.52509E-05	0	0	0	0.000181004	0	0	0	0	0	4.52509E-05	0	0	9.05018E-05	9.05018E-05	9.05018E-05	9.05018E-05	0	9.05018E-05	0	0	0
ASV2848	0	0	0	0	0	0	0	0	0	0	0	9.05018E-05	0	0.000135753	4.52509E-05	9.05018E-05	4.52509E-05	0	0	0	0	0	0.000135753	0	0	0	9.05018E-05
ASV2849	0	0	0	0	0	4.52509E-05	0	0	0	0	0	0	0	0	0	0	0	0	0	0	0.000135753	0	0.000181004	0	0	0	0
ASV2850	0	0	0	0	0	0	0	0	0	0	0	0.000271505	0	0	0	0	0	0.000316756	0	0	9.05018E-05	0	4.52509E-05	0	0	9.05018E-05	0
ASV2851	0	0	0	0.000135753	0	0	0	0	0	0	0	0	0	0	0	0	0	0	0	0	0	0	0	0	0	0	0
ASV2852	0	0	0	0	0	0	0	0	0	0	0	0	0	0	0	0	0	0	0	0	0	4.52509E-05	4.52509E-05	0	0	0	0
ASV2853	0	0	0	0	0	0	0	0	0	0	0	0	0	0	0	0	0	0	0	0	0	0	0	0.000135753	9.05018E-05	0.000181004	0.000316756
ASV2854	0	0	0	0	0.000181004	4.52509E-05	0	0.000316756	0.000135753	0	9.05018E-05	0	9.05018E-05	0	0	0	0	0	0	0	0	0	0	0	0	0	0
ASV2855	0	0.000859767	0	0	0	0	0	0	0	0	0	0	0	0	0	0	0	0	0	0	0	0	0	0	0	0	0
ASV2856	0	0	0	0	0	0	0	0	0	0	0	0	0	0	0	0	0	4.52509E-05	0	0	0	0	0	0	0	0	0
ASV2857	0	0	0	0	0.000271505	0	0	0	0	0.000135753	0	0	0	0	0	0	0	0	0.000316756	0	0	0	0	0	0	0	0
ASV2858	0	0	0	0	0	0	0.000135753	0	9.05018E-05	0	0	0	0	0	0	0	0	0	0	0	0	0	0	0	0	0	0
ASV2863	0	0	0	0	0	0	0	0.000135753	0	0	4.52509E-05	0.000135753	4.52509E-05	0	0	0.000226255	0	0	0	0	0	9.05018E-05	0	0	0	0	0.000181004
ASV2866	0	0	0	0	0	0	0	0	0	0	0	0.000135753	0	0.000362007	0	0	9.05018E-05	0	4.52509E-05	0	0.000135753	0	0	0	0	0	0
ASV2867	0	0	0.000181004	0	0	0	0	0	0	0	0	0	0	0	0	4.52509E-05	0	0	0	0	0	0	0	0	0	0	0.000135753
ASV2872	0	0	0	0	0	0.000135753	0.000135753	4.52509E-05	0	0	0	0	9.05018E-05	0	0	0	4.52509E-05	0	0	0	0	0	0	0	0	0	0
ASV2873	0	0	0	0	0	0	0	0	0	0	0	0	9.05018E-05	0	0	0	0.000135753	0	0	0	0	0	0	0	0	0	0
ASV2874	0	0	0	0	0	0	4.52509E-05	0	0	0	0	0	0	0	0	9.05018E-05	0	0	0	0	0.000135753	9.05018E-05	0.000316756	0.000135753	0.000181004	0	0
ASV2876	0	0	0	0	0	0	0	0	0	0	0	0	0	0	0	0	0	0.000407258	0	0	9.05018E-05	0	0	0	0	0	0
ASV2878	0	0	0	0	0	0	0	0	0	0	0	0	9.05018E-05	0.000316756	0.000226255	0.000181004	0	0	0	0	0	0	0	0	0	0	0
ASV2879	0	0	0	0	0	0	0	9.05018E-05	9.05018E-05	0	0.000135753	0	0	4.52509E-05	0	0	0	0	0	0	0	0	0	0	0	0	0
ASV2882	0	0	0	0	0	0	0	0.000181004	0.000226255	0.000135753	0	9.05018E-05	4.52509E-05	9.05018E-05	0.000135753	0	0	0	0	0	0	0	0	0	0	0	0
ASV2888	0	4.52509E-05	0	0.000135753	4.52509E-05	4.52509E-05	0.000181004	9.05018E-05	9.05018E-05	4.52509E-05	0	0	0	0	0	0	0	0	0	0	0	0	0	0	0	0	4.52509E-05
ASV2889	0	0	9.05018E-05	0	9.05018E-05	0.000271505	0	9.05018E-05	0	0.000135753	0.000135753	0	0	0	0	0	0	0	0	0	0	0	0	0	0	0	0
ASV2891	0	0	0	0	0	0	0	0	0	0	0	0	0	0	0	0	4.52509E-05	0	0	0	0	9.05018E-05	0	0	0	0	0
ASV2892	0	0	4.52509E-05	0.000316756	0.000226255	0	0	0	0	0	0	0	0	0	0	0	0	0	0	0.000135753	0	0	0	0	0	0	0.000135753
ASV2897	0	0	0	0	0	0	0	0.000316756	0.000181004	0	0	0.000135753	0	0	0	0	0.000135753	0	0	0	0	0	0	0	0	0	0
ASV2898	0	0	0	0	0	0	0	0	0	0	0	0	0	0	0	4.52509E-05	0	0	0	0	0	0	0	0	0	0	0
ASV2899	0	0	0	0	0	0	0	0	0	0	0	0	0.000316756	9.05018E-05	0.000135753	9.05018E-05	9.05018E-05	0	0	0	0	4.52509E-05	0	0	0	0	0
ASV2900	0	0	0	0	0	0	0	0	0	0	0	0	0	0.000181004	0	0	0	0.000226255	0	0	0.000181004	0	0.000181004	0	0	0	0
ASV2901	0	0.000226255	0.000181004	0	0.000452509	0	0	0	0	0	0	0	0	0	0	0	0	0	0	0	0	0	0	0	0	0	0
ASV2903	0	0	0	0	0	0	0	0	0	0	0	0	0	0	0	0	0	0	9.05018E-05	0	0	9.05018E-05	0	0	0.000362007	9.05018E-05	4.52509E-05
ASV2904	0	0	0	0	0	0	0	0	0	0	0.00099552	0	0	0	0	0	0	0	0	0	0	0	0	0	0	0	0
ASV2907	0	0	0	0	0	0	0	0	0	0	0	0	0	0	0	0	0	0.000452509	0.000271505	9.05018E-05	4.52509E-05	0	0	0	0	0	0
ASV2911	0	0	9.05018E-05	9.05018E-05	0	0	9.05018E-05	0	4.52509E-05	0	9.05018E-05	0	4.52509E-05	0	0	4.52509E-05	0	0	9.05018E-05	0	0	0	0	0	0	0	4.52509E-05
ASV2913	0	0	0	0	0	0	9.05018E-05	0.000226255	0.000226255	0	0.000135753	9.05018E-05	0	0	0	0	9.05018E-05	0	0	0	0	0	0	0	0	0	0
ASV2914	0	0.000316756	9.05018E-05	0	0	0	0	0	0	0	0	0	0	0	0	0	0	0	0	0	0	0	0	0	0.000316756	0.000181004	0
ASV2915	0	0.000226255	0.000135753	0	0	0	0	0	0	0	0	0	0	0	0	0	0	0	0	0.000135753	4.52509E-05	0	0	0	0	0	0.000135753
ASV2916	0	0	0	0	0	0	0	0	0	0	0	0	0	0.000181004	0.000181004	0.000135753	0	9.05018E-05	0.000135753	0	0.000135753	0	0	0	0	0	0
ASV2917	0	0	0	0	0	0	0	0	0	0	0	0	0	0	0	0.000271505	0.000181004	0	0.000362007	0	0	0	0	0	0	0	0
ASV2918	0	0	0.000226255	4.52509E-05	0	0	4.52509E-05	0	0	9.05018E-05	0.000135753	4.52509E-05	0	0	0	0	4.52509E-05	9.05018E-05	0	9.05018E-05	4.52509E-05	0	0	0	9.05018E-05	0	0
ASV2919	0	0	0	0	0	0	0	0	0	4.52509E-05	0	0	0	0	0	0	0	0	0	0	0	0	0	0	0	0	0
ASV2923	0	0	0	0	0	0	0	0	0	0.000181004	0	0	0	0	0	0	0	0	0	0	0	0	0	0.000181004	0.000181004	0	0
ASV2924	0	0	0	0	0	0	0	0	0	0	0	0	0	0	0	0	0	0	0	0	0	0	0	0	0	0.000316756	0
ASV2925	0	0	0	0	0	0	0	0	0	0	0	0	0	0	0	0.000181004	0	0	0	0	0	0	0	0	9.05018E-05	0	0
ASV2926	0	0	0	0	0	0	0	0	0	0	0	0	0	0	0	0	0	0	0	0	0	0	0	0	0	0	0.000135753
ASV2927	0	0	0	0	0	0	0	0	0	0	0	0	0	0	0	0	0	0	9.05018E-05	9.05018E-05	0	0	0	0	0	0	0
ASV2932	0	0.000135753	9.05018E-05	0	0.000135753	0.000181004	9.05018E-05	0.000135753	0	4.52509E-05	0	0	0	0	0	0	0	0	0	0	0	0	0	0	0	0	0
ASV2935	0	0	0	0	0	0	0	0	0	0	4.52509E-05	0	0	9.05018E-05	0	4.52509E-05	0	0	0	4.52509E-05	0.000135753	0	9.05018E-05	0	0	0	0
ASV2937	0	0	0	0	0	0	0	0	0	0	0	0	0	0	0	4.52509E-05	9.05018E-05	9.05018E-05	0	0	0	0	9.05018E-05	0	0	0	0.000135753
ASV2938	0	0	0	0	0	0	0	0	0	0	0	9.05018E-05	9.05018E-05	0.000135753	0	9.05018E-05	0.000181004	0	0	4.52509E-05	4.52509E-05	0	9.05018E-05	0	0	0	0
ASV2939	0	0	0.000135753	0	0	0	0	0	0	9.05018E-05	0	4.52509E-05	9.05018E-05	0	0	4.52509E-05	4.52509E-05	9.05018E-05	0	0	0	0	0	0	0	0	0
ASV2940	0	9.05018E-05	0	0	0	0	0	0	0	0	0	0	0.000135753	0	0	4.52509E-05	0	0	0	0	9.05018E-05	0	0	0	0	0.000135753	0
ASV2944	0	0	0	0	0	0	0	0	0	0	0	0	0	0	0	0	0	0	0	0	9.05018E-05	0	0	0.000316756	0	0	0.000226255
ASV2945	0	0	0	0	0	0	0	0	0	0	0	0	0	0.000135753	0	0.000135753	0	0	0	0	0	0	0	0	0	0	0
ASV2946	0	0	0	0	0	9.05018E-05	0.000135753	0.000135753	0	0.000135753	0	0	0	0	0.000135753	4.52509E-05	0	0	0	0	0	0	9.05018E-05	0	0	0	0
ASV2947	0	0	0	0	9.05018E-05	0	9.05018E-05	0.000181004	9.05018E-05	4.52509E-05	9.05018E-05	4.52509E-05	9.05018E-05	0	0	0	0	0	0	0	0	0	0	0	0	0	0
ASV2948	0	0	0	0	0	0	0.000135753	0	0	0	0	0.000226255	0.000181004	0.000181004	0.000135753	0	0	0	0	0	0	0	0	0	0	0	0
ASV2955	0	0	0.000181004	0	0.000452509	0	0	0	0	0	0	0	0	0	0	0	0	0	0	0	0	0	0.000135753	0	0	0	0
ASV2956	0	0	0	0	0.000226255	0	0	0	0	0	0	0	0	4.52509E-05	0	0	0	0	0	0	0.000181004	0	0	0	0	0.000181004	0.000135753
ASV2957	0	0.00049776	0.000181004	0	0	0	0	0	0	0	0	0	0	0	0	0	0	0	0	0	0	0	0	0	0	0	0
ASV2958	0	0	0	0	0	0	0	0	9.05018E-05	0	0	0	0	0	0	0.000226255	0	0.000135753	0	0	9.05018E-05	0	0	0	0	0	0
ASV2959	0	0	0	0	0	0	0	0	0	0	0	0	0	0	0	0.000135753	9.05018E-05	0.000135753	0.000181004	0.000135753	0	0	0	0	0	0	0
ASV2960	0	0	0	0	9.05018E-05	0	0	0	0	0	0	0	9.05018E-05	0	9.05018E-05	0.000181004	0.000181004	0	0	0	0	0	9.05018E-05	0	0	0	0
ASV2964	0	0	9.05018E-05	0	0	0	0	0	0	0	0	0	0	0	0	0	0	0	0	0	0	0	0	0	0	0	0
ASV2969	0	0	0	0	0	0	0	0	0	0	0	0	0	0	0	0	0	0	0	0	0	0	0	0	0	0	0.000181004
ASV2970	0	0	0	0	0	0	0	0	0.000362007	0	0.000362007	0	0	0	0	0	0	0	0	0	0	0	0	0	0	0	0
ASV2973	0	0	0	0	0	0	0	0	0	0	0	0	0	0	0.000271505	0	0.000135753	9.05018E-05	0.000181004	0	0	0.000135753	0	0	0	0	0
ASV2979	0	0	0	0	0	0	0	0	0	0	0	0	0	0	0	4.52509E-05	0	0	0	4.52509E-05	0	0	0	0	0	0	9.05018E-05
ASV2980	0	0	0	0	0	0.000724015	0	0	0	0	0	0	0	0	0	0	0	0	0	0	0	0	0	0	0	0	4.52509E-05
ASV2982	0	0	0	0	0	0	0	0	0	0	0	0	0	0	0.000316756	0	0	0	0	0	0	0	0	0	0	0	0
ASV2983	0	0	0	0	0	0	0	0.000135753	0	0	0	0	9.05018E-05	0.000181004	0	9.05018E-05	0	0	0	0	0	0	0	0	0	0	0
ASV2984	0	0.000135753	0	4.52509E-05	0	0	9.05018E-05	0.000181004	0	0	0	0	0	0	0	4.52509E-05	0	0	0	0	0	0	0	0	0	0	0
ASV2990	0	0	0	0	0	0	0	0	0	0	0	0	0	4.52509E-05	0.000181004	0.000181004	9.05018E-05	0.000226255	0	4.52509E-05	4.52509E-05	0	0	0	0	0	0
ASV2993	0	0	0	0	0	0	0	0	0	4.52509E-05	0	0.000316756	0	0	0.000226255	0	0	0	9.05018E-05	0	0	0	4.52509E-05	0	0	0	0
ASV2994	0	0	0	0	0	0	0.000226255	0.000135753	0.000181004	9.05018E-05	0.000135753	0	0	0	0	0	0	0	0	0	0	0	0	0	0	0	0
ASV2995	0	0	0	0	0	0	0	0	0	0.000271505	0	0	0	0.000226255	0	0	0	0	0	9.05018E-05	0	0	0	0	0	0.000135753	0
ASV3005	0	0	0	0	0	0	0	0.000181004	0.000226255	0	0	0	0	0.000135753	0	9.05018E-05	0	0	0	0	0	0.000135753	0	0	0	0	0
ASV3008	0	0.000226255	0.000362007	0.000181004	9.05018E-05	0	0	0	0	0	0	0	0	0	0	0	0	0	0	0	0	0	0	0	0	0	0
ASV3009	0	0	0	0	0	0	0	0	0	0	0	0	0	0	0	0	0	0	0	0	0.000181004	0	0	0	0	0	0
ASV3010	0	0	0	9.05018E-05	4.52509E-05	4.52509E-05	0	4.52509E-05	0	0	0	9.05018E-05	0	0	0	0	0	4.52509E-05	0	0	0.000135753	0	0	0	0	0	0
ASV3011	0	0	0	0	0	0	0	0	0	0	0	0	0	0	0	0.000135753	0	0.000226255	0	0.000135753	9.05018E-05	0	4.52509E-05	0	0	0	0
ASV3012	0	0	0	0	0	0	0	0	0	9.05018E-05	0	0	0.000181004	0.000181004	0.000135753	0	0	0	0	0	9.05018E-05	0	0	0	0	0	0
ASV3015	0	0	0	0	0	0	0.000135753	0	0.000135753	9.05018E-05	0	0.000135753	0.000135753	0	4.52509E-05	0	0	0	0	0	0	0	0	0	0	0	0
ASV3016	0	0	0	0	0	0.000226255	0	0	0.000271505	0	0.000226255	9.05018E-05	0	0	0	0	0	0	0	0	0	0	0	0	0	0	0
ASV3017	0	0	0	0	0	0	0	0	0	0	0	0.000181004	0	0	0	0.000181004	0	0.000135753	0	0	0	0	0.000226255	0	0	0	0
ASV3018	0	0.000135753	0	0	0	0	0	0	0	0	0	0	0	0	0	0	0	0	0	0.000135753	0	0	0	0	0	0	0
ASV3020	0	0	0	0	0	0	0	0	0	0	0	0	9.05018E-05	0	0	0	0	0	0	0	0	0	0	0	0	0	0
ASV3021	0	0	0	0	0	0	0	0	0	0	0	0	0	0	0	0	0	0	0	0	0	0	0	0.000362007	0	0	0
ASV3022	0	0	0	0	0	0	0	0	0	0	0	0	0	9.05018E-05	0	0	0	0	0	0	0	0	0	0	0	0	0
ASV3024	0	0	0	0	0	0	0	0	0	0	0	0	0	0	0	0	0	0	0	0	0	0	0	0	0.000135753	0	0
ASV3030	0	0	0	0	0	0	0	4.52509E-05	9.05018E-05	0.000181004	0	0.000135753	0	0.000181004	0	0	0	0	0	0	0	0	0	0	0	0	0
ASV3032	0	0	9.05018E-05	0	4.52509E-05	0	0	0	0	0	0	0	0	0	0	0	0	0	0	0	0	0	0	0	0	0	0
ASV3037	0	0	0	0	0	0	0	4.52509E-05	0	0	0.000135753	0.000226255	0.000135753	0	0	0	0	4.52509E-05	0	0.000135753	4.52509E-05	0	0	0	0	0	0
ASV3040	0	0	0	9.05018E-05	0	0	0	0.000135753	0.000181004	0	0.000181004	0	0	0	0	0	0.000181004	0	0	0	0	0	0	0	0	0	0
ASV3041	0	0	0	0	0	0	0	0	0	0	0	0	0	0	9.05018E-05	0.000181004	0.000226255	0	9.05018E-05	0	0	0	0	0	0	9.05018E-05	0
ASV3042	0	0	0	0	0	0	0	0.000135753	4.52509E-05	0	0	0	0	0	0	0	4.52509E-05	9.05018E-05	0	0	9.05018E-05	9.05018E-05	0	4.52509E-05	0	0	0
ASV3043	0	0	0	0	0	0	0	0	0	0	0	0	0	0	9.05018E-05	0	0	0	0	0	0.000135753	0.000135753	0	0	0	0	0
ASV3045	0	0	9.05018E-05	0	0	0	0	0	0	0	0	9.05018E-05	0	0	0	0	0	0	0	9.05018E-05	4.52509E-05	0.000135753	0	0	4.52509E-05	0	0.000316756
ASV3047	0	0	0	0	0	0	0	0	0	0	0	0	0	0	0	0	0	0	0	0	0.000407258	0	0	0	0	0	0
ASV3049	0	0	0	0	0	0	0	0	0	0.000226255	0.000271505	0.000135753	9.05018E-05	9.05018E-05	0	0	0	0	0	0	0	0	0	0	0	0	0
ASV3050	0	0	0	0	0	0	0	0	0	0	0	0	0	0	0	4.52509E-05	0	0	0	0	0	4.52509E-05	0	0	0	0	0
ASV3051	0	0	0	4.52509E-05	0	0	0	0	0	0	0	0	0	0	0.000135753	0.000271505	0	0	0.000181004	0	0	0	0	0	0	0	0
ASV3052	0	0	0	0	0	0	0	0	0	0	0	0	0	0	0	0	0	0	0.000724015	0	0	0	0	0	0	0	0
ASV3060	0	0	0	0	0	0	0.000181004	0	0	0	0	0	0	0	0	0	0	0	0	0	9.05018E-05	9.05018E-05	0	0	0.000181004	0	0
ASV3061	0	0	0	0	0	0	0	0	0	0	0	0	0.000226255	0.000362007	0	0	0	0	0	0	0	0	0	0	0	4.52509E-05	4.52509E-05
ASV3062	0	0.000362007	0	9.05018E-05	0.000135753	0	0	0	0	0	0	0	0	0	0	0	0	0	0	0	0.000135753	0	0	0	0	0	0
ASV3063	0	0	0	0	0	0	0	0	0	0	0	0	0	0	4.52509E-05	9.05018E-05	0.000181004	0.000181004	9.05018E-05	0	0	0	0	0	0	0	0
ASV3064	0	0	0	0	0	0	0	0	0	0	0	0	0	0	0	0	0	0	9.05018E-05	0	0.000226255	0	0	4.52509E-05	9.05018E-05	0	0.000226255
ASV3071	0	0	0	0	0	0	0	0	0	0.000135753	0	0	0.000135753	0	0	0.000135753	9.05018E-05	0	0	0.000181004	0	0	0	0	0	0	0
ASV3072	0	0	0	0	9.05018E-05	0	0	0	0.000271505	0	0.000135753	0	0	0.000181004	0	0	4.52509E-05	0	0	0	0	0	0	0	0	0	0
ASV3073	0	0	0	4.52509E-05	0	0	9.05018E-05	4.52509E-05	0	4.52509E-05	0	0	0	9.05018E-05	0	0.000135753	4.52509E-05	0	0	0	0	0	4.52509E-05	9.05018E-05	0	0	0
ASV3074	0	0	0	0	0.000181004	0	4.52509E-05	0	0.000135753	0.000181004	9.05018E-05	9.05018E-05	0	0	0	0	9.05018E-05	0	0	0	0	0	0	0	0	0	0
ASV3075	0	0	0	0	0	0	0	0	0	0	0	0	4.52509E-05	0	0	0.000135753	0	0	0	0	0.000271505	0	0.000181004	4.52509E-05	4.52509E-05	4.52509E-05	0
ASV3078	0	0	0	0	0	0	0	0	0	0	0	0	0	0	0	0	0	9.05018E-05	0	0	0	0	0	0	0	0	0
ASV3079	0	0	0	0	0	0	0	0	0	0	4.52509E-05	0	0	0	0	0	0	0	0	0	0	0	0	0	0	0	0
ASV3080	0	0	0	0	0	0	0	0	0.000181004	0	0	0	0	0	0	0.000407258	0	0	0	0	0	0	0	0	0	0	0
ASV3089	0	0	0	0.000135753	0	0	0.000135753	9.05018E-05	0.000271505	4.52509E-05	0	0	0	0	0	0	0	0	0	0	0	0	0	0	0	0	0
ASV3090	0	0	0	0	0	9.05018E-05	4.52509E-05	4.52509E-05	0.000226255	0	0	0.000226255	0	0.000135753	0	0	0	0	0	0	0	0	0	0	0	0	0
ASV3091	0	0	0	0	4.52509E-05	0	0	0	0	0	0	0.000135753	0	4.52509E-05	0	9.05018E-05	0	4.52509E-05	0	0	0	0	0	0	0	0	0
ASV3098	0	0	0	0.000316756	0	9.05018E-05	0	0	4.52509E-05	0	0	0	0	0	0	0	0	0	0	0	0	0	0	0	0	0	0
ASV3101	0	0	0	0	0	0	0	0	0	0	0	0	0	9.05018E-05	0	4.52509E-05	9.05018E-05	0	0	0	4.52509E-05	0	0	0	0	0	0
ASV3103	0	0	0	0.000135753	0	0	0	0	0	9.05018E-05	0.000181004	0	0	0	0	0	0	0	0.000181004	0	4.52509E-05	0	0	9.05018E-05	0	0	0
ASV3104	0	0	0.000316756	0	0	0	0	0	0	0	0	0	0	0	0	0.000316756	0	0	0	0	0	0	0	0	0	0	0
ASV3105	0	0.000135753	0.000135753	0	0.000226255	0	0	9.05018E-05	0	0	0	0	0	0	0	0	0	0	0	0	0	0	0	4.52509E-05	0	0	0
ASV3106	0	0	0.000588262	0	0	0	0	0	0	0	0	0	0	0	0	0	0	0	0	0	0	0	0	0	0	0	0
ASV3108	0	0	0	0	0	0	0	0	0	0	0	0	0	4.52509E-05	0	0	0	0	0	0	0	0	0	0	0	0	0
ASV3114	0	0	0	0	0	4.52509E-05	0	0	0	0	0	0	0	0.000226255	0	0	0	0.000135753	0.000226255	0	0	0	0	0	0	0	0
ASV3122	0	0	0	9.05018E-05	0	0	0	0	0	0	0	0	0	0	0	0	0	0	0	0	0	0	0	0	0	0	0
ASV3123	0	0.000271505	0	0	0	0	0	0	0	0	0	0	0	0	0	0	0	0	0	0	9.05018E-05	0	4.52509E-05	0	0	0	0.000181004
ASV3124	0	0	0	0	0	4.52509E-05	4.52509E-05	0	0	0	0	0	0.000135753	0	0	0	0	0	0	0	0	0	0	0	0	0	0
ASV3125	0	0	0.000135753	0	0	0	0	0	0	0	0	0	0	0	0	0	0	0	0.000181004	0	0	0	0.000135753	0	0	0.000135753	0
ASV3126	0	0	0	0	0	0	0	0	0	0	0	0.000316756	0.000181004	0.000181004	0	4.52509E-05	0	0	0	0	0	0	0	0	0	0	0
ASV3131	0	0	4.52509E-05	0	0	0	0	0	0	0	0	0	0	0	0	0	9.05018E-05	9.05018E-05	0	0	4.52509E-05	0	0.000135753	0.000135753	0.000181004	0	0
ASV3133	0	0	4.52509E-05	9.05018E-05	0	0.000135753	0	0	0	0	0	0	0	0	4.52509E-05	0.000135753	0	0	0	9.05018E-05	0	0	4.52509E-05	0	0	0	0
ASV3134	0	0	4.52509E-05	0	0	0	0	0	0	0	0	9.05018E-05	0.000181004	9.05018E-05	0	4.52509E-05	0	0.000181004	0	0	0	0	0	0	0	0	0
ASV3135	0	0	0.000135753	0	0	0	0	0	0	0	0	0	0	0	0	0	0	0	0	0	0	4.52509E-05	0	0	0	0	0
ASV3137	0	0	0	0	0	0	4.52509E-05	9.05018E-05	0	9.05018E-05	0	0.000135753	0	4.52509E-05	0	4.52509E-05	0	0	4.52509E-05	0	0	4.52509E-05	0	0	0	0	0
ASV3138	0	0	0	0	0	0	0	4.52509E-05	0	0	0.000226255	0.000135753	4.52509E-05	9.05018E-05	0	0	0	0	0	4.52509E-05	0	0	0	0	0	0	0
ASV3139	0	0	0	0	9.05018E-05	0	4.52509E-05	0	0	0	0	0	0.000181004	0	0	9.05018E-05	0	0	9.05018E-05	0	0	0	0	0	0	0	9.05018E-05
ASV3140	0	0	0	0	0	0	0	0.000271505	0.000181004	0	0	0	0	0	0	0	0	0	0	0.000181004	0	0	0	0	0	0	0
ASV3141	0	0	0	0	0	0	0	0	0	0	0	0	0	0	0	4.52509E-05	0	0	0	0	0	0	0	0	0	0	0
ASV3142	0	0.000316756	0	0	0.000181004	0	0	0	9.05018E-05	0	0	0	0	0	0	0	0	0	0	0	0	0	0	0	0	0	0
ASV3143	0	0	0	0	0	0.000452509	0.000135753	0	0	0	0	0	0	0	0	0	0	0	0	0	0	0	0	0	0	0	0
ASV3144	0	0	0	0	9.05018E-05	9.05018E-05	0	0.000135753	0.000135753	0	9.05018E-05	0	9.05018E-05	0	0	0	0	0	0	0	0	0	4.52509E-05	0	0	0	0
ASV3145	0	0	0	0	0	0.000181004	0	0	9.05018E-05	0	0	9.05018E-05	0	0	0.000181004	4.52509E-05	0	0	0	0	0	0	0	0	0	0	0
ASV3146	0	0.000181004	0	0	4.52509E-05	0	0	0	0	0	0	0	0	0	0	0	0	0	0	0	0	0	0	0	0	0	0.000362007
ASV3147	0	0	0	0	0	0	0	0	0	0	0	0	0	0	0	0	0	0	4.52509E-05	0	0	4.52509E-05	0	0	0	0	4.52509E-05
ASV3148	0	0	0	0	9.05018E-05	0	0	0	0	0	0	0	0	0	0	0	0	0	0	0	0	4.52509E-05	0	0	0.000181004	0	0
ASV3150	0	0	0	0	4.52509E-05	0	0	0	0	0	0	9.05018E-05	0	0	0	0	0	0	0	0	0	0	0	0	4.52509E-05	0	0
ASV3162	0	0	0	4.52509E-05	9.05018E-05	0	4.52509E-05	0.000181004	0	0.000135753	0	0	0	0	0	0	0	0	0	0	0	0	0	0	0	4.52509E-05	0
ASV3163	0	0	0	0	0	0	0	0	0	0	0	0	0	0	0	0	0	0	0.000135753	9.05018E-05	0	0.000316756	0	0	0	0	0
ASV3165	0	0	0	0	0	0	0	0	0	9.05018E-05	0	0	0	0	0	0	0	0	0	0	0	0	0	0	0	0	0
ASV3166	0	0	0	0	0	9.05018E-05	0	4.52509E-05	0	0	0	0	0	0	0.000135753	0.000226255	9.05018E-05	0	0	0	0	0	0	0	0	0	0
ASV3177	0	0	0	0	0	0	0	0	0	0	0	0	0	4.52509E-05	0	0.000135753	9.05018E-05	9.05018E-05	9.05018E-05	0	4.52509E-05	4.52509E-05	0	0	0	0	0
ASV3178	0	0	0	9.05018E-05	9.05018E-05	0	0	0	0	0	4.52509E-05	0	0	0	0	0	0	0	0	0	0	0	0	4.52509E-05	9.05018E-05	9.05018E-05	0.000181004
ASV3179	0	0	0	0	0	0	0	0	0	0	0	0	0	4.52509E-05	0	0	4.52509E-05	0	0	0.000316756	0	0	0	0	0.000135753	0	0
ASV3181	0	0	0.000181004	0	0	0	0	0	0	0	0	0	0	0	0	0	0	0	0	0	0.000226255	0	0	0	0	0	0
ASV3182	0	0	0	0	0	0	0	4.52509E-05	0	0	0	0	0	0	0	0	0	0	0	0	4.52509E-05	0	4.52509E-05	0.000181004	0	0	0.000181004
ASV3185	0	0	0	0	0	0	0	0	0	0	0	0	0	0.000181004	0	0	0.000135753	0	0	0.000135753	0.000135753	0	0	0	0	0	0
ASV3187	0	0	0	0	0	0	0	0	0	0	0	0	0	0	0	0	0	0	4.52509E-05	0	0.000135753	0	0	9.05018E-05	0	9.05018E-05	0.000181004
ASV3189	0	0	0	0	0	0	0	0	9.05018E-05	9.05018E-05	0.000271505	0	0	9.05018E-05	9.05018E-05	0	0	0	9.05018E-05	0	0	0	0	0	0	0	0
ASV3190	0	0	0	0	0	0	0	0	0	0	0	0	0	0	0	0	0	0	0	4.52509E-05	0	0.000181004	0.000226255	0.000226255	0	0	0
ASV3191	0	0	0	4.52509E-05	0	0	0	0	0	0	0	0.000181004	0	0	0	0	0	4.52509E-05	4.52509E-05	0	0	9.05018E-05	9.05018E-05	0	0	0	9.05018E-05
ASV3192	0	0	0	0	0	0	0	0	0.000181004	0	0	0	0	0	0	0	0	0	0	0	0	0	4.52509E-05	9.05018E-05	0	0.000226255	9.05018E-05
ASV3193	0	0	0	0	0	0	0	0	0	0	0	0	0	0	0	0	0	0	0	0	0	0	0	0	4.52509E-05	9.05018E-05	0.000316756
ASV3194	0	0	0	0	0	0	0	9.05018E-05	4.52509E-05	0	0	0	9.05018E-05	0.000181004	0	9.05018E-05	0	0	0	0	0	0	0	0	0	0	0
ASV3195	0	0	0	0	0	9.05018E-05	0.000135753	0	0	0	0	0	0	0	0	0	0	0	0	4.52509E-05	0	0	0	0	0	0	0
ASV3205	0	0	0	0	0	0	0	0.000271505	0.000181004	0.000135753	0	0	0	0	0	0	0	0	0	0	0	0	0	0	0	0	0
ASV3209	0	0	0	0	0	0	0	0	0	0	0	0.000135753	4.52509E-05	0	0	0	4.52509E-05	0	0	0	0	0	0	0	0	0	0
ASV3214	0	0	0	0	0	0	0	0	0	0	0	0	0	0	0	0	0	0.000135753	0	0	0	0	0	0	0	0	0
ASV3215	0	0	0	0	0	0	0	0	0	0	0	0	0	0	0	0	0.000181004	0	0	0	0	4.52509E-05	0	0	4.52509E-05	0	0
ASV3216	0	0	0	0	0	0	0	9.05018E-05	0	0	0	0	0	0	0	0	0.000135753	0	0	0.000316756	0	0	0	0	0	0	0
ASV3218	0	0	0	0	0	9.05018E-05	0	0	0	0	0	0.000271505	0	0.000181004	0	0	4.52509E-05	0	0	0	4.52509E-05	0	0	0	0	0	0
ASV3219	0	0	0	0	0	0	0.000135753	0	0.000135753	0	0	0	9.05018E-05	0	0	0	0	0	0	0	0.000181004	0	0	0	0	0	9.05018E-05
ASV3220	0	0	0	0	0	0	0	0	0	0	0	0	4.52509E-05	0	4.52509E-05	0	9.05018E-05	0	0	0	0	0	0	0	0	0	0
ASV3222	0	0	0	0	0	0	0	0	0	0	0	0	0	0	0	0.000226255	0	0	0	0	0.000181004	0	0	0	4.52509E-05	0	0
ASV3224	0	0	0	0	0	0	0	0	0	0	0	0	9.05018E-05	4.52509E-05	0	0	0	0	0	0	0.000181004	0	0	0	0	0	0
ASV3225	0	0	0	0	0	0	0	0.000135753	4.52509E-05	0	0	0	0	0	0	0	9.05018E-05	0	0	0	0	0	0	4.52509E-05	0	0	0
ASV3228	0	0	0	0	0	0	0	4.52509E-05	0	9.05018E-05	4.52509E-05	0	0	0	0	9.05018E-05	0	0.000135753	0	0	0	0	0	0	4.52509E-05	0	0
ASV3229	0	0	0	0.000226255	0	0.000135753	0	0	0.000271505	0	0	0	0	0	0	0	0	0	0	0	0	0	0	0	0	0	0
ASV3230	0	0	0	0	0	0	0	0	0.000452509	0	9.05018E-05	0	0	9.05018E-05	0	0	0	0	0	0	0	0	0	0	0	0	0
ASV3231	0	0	0	0	0	0	4.52509E-05	0	0	0	0	0	0	0	0	0	0	0	0	0	0	0	0	0	0	0	0
ASV3232	0	0.000181004	9.05018E-05	0.000226255	0	0	9.05018E-05	0	0	0	0	0	0	0	0	0	0	0	0	0	0	0	0	0	0	0	0
ASV3247	0	0	0	4.52509E-05	0	0	0	4.52509E-05	0	0	0.000135753	0	0	0	0.000181004	0	4.52509E-05	0	0	0.000181004	0	0	0	0	0	0	9.05018E-05
ASV3248	0	0	0.000135753	0	0	0	0	0	0	0	0	0	0	0	0	0	0	0	0	0	0	0	0	0	0	0	0
ASV3250	0	0	9.05018E-05	0	0	0	0	0	0.000135753	0	0	4.52509E-05	0	0	0	0	0	0	9.05018E-05	0	0	9.05018E-05	0	0	0	0.000135753	0
ASV3256	0	0	0	0	0	0	0	0	0.000181004	0	0	0	0	0	0	0	0	0.000226255	0	0	0	0	0	0	0	0	0
ASV3260	0	0	0	9.05018E-05	0	0	0	0	0	0	0.000271505	0	0	0	0	0	0.000226255	0	0	0	0	0	0	0	0	0	0
ASV3261	0	0	0	0	0	0	0.000135753	0	0	0	0	9.05018E-05	0	4.52509E-05	4.52509E-05	4.52509E-05	9.05018E-05	0	0	0	0	0	0	0	0	0	4.52509E-05
ASV3262	0	0	0	0	0	0	0	0	0	0	9.05018E-05	0.000181004	9.05018E-05	9.05018E-05	0.000181004	0	9.05018E-05	0	0	0	0	0	0	0	0	0	0
ASV3263	0	0	0	0	0	0	0	0	0	0	0	0	4.52509E-05	9.05018E-05	0	0	0	0	9.05018E-05	9.05018E-05	4.52509E-05	4.52509E-05	0.000181004	0	0	0	9.05018E-05
ASV3264	0	0	0	4.52509E-05	0	0	0	0	0	9.05018E-05	0	0	0	9.05018E-05	4.52509E-05	0	0	0	4.52509E-05	0	4.52509E-05	0	0	0	0	0	9.05018E-05
ASV3265	0	0	0	0	0	0	0	0	0	0	0.000407258	0	0	0	0	0	0	0	0	0	0.000181004	0	0	0	0	0	0
ASV3268	0	0	0	0	4.52509E-05	0.000135753	0	0	4.52509E-05	0	0.000226255	4.52509E-05	0	0	0	0	0	0	9.05018E-05	0	0	0	0	0	4.52509E-05	0	0
ASV3271	0	0	0	0	4.52509E-05	0	0	0	0	0	0	0	0	0	0	0	0	0	0	0	0	0	0	0	0	0	0
ASV3272	0	0	0	0	0	0	0	0	0	0	0	0	0	0	0	0	0	0.000181004	0.000181004	4.52509E-05	0	0	0	0	0	0	0
ASV3273	0	0	0	0	0	4.52509E-05	0	0.000226255	9.05018E-05	0	4.52509E-05	4.52509E-05	4.52509E-05	0	0	0	0	0	0	0	0	0	0	0	0	0	0
ASV3274	0	0	0	0	0	0	0	0	0	0	0	0	9.05018E-05	0.000181004	0	4.52509E-05	0	0	4.52509E-05	0	0	0	0	0	0	0	0
ASV3275	0	0	0	0	0.000316756	0.000135753	4.52509E-05	4.52509E-05	0	0	0	0	0	0	0	0	0	0	0	0	0	0	0	0	0	0	0
ASV3276	0	0	0	0	0	0	0	0.000181004	0	0	0	0.000226255	9.05018E-05	0	0	0	0	4.52509E-05	0	9.05018E-05	0	0	0	0	0	0	0
ASV3289	0	0	0	0	9.05018E-05	0	0	0	0	0.000135753	0	0	0	0.000181004	9.05018E-05	0	0	0	0	0	0	0	0	0	0	0	0
ASV3290	0	0	0	0	0	0	0	9.05018E-05	0	0	0	0.000135753	0.000135753	9.05018E-05	4.52509E-05	4.52509E-05	0	0	0	0	0	0	0	0	0	0	0
ASV3291	0	0	0	0	4.52509E-05	0	0	0	0	0	0	0.000135753	4.52509E-05	0	0.000226255	0	0	0	0	0	0	0	4.52509E-05	0	0	9.05018E-05	0
ASV3293	0	0	0	0	0	0	0	0	0	0	0	0	9.05018E-05	0	0	0	4.52509E-05	0	0	9.05018E-05	9.05018E-05	0	0	0	0	0.000181004	9.05018E-05
ASV3295	0	0	0	0	0	0	0	0	0	9.05018E-05	0.000271505	4.52509E-05	4.52509E-05	0	0.000135753	0	0	0	0	0	0	0	0	0	0	0	0
ASV3300	0	0.000181004	0	0.000135753	0	0	0	0	0	0	0	0	0	0	0	0	0	0	0	0	0	0	0	0	0	0	9.05018E-05
ASV3301	0	0	0	0	9.05018E-05	0	0	0	0	0	0	0	0	0	0	0	0	0	0	0	0	0	0	0	0	0	0
ASV3303	0	4.52509E-05	4.52509E-05	0	0	0	0	4.52509E-05	0	0	0	0	0	0	0	0	4.52509E-05	4.52509E-05	4.52509E-05	4.52509E-05	9.05018E-05	0	0	0	4.52509E-05	0	0
ASV3305	0	0	0	0	0	0	0	0	0	0	0	0	0	0	0	0	4.52509E-05	0	0	0	0	0	0	0	0	0	0
ASV3306	0	0	4.52509E-05	0	0.000135753	4.52509E-05	0	4.52509E-05	0	0	0	0	0	0	0	0	0	0	0	0	0	0	0	0	0	0	0
ASV3308	0	0	0	4.52509E-05	0	0	0	0	0	0	0	0	0	0.000135753	0	9.05018E-05	0	0	0	0	0.000135753	9.05018E-05	0	0	0	0	0
ASV3309	0	9.05018E-05	4.52509E-05	9.05018E-05	0.000226255	0	0.000181004	0	0	0	0	0	0	0	4.52509E-05	0	0	0	0	0	0	0	0	0	0	0	0
ASV3310	0	0	4.52509E-05	0	0	0	4.52509E-05	0	0	0	0	0	0	0	0	0	0	0	0	0	0	0	0	0	0	0	0
ASV3312	0	0	0.000135753	9.05018E-05	0.000135753	9.05018E-05	0	0	9.05018E-05	0	0	0	0	0	0	0	0	0	0	0	0	0	0	0	0	0	0
ASV3313	0	0	0	0	0	0	0	0	0	0	0	0	0	0	0	0	0	0.000316756	0	0	0.000181004	0	0	0	0	0	0
ASV3314	0	0	0	0	0	0	0	0	0	0	0	0	0	0	0	0	0	0	0	0	0.000271505	0	0	0	0	0	0
ASV3336	0	0	0	9.05018E-05	0	0	0.000135753	4.52509E-05	0	0	0	0	0	0	0	0	0	0	0	0	0	0	4.52509E-05	0	0	0	0
ASV3338	0	0	0	0	0	0	0	0	0	0	0	0	4.52509E-05	0	0	0	0	0	0	0	0.000407258	0	0	0	0.000135753	0	0
ASV3339	0	0	0	0	0	0	0	0	0	0	0	0	0	0	0	0	0	0	0	0.000181004	0	0	0	0	0	0	0
ASV3341	0	0	0	0	0	0	0	0.000181004	0	0	0	0	0	0	0	0	0	0	0	0	0	0	0	0	0	0	0
ASV3346	0	0	0	0	0	0	0	0.000226255	0	0.000181004	0	0	0	0	0	0	9.05018E-05	0	0	0	0	0	0	0	0	0	0
ASV3347	0	0	0	9.05018E-05	9.05018E-05	0	0	0	0	9.05018E-05	0	0	0	0	0	4.52509E-05	0	9.05018E-05	0	0	4.52509E-05	0	0	0	4.52509E-05	0	0
ASV3349	0	0	4.52509E-05	0	0	0	0	0	0	0	0	0	0	0	0	0	0	0	0	0	9.05018E-05	9.05018E-05	0.000181004	0	0	0	0
ASV3350	0	0	0	0	0	0	0	0	0	0	0	0	0	0	0	0	0	0	0	0	4.52509E-05	0	0	0	0	0	0
ASV3352	0	0	0	0	0	0	9.05018E-05	0	0	9.05018E-05	0	9.05018E-05	0.000135753	9.05018E-05	0	0.000135753	0	0	0	0	0	0	0	0	0	0	9.05018E-05
ASV3353	0	0	0	0	0	0	0	0	0	0.000271505	0	0	0	0	0.000316756	0	0	0	0	0	0	0	0	0	0	0	0
ASV3354	0	9.05018E-05	0	0	0	9.05018E-05	9.05018E-05	0	0	9.05018E-05	0	9.05018E-05	0	0	0	0	0	0	0	0	0	0	0	0	0	0	0
ASV3355	0	0	0	0	0	0	0	0	0	0	0	0	0	0	4.52509E-05	0.000135753	0	0	0	0.000135753	0	4.52509E-05	0	0	0	0	0.000181004
ASV3357	0	0	0	0	0	0	0	0	0	4.52509E-05	0	0	0	0	0	9.05018E-05	0	0	9.05018E-05	4.52509E-05	4.52509E-05	0	0	0	0	0	4.52509E-05
ASV3359	0	0	0	0.000181004	0	0	0	0	0	0	0	0	0	0	0	0	0	0.000181004	0	0	0	0	0	0	4.52509E-05	0	0
ASV3373	0	0	0	0	0	9.05018E-05	0	9.05018E-05	0	0	0	0	0.000226255	0	0	0.000181004	0	0	0	0	0	0	0	0	0	0	0
ASV3374	0	0	0	0	0.000135753	0	0.000271505	0.000135753	0.000135753	0	0	0	0	0	0	0	0	0	0	0	0	0	0	0	0	0	0
ASV3375	0	0	0	0	0.000181004	0	4.52509E-05	0	0	0	0	0	0	9.05018E-05	0	0	0	0.000135753	0	0.000135753	0	0	0	0	0	0	0
ASV3376	0	0	0	0	0	0	0.000135753	0	0	0	0	0	0	0	0	0	0	0	0	0	0	0	0	0.000135753	4.52509E-05	0.000135753	0
ASV3377	0	0	0	0	0	0	0	0	0	0	0	0	0	0	0	0	0	0	0	0	9.05018E-05	0	0	0	0	0	0
ASV3378	0	0	0	0	0	0	0.000181004	0	0	0.000316756	0	0	0	0	0	0	0	0	0	0	0	0	0	0	0	0	0
ASV3384	0	0	0	0.000135753	0	0	0	0	0	0	0	0	0	0	0	0	0.000407258	0	0	0	0	0	0	0	0	0	0
ASV3386	0	0	0.000135753	9.05018E-05	0	0	0	0	0	0	0	0.000135753	0	0	0	4.52509E-05	0	0.000135753	0	0	4.52509E-05	0	0	0	0	0	0
ASV3387	0	0	9.05018E-05	0	0.000135753	0	0	0	0.000135753	4.52509E-05	0.000135753	0	0	0	0	0	0	0	0	0	0	0	0	0	0	0	0
ASV3389	0	0	4.52509E-05	0	0	0	0	0	0	0	0	0	0	0.000135753	0	0	0	0	0	0	0	0	0	0	0	0	0
ASV3392	0	0	0	0	0	0	0	4.52509E-05	0	9.05018E-05	0	0.000181004	4.52509E-05	0	4.52509E-05	0	0	0.000181004	0	4.52509E-05	0	0	0	0	0	0	0
ASV3398	0	0	0	0	4.52509E-05	0	0	0.000135753	0.000271505	0	0.000135753	0	0	0	0	0	0	0	0	0	0	0	0	0	0	0	0
ASV3399	0	0	0	0	0	0	0	0	0	0	0	0	0	0	0	0	0	0	0	0	0	0	0	0	4.52509E-05	0	0
ASV3400	0	0.000543011	0	0	0	0	0	0	0	0	0	0	0	0	0	0	0	0	0	0	0	0	0	0	0	0	0
ASV3401	0	0	0	0	0	0	0	9.05018E-05	0	0	0	9.05018E-05	0.000271505	4.52509E-05	0	4.52509E-05	0	0	0	0	0	0	0	0	0	0	0
ASV3402	0	0	0	0	0	0	0	0	0	0	0	0	0	0	0	0.000135753	0	0	0	0	0	0.000135753	0	0	0	0	0
ASV3417	0	0	0	0	0	0	4.52509E-05	9.05018E-05	4.52509E-05	9.05018E-05	0	0	4.52509E-05	0.000135753	0	0	0	0	0	4.52509E-05	0	0	0	0	0	0	0
ASV3418	0	0	0	9.05018E-05	0	0	0	0	0	0	0	0	0	0	0	0	0	0.000226255	0	0	0	4.52509E-05	0.000135753	0	0	0	0
ASV3422	0	0	4.52509E-05	0	0	0	0	0	0	0	0.000135753	0	0	0	0	0	0	0	0	0	0	0	0	0	0	0	0
ASV3434	0	0	0.000226255	0.000271505	4.52509E-05	0	0	0	0	0	0	0	0	0	0	0	4.52509E-05	0	0	0	0	0	0	0	0	0	0
ASV3435	0	0	0	0	0	0	0	0	9.05018E-05	0	0	0	9.05018E-05	0	0	0	0	0	0	0	4.52509E-05	0	0	0	0	0	0
ASV3436	0	0	0	4.52509E-05	0	0	9.05018E-05	0	0	0	0	0	0.000135753	0	0	0	9.05018E-05	0	0.000135753	0	0	0	0	0	0	0	0
ASV3437	0	0	9.05018E-05	9.05018E-05	0	0.000226255	9.05018E-05	4.52509E-05	0	0	0	0	0	0	0	0	0	0	0	0	0	0	0	0	0	0	0
ASV3438	0	9.05018E-05	0.000135753	4.52509E-05	0	0	4.52509E-05	9.05018E-05	0	0	0	0	0	9.05018E-05	0	0	0	0	0	0	0	0	0	0	0	0	0
ASV3441	0	0	0	0	0	0	0	0	9.05018E-05	0	4.52509E-05	0	0	0	0	0	0	0	0	0	9.05018E-05	0.000135753	0	0	0	9.05018E-05	9.05018E-05
ASV3442	0	0	0	0	0	0	0	0	0	0	0	0	0	0	0	0.000226255	0	0.000135753	0	0	9.05018E-05	9.05018E-05	0	0	0	0	0
ASV3443	0	0	0	0	0	9.05018E-05	0	0	0	0	0	0	0	0	0	0	0	0	0	0	4.52509E-05	0.000135753	0.000135753	0	4.52509E-05	0	0
ASV3444	0	0	0	0	0	0	0	0	0	0	0	0.000135753	4.52509E-05	9.05018E-05	0	0	0	0	0	0	9.05018E-05	4.52509E-05	0	0	0	0	9.05018E-05
ASV3445	0	0	0	0	0	0	0	0	0	0	0	0	0	0	0	0	0	0	0	0	0.000135753	0.000135753	0.000181004	0	0	0	4.52509E-05
ASV3446	0	0	0	4.52509E-05	9.05018E-05	0	9.05018E-05	0	0	0	0	0	0	0	0	0	0	0	0	0	0	0	0	0	4.52509E-05	0	9.05018E-05
ASV3448	0	9.05018E-05	0	0	0	0	0	0	0	0	0.000135753	0	0	9.05018E-05	0	0	0	0	0.000271505	0	0	0	0	0	0	0	0
ASV3449	0	4.52509E-05	0	0	4.52509E-05	0	9.05018E-05	0	0	0	0	0	0	0	0	0	0	0	0	0	0	0	0	0	0	0	0
ASV3450	0	0	0	0	0.000135753	0	0	0	0	0	0.000181004	4.52509E-05	0	0	0	0	0	0.000226255	0	0	0	0	0	0	0	0	0
ASV3451	0	0	0	0	0	0	0	0	0	0	0	0	0	0	0	0.000135753	0	0	0	0	0	0	0	0	0	0	0
ASV3463	0	0	0	0	0	0	0	0	0	0	0	0	0	0.000407258	0.000135753	0	0	0	0	0	0	0	0	0	0	0	0
ASV3464	0	0	0	0	0	0	0	0	0	0	0	0	0	4.52509E-05	0	0	0	0	0	0	0	0	0	0	0	0	0.000135753
ASV3465	0	0	0	0	0.000181004	0.000316756	0	0	0	0	0	0	0	0	0	0	0	0	0	0	0	0	0	0	0	0	0
ASV3466	0	0	0	0	0	0	0	0	0	0	0	0	0	0	0	0	0	0	0	0	0	0.000181004	0.000135753	0.000181004	0	9.05018E-05	0
ASV3468	0	0	0	0	0	0	0	0.000226255	0	0.000271505	0	0	0	0	0	0	0	0	0	0	0	0	0	0	0	0	0
ASV3471	0	0	0	0	0	4.52509E-05	0	0	0	0	0	0	0	0	0	0	0	0	0	0	0	0	0	0	0	0	0
ASV3478	0	0	0	4.52509E-05	0	0	0	0	0	0	0.000181004	4.52509E-05	0	0	0	9.05018E-05	0	0	0	0	0	0	0	0	0	0	0
ASV3479	0	0	0	0	0	0	0	0	0	0	0	0	4.52509E-05	0	0	0.000135753	0	4.52509E-05	0.000135753	0	4.52509E-05	0	0	0	0	4.52509E-05	4.52509E-05
ASV3480	0	0	0.000135753	9.05018E-05	0.000181004	0	0	0	9.05018E-05	0	0	0	0	0	0	0	0	0	0	0	0	0	0	0	0	0	0
ASV3484	0	0	0	0	0.000316756	0.000135753	0	0	0	0	0	0	0	0	0	0	0	0	0	0	9.05018E-05	0	0	0	0	0	0
ASV3485	0	0	0	0	0	0	4.52509E-05	0.000135753	4.52509E-05	9.05018E-05	0.000135753	0	0	0	0	0	0	0	0	0	0	0	0	0	0	0	0
ASV3486	0	0	0	0	0	0	0	0	0	0	4.52509E-05	4.52509E-05	0	0	0	0	0	0	0	0	0	0	0	0	0	0	0
ASV3490	0	0	0	0	0	0	0.000135753	0	0	0	0	4.52509E-05	0	0	0	0	0	0	0	0	0	0	0	0	0	0	0
ASV3491	0	0	0	0	0	0	0	0	0	0	0	0	0	0	0	0	0	0	0	0	0	0	0.000316756	0	0	0	0
ASV3492	0	0	0	0	0	0	0	0	0	0	0.000633513	0	0	0	0	0	0	0	0	0	0	0	0	0	0	0	0
ASV3493	0	0	0	0	0	0.000181004	0	0	0	0	0	0.000271505	0	0	0	0	0	0	0	0	0	0	0	0	0	0	0
ASV3494	0	0	0	0.000135753	0	0	0.000226255	0	0	0	0	0	0	0	0	0.000135753	0	0.000181004	0	0	0	0	0	0	0	0	0
ASV3495	0	0	0	4.52509E-05	0	4.52509E-05	9.05018E-05	0	0	0	0	0.000135753	0	0	0	0	0	4.52509E-05	9.05018E-05	0	0	0	0	0	0	0	0
ASV3496	0	0	0	0	0.000226255	0.000226255	0	0	0	0	0	0	0	0	0	0	0	0	0	0	0	0	0	0	0	0	0
ASV3497	0	0	0	0	0	0	0	0.000181004	9.05018E-05	0	0.000271505	0	0	0	0	0	0	0	9.05018E-05	0	0	0	0	0	4.52509E-05	0	0
ASV3498	0	0	0	0	0	0	0	0	0	0	0	0	0	0	0	0	0	0	0	0	0	0	0.000135753	0.000181004	0	0.000181004	9.05018E-05
ASV3516	0	0	0	0	0	0	0	4.52509E-05	0	0.000362007	0	0	0	0	0	0	0	0	0	0	0	0	0	0	0	0	9.05018E-05
ASV3517	0	0	0	0	0	0	0	0	0	0	0	0	0	0.000135753	0	0	0	0	4.52509E-05	0	0	0	0	0	0	0.000181004	0
ASV3518	0	0	0	0	0	0	0	0	0.000407258	0	0	0	0	0	0	0	9.05018E-05	0	0	0	0	0	0	0	0	0	0
ASV3519	0	0	0	0	0	0	4.52509E-05	0.000135753	0	0.000135753	0	0	0	0	0	0	0	0	0	0	0	0	0	0	0	0	0
ASV3520	0	0	0	0	0	0	4.52509E-05	0	0	0	0	0	0	0	0	0	0	0	0	4.52509E-05	0.000135753	0	4.52509E-05	0	4.52509E-05	0	0
ASV3522	0	0	0	0	0	4.52509E-05	0	0	0	0	0	0.000135753	0	0	0	0	0	0	0	0	0	0	0	0	0	0	0
ASV3525	0	0	0	0	0	0	4.52509E-05	0	9.05018E-05	0.000226255	0	0	0.000135753	0	0	4.52509E-05	0	0	0	0	0	0	0	0	0	0	0
ASV3529	0	0	0	0	0	0	0	0	0	0	0	0	0	0	0	0	0	0.000181004	0	0	9.05018E-05	0	0	0	0	0	0
ASV3532	0	0	4.52509E-05	9.05018E-05	0	0	0	0	0	4.52509E-05	0.000135753	0	0	0	0	4.52509E-05	0	0.000135753	4.52509E-05	0	0	0	0	0	0	0	0
ASV3534	0	0	0.000135753	0	4.52509E-05	0	0	0	0	0	9.05018E-05	0	0	0	0	4.52509E-05	9.05018E-05	0	0	0	0	0.000135753	0	0	0	0	0
ASV3536	0	0	0	0	0	9.05018E-05	4.52509E-05	4.52509E-05	0	0	0	0	0	9.05018E-05	0	0	0	4.52509E-05	0	0	4.52509E-05	4.52509E-05	0	9.05018E-05	0	0	0
ASV3537	0	0.000135753	0.000271505	0	0	0	0	0	0	0	0	0	0	0	0	0	0	0	0	0	0	0	0	0	0	0	0
ASV3540	0	0	4.52509E-05	0	0	0	0	0.000135753	9.05018E-05	0.000135753	0	0	0	4.52509E-05	0	0	0	0	0	0	0	0	0	0	0	0	0
ASV3541	0	0	4.52509E-05	0.000135753	9.05018E-05	9.05018E-05	0	4.52509E-05	0	0	0	0	0	0	0	0	0	0	9.05018E-05	0	0	0	0	0	4.52509E-05	0	0
ASV3542	0	0	0.000135753	4.52509E-05	0	0	0	0	0	0	0	0	0	0.000135753	9.05018E-05	0	0	4.52509E-05	0	0	0	0	0	0	0	0	0
ASV3543	0	0	9.05018E-05	0.000135753	9.05018E-05	0	9.05018E-05	0	0	0	0	0	0	4.52509E-05	0	0	0	0	0	0	0	0	0	0	4.52509E-05	0	0
ASV3544	0	0	4.52509E-05	0	0	0	0	0	0	0	9.05018E-05	0	9.05018E-05	0	0	0	0	0	0	9.05018E-05	0	0	0	0	4.52509E-05	0	9.05018E-05
ASV3545	0	0	0.000135753	9.05018E-05	0	0	0	0	0	0	0	0	0	0.000135753	0	0.000135753	0	0	0	0	0	0	0	0	0	0	0
ASV3546	0	0	4.52509E-05	0	0.000135753	9.05018E-05	0	0	0	0	0	0	0	0	0	0	0	0	0	0	0	0	0	0	0	0	0
ASV3547	0	4.52509E-05	0.000181004	0	0	0	0	4.52509E-05	0	0	0	0	0	0	0	0	0	0	0	0	0	0	4.52509E-05	0	0	0	9.05018E-05
ASV3548	0	0	0	9.05018E-05	0	0	4.52509E-05	0	0	0	0	0	0	0	0	0	0	0	0	0	4.52509E-05	0	0	0	0.000135753	0	0.000181004
ASV3549	0	0	0	0	0	0	0	0	0	0	0	9.05018E-05	0	0	0	4.52509E-05	0	0	0	0	9.05018E-05	0.000135753	0	9.05018E-05	4.52509E-05	0	0
ASV3552	0	0	0	0	0	0	0	0	0	0	0	4.52509E-05	4.52509E-05	4.52509E-05	4.52509E-05	4.52509E-05	0	0	9.05018E-05	0	0	0	0	0	0	0	0
ASV3553	0	0	0	0	0	0	0	0	0	0	0	4.52509E-05	0	9.05018E-05	4.52509E-05	0	0	0	4.52509E-05	0	0	0	0	0	0	0	4.52509E-05
ASV3554	0	0	0	9.05018E-05	0	0	0.000316756	0	0	0	0	9.05018E-05	0	0	0	0	0	0	0	0	0	0	0	0	0	4.52509E-05	0
ASV3555	0	0	0	0	0	0	9.05018E-05	0	0	0	0	0	0	0	0	0	0	0	0	0.000135753	0	0	0	0	0	0.000226255	9.05018E-05
ASV3556	0	0	0	0	0	0	0	0	0	0	0	0	0	0	0	0	0	0	0	0	0	0	4.52509E-05	0	9.05018E-05	0	0.000226255
ASV3557	0	0	0	0	0	0	0	0	0	0	0	0	0.000362007	0	0	0	0	0	0	0	0	0	0	0	0	0	9.05018E-05
ASV3558	0	0	0	0	0	0	0	0.000181004	9.05018E-05	0	0	0	0	0	0	0	0	0	0	0	0	0	0	0.000181004	0	0	0
ASV3559	0	0	0	0	0	0	0	0	0	0	0	0	0	0	0	0	0	0	0	0	0	0	0	0	4.52509E-05	0	0
ASV3576	0	0	0	0	4.52509E-05	0	0	0	0	0	0	0	0	0	0	0	4.52509E-05	0.000135753	9.05018E-05	9.05018E-05	0	0	0	0	0	0	0
ASV3588	0	0	0	0	0	0	0	0	0	0	4.52509E-05	9.05018E-05	0	0	0	0	0	9.05018E-05	0	0	0	0	0.000316756	0	0	0	0
ASV3590	0	0	0	0	0	0	0	0	0	0	0	0	0	0	0	0	0.000135753	0	0	0	0	0	0.000181004	0	0.000181004	0	0
ASV3591	0	0	0	0	0	4.52509E-05	0	0	0	0	0	0	0	0	0	0	0	9.05018E-05	0	9.05018E-05	4.52509E-05	0.000135753	0	0	0	0	0
ASV3592	0	0	0	0	9.05018E-05	4.52509E-05	0	0	0	0	0	0	0	0	0	0	0	0	0	9.05018E-05	0.000135753	0	0	0	0	0	0.000135753
ASV3593	0	0	0	0	0	0	0	0	0	0	0	0	0	0	0	0	0	9.05018E-05	0	0	9.05018E-05	0	0	4.52509E-05	0	0	0
ASV3594	0	0	0	0	9.05018E-05	0	0	0	4.52509E-05	0	0	0	0	0.000135753	0	0	0	0	0	0	9.05018E-05	0	0	0	0	0	0
ASV3595	0	0	0	9.05018E-05	0	0	0	0	0.000181004	9.05018E-05	0	0	0	0	9.05018E-05	0	0	0	0	0	9.05018E-05	0	0	0	0	0	0
ASV3596	0	0	9.05018E-05	0	0	0	0	0	0	0	0	0	0	0	0	0	0	0	0	0	0	0	0	0	0	0	0
ASV3598	0	0	0	0	0	0	0	0	0	0	0.000135753	0	0	9.05018E-05	4.52509E-05	0	9.05018E-05	0	4.52509E-05	0	0	0.000135753	0	0	0	0	0
ASV3599	0	0	0	0	0	0	0.000226255	0	0	0	0.000135753	0	0	0	0	0	0	0	0	0	0	0	0.000135753	0	0	0	0
ASV3601	0	0	0	0	0	0	0	0	0.000316756	0	0	0	0	0	0	0	0	0	0	0	0	0	0	0	0	0	0
ASV3602	0	0	0	0	0	0	0	0	0	0	0	0	0	0	0	0	0	0	0.000135753	0.000271505	0	0	0	0	0	0	0
ASV3603	0	0	0	0	0	0	0.000181004	0	0	0	0	0	0	0	0	0	0	0	0	0	0	0	0.000226255	0	0.000181004	0	0
ASV3604	0	0	0	0	9.05018E-05	0	0.000135753	0.000181004	0	0	0	0	0	0	0	0	0	0	0	0	0	0	0	0	0	0	0
ASV3605	0	0	0	0	0	0	0	0	0	0	0	0	0	0	0	0	0	0.000452509	0	0	0	0	0	0	0	0	0
ASV3606	0	0	0	0	0	0	0	0	0	0	0	0	0	0	0	0	0	9.05018E-05	0	0	0	0	0	0	0	0	0
ASV3607	0	0	0	0	0.000226255	0.000226255	0	0	0	0	0	0	0	0	0	0	0	0	0	0	0	0	0	0	0	0	0
ASV3608	0	0	0	0	0	0.000181004	0	0	0	0	0	0	9.05018E-05	0	0	0	0	0	0	0.000135753	0	0	0	0	0	0	0
ASV3622	0	0	0	0	0	0	0	0	0	0	0	0	0	0	0	0	0	0	0	0	0	0	0.000135753	0	9.05018E-05	0	0.000181004
ASV3623	0	0	0	0	4.52509E-05	0	0	0.000226255	0.000135753	0	0	0	0	0	0	0	0	0	0	0	0	0	0	0	0	0	0
ASV3624	0	0	0	0	0	0.000271505	0	0	0	0	0	0	0	0	0	0	0	0	0	0	0	0	0.000181004	0	0	0	0
ASV3625	0	0	0	0	0	0	9.05018E-05	0	0	0	0	0	9.05018E-05	9.05018E-05	0.000135753	4.52509E-05	0	0	0	0	0	0	0	0	0	0	0
ASV3628	0	0	0	0	0	4.52509E-05	0	0	0	0	9.05018E-05	0	0	9.05018E-05	9.05018E-05	0	0	0	0	0	0	9.05018E-05	0	0	0	0	0
ASV3637	0	0	0	0	0	0	0	0	0	0	0	0	0	0	0	4.52509E-05	0.000135753	0	0.000135753	0	0	0	0	0	0	0	0
ASV3638	0	0	9.05018E-05	0	0	0	0	0	0	0	0	0	0	0	0	4.52509E-05	0.000135753	9.05018E-05	0	0	4.52509E-05	0	0	0	4.52509E-05	0	0
ASV3640	0	0	0	9.05018E-05	0	0	0	0	0	0	0	0	0	0	0	0	0.000181004	0	0	9.05018E-05	0	0	0	0	0	0	0
ASV3641	0	0	0	0	0	0	0	0	0	0	0	0	0	0	0	9.05018E-05	0	9.05018E-05	9.05018E-05	0	9.05018E-05	0	0.000135753	0	0	0	0
ASV3642	0	0	0	9.05018E-05	0	4.52509E-05	0	4.52509E-05	0	0	0	0	0	0	0	0	0	0	0	0	4.52509E-05	0	0	0	0	0	0
ASV3643	0	0	0	0	0	0	0	0	0	0.000181004	0	0	0	0	0	0	0	0	0	0	0.000181004	0	0	0	0	0	0
ASV3644	0	0	4.52509E-05	0	0	0	0	0	0	0	0	0	0	0	0	0.000181004	0	0	0	0	0	0	0	0	0	0	0
ASV3650	0	0	0	0	0	0	0	0	0	0	0	0	0	0	0	0	0	0	0.000135753	0.000135753	0	0.000135753	9.05018E-05	0	0	0	0
ASV3655	0	0	0	0	0	0	0	0	0	0	0	0	0	0	0	0	0	0	0.000135753	0	0	0	0	0	0	0	0
ASV3657	0	0	0	0	0	0	0	0	0	0	0	0	0	0	0	0	0	0	0.000452509	0	0	0	0	0	0	0	0
ASV3658	0	0	0	0	0	9.05018E-05	0	0	0	0	0	0	0	0	0	0	0	0	0	0	0	0	0	0	0	0	0
ASV3659	0	0	0	0	0	0	0	0	0	0	0	0	0	9.05018E-05	0	0	0	0	0	0	0	0	0	0	0	0	0
ASV3660	0	0	0	0	0	0	0	0	0	0	0.00049776	0	0	0	0	0	0	0	0	0	0	0	0	0	0	0	0
ASV3661	0	0	0	0	0.000181004	0	0	0	0	0	0.000135753	0	0	0	0	0	0	0	0	0	0	0	0	0	9.05018E-05	0	0
ASV3662	0	0	0	0	0	0	0	0	0	0	0	0	0.000135753	0	0	0	0	0	0	0	0	0	0	0	0	0	0
ASV3663	0	0	0	0	0	0	0	0	4.52509E-05	0	0	0	0.000452509	0	0	0	0	0	0	0	0	0	0	0	0	0	0
ASV3664	0	0	0	0	0	0	4.52509E-05	4.52509E-05	9.05018E-05	0	0	0.000135753	0	0.000181004	0	0	0	0	0	0	0	0	0	0	0	0	0
ASV3670	0	0	0	0	0	0	0	0.000135753	9.05018E-05	0	0.000226255	0	0	0	0	0	0	0	0	0	0	0	0	0	0	0	0
ASV3684	0	0	0	0	0	0	0	9.05018E-05	0	0	0	0	0	4.52509E-05	0	0	0	0	0	0	0	0	0	0	0	0	0
ASV3686	0	0	0	0	0	0	0	9.05018E-05	0	0	0	0	0	0	0	0	0	0	0	0	0	0	0	0	0	0	0
ASV3688	0	0	0	0.000135753	0	0	0	0	0	0	0	0	0	4.52509E-05	0	0	4.52509E-05	0	0	0	9.05018E-05	0	0	4.52509E-05	0	0	0
ASV3689	0	0	0	0	0	0	0	0	0	0	0	0	0	0	0	9.05018E-05	0.000135753	0	0	0	9.05018E-05	0	0	0	0	0	0
ASV3692	0	9.05018E-05	0	0	0	0	0	0	0	0	0	0	0	0	0	0	0	0	0	0	0	0	0	0	0	0	0
ASV3693	0	0	0	0	0	0	0	0	0	0	0	0	0	0.000135753	0	0	0	0	0	0	0	0	0	0	0	0	0
ASV3695	0	0	0.000181004	0	0	0	0	0	0	0	0	0	0	0	0	0	4.52509E-05	0	0	0	0	0	0	4.52509E-05	0	0.000135753	0
ASV3701	0	0	0	0	0	0	0	0	0	0	0	0	0	0	0	0	0	0	0	0	0	0	0	0	0	0	4.52509E-05
ASV3702	0	0	0	0	0	0	0	0	0	0	0	0	0	0	0	0.000135753	9.05018E-05	0	0	0	0	0	0	0	0	0	0
ASV3704	0	0	0	0	0	0	0	0	0	0	0	0	0	0	0	0	0	0	0	0	4.52509E-05	4.52509E-05	9.05018E-05	0.000135753	0	0	0
ASV3705	0	0	0	0	0	0	0	0	0	4.52509E-05	0.000226255	9.05018E-05	0.000226255	0	0	0	0	0	0	0	0	0	9.05018E-05	0	0	0	0
ASV3706	0	0	0	0	0	0	0	0	0.000226255	0	0	0	0	0	0	0	0	9.05018E-05	0	0	0	0	0	0	0	0	9.05018E-05
ASV3707	0	0	0	9.05018E-05	0	0	0	0	0	0	0	0	0	0	0	0	0	0	0	0	0	0	0	0	0	0	0.000271505
ASV3708	0	0	0	0	4.52509E-05	0	0	0	0.000135753	0	0	0	0	0	0	0	0	0	0	0	0	0	0	0	0	4.52509E-05	0
ASV3709	0	0	0	0	0	4.52509E-05	0	0	0	0	0	0	4.52509E-05	9.05018E-05	9.05018E-05	0	0	0	0	0	0	0	0	0	0	0	0
ASV3710	0	0	0	0	0	0	0	9.05018E-05	0	0	0	0	9.05018E-05	0	0	0	0	0.000135753	0	0	0	0.000135753	0	0	0	0	0
ASV3711	0	0	0	0	0	0	0	0	0	0	0	0	0	0	0.000135753	9.05018E-05	0	0	0	0	0	0	0	0	0	0	0
ASV3714	0	0	4.52509E-05	4.52509E-05	0	0	0	0	0	0	0	0	0	9.05018E-05	0	0	0	9.05018E-05	0	0	0	0	0	0	0	0	0
ASV3715	0	0	9.05018E-05	0	0	0	0	0	0	0	0	0	0	0	0	0	0	0	0	0	0	0	0	0	0	0	0
ASV3717	0	0	4.52509E-05	0	0	0	0	0	0	0	0	0	0	0	0	0	0	0	9.05018E-05	0	9.05018E-05	0	0	0	0	0	9.05018E-05
ASV3718	0	4.52509E-05	0.000316756	0	9.05018E-05	4.52509E-05	0	0	0	0	0	0	0	0	0	0	0	0	0	0	0	0	0	0	0	0	0
ASV3719	0	0	0	0	0.000181004	0	0.000135753	0	0	0	0	0	0	4.52509E-05	0	0	0	0	0	0	0	0	0	0	0	0	0
ASV3723	0	0	0	0	0	0	0	0	0	0	0	0.00049776	0	0	0	0	0	0	0	0	0	0	0	0	0	0	0
ASV3724	0	0	0	0	0	0	0	0	0	0	0	0.000271505	0	0.000226255	0	0	0	0	0	0	0	0	0	0	0	0	0
ASV3725	0	9.05018E-05	0	0	0	0	0	0	0	0	0	0	4.52509E-05	0	0	4.52509E-05	0	9.05018E-05	0	0	0	0	0	0	0	0	0
ASV3727	0	0	0	0	0	0	0	0	0	0	0	0	0	0	0	0.000362007	0	0	0	0	0	0	0	0	0	0	0
ASV3728	0	0	0	0	0.000135753	0	0	0	0	0	0	4.52509E-05	0	0	0	0	0	0	0	4.52509E-05	0	0	0	0	0	0	0
ASV3729	0	0	0	0	0	0	0	0	0	0	0	0	9.05018E-05	0	0	0	0	0	0	0	0	0	0	0	0	0	0
ASV3730	0	0.000135753	0	0	0	0	0	0	0	0	0	0	0	0	0	0	0	0.000226255	0	0	0	0	0	0	0	0	0
ASV3731	0	0.000181004	0	0	0	0	0	0	0	0	0	0	0	0	0	0	0	0	0.000226255	0	0	0	0	0	0	0	0
ASV3749	0	0	0	0	0	0	0	0	0	0	0	0	4.52509E-05	0	0	4.52509E-05	0	0.000181004	0	4.52509E-05	0	0	0	0	0	0	0
ASV3750	0	0	0	9.05018E-05	0	0	0	0	0	0	0	0	0	0	0	0	0	4.52509E-05	0	0	0	0	0	0	0.000181004	0	0
ASV3751	0	0	0	9.05018E-05	0	0	0	9.05018E-05	0	0	0.000226255	0	9.05018E-05	0	0	4.52509E-05	0	0	0	0	0	0	0	0	0	0	0
ASV3752	0	0	0	0	4.52509E-05	0	0	0	0	0	0	0	0	0	0	0	0	0	9.05018E-05	0	9.05018E-05	0	0	0	0	0	0
ASV3753	0	0	0	0	0	0	0	9.05018E-05	0	0	0	4.52509E-05	0.000271505	0	0	0	0	4.52509E-05	0	0	0	0	0	0	0	0	0
ASV3764	0	0	0	0	0	0	0	0	0.000135753	0	0	9.05018E-05	0	0	0	9.05018E-05	9.05018E-05	0	0	4.52509E-05	0	0	0	0	0	0	0
ASV3765	0	0	0	0	0	0	0	0	0	0	0.000226255	0.000181004	0	0	0	0	4.52509E-05	0	0	0	0	0	0	0	0	0	0
ASV3766	0	0	0	0	0	0	0	0	0.000316756	0	0	0	0	0	0	0	0.000135753	0	0	0	0	0	0	0	0	0	0
ASV3768	0	0	9.05018E-05	0	0	0	0	0	0	0	0	0	0	0	0	0	0	0	0	0	4.52509E-05	0	0	0	0	0	0
ASV3769	0	0	0	0	0	0	0	0	0	9.05018E-05	4.52509E-05	4.52509E-05	0	0	0	4.52509E-05	0	0	0	0	0	0	0	0	0	0	0
ASV3770	0	0	0	0	0	0	4.52509E-05	0.000135753	0	0	0	0	4.52509E-05	0	0	0	0	0	0	0	0	0	0	0	0	0	0
ASV3771	0	0	0	0	0	0	0	0	0	0	0	0	0	0	0	0	0	0	0	0.000226255	0	0	0	0	0	0	0.000135753
ASV3772	0	9.05018E-05	0	0	0	0.000181004	0	0	0	0	0	0	0	0	0	0	0	0	0	0	0	0	0	0	0	0.000135753	0
ASV3774	0	0	0	0	0	0	0	0	0	0	0	0	0	0	0	0	0	0	0	0	0	9.05018E-05	0	9.05018E-05	0	0	0
ASV3775	0	0	0	0	0	0	0	0	0	0	0	0	9.05018E-05	9.05018E-05	0.000135753	0	0	0	0	4.52509E-05	0	0.000135753	0	0	0	0	0
ASV3777	0	0	4.52509E-05	4.52509E-05	0	9.05018E-05	0	0	9.05018E-05	0	0.000135753	0	0	0	0	0	0	0	0	0	0	0	0	0	0	0	0
ASV3778	0	0	0.000181004	0	0	0	0	0	0	0	0	0	0	0	0	0	0	0	0	0	0	0	0	0	0	0	0
ASV3779	0	9.05018E-05	0.000135753	0	0	4.52509E-05	0	0	0	0	0	0	0	0	0	0	0	0	0	0	0	0	0	0	0	0	0
ASV3780	0	0	4.52509E-05	4.52509E-05	0	0	0.000181004	4.52509E-05	0	0	0	0	0	0	0	0	0	0	0	0	0	0	0	0	0	0	0
ASV3782	0	0	0	0	0	0	0	0	0	0	0	0	0	0	0	0	0	0	0	9.05018E-05	0.000135753	0.000135753	0	0	0	0	0
ASV3789	0	0	0	0	0	0	9.05018E-05	0	0	0	0	0	0	0	0	9.05018E-05	0	0	0	9.05018E-05	0	0	0	0	0	0	0
ASV3794	0	0	0	0	0	0	0.000271505	0	0	0	0	0	0	0	0	0	0	0	0	0	0	0	0	0	0	0	0
ASV3811	0	0.000362007	0	0	0	0	0	0	0	0	0	0	0	0	0	0	0	0	0	0	0	0	0	0	0	0	0
ASV3812	0	0	0	0.000362007	0	0	0	0	0	0	0	0	0	0	0	0	0	0	0	0	0	0	0	0	0	0	0
ASV3813	0	0.000362007	0	0	0	0	0	0	0	0	0	0	0	0	0	0	0	0	0	0	0	0	0	0	0	0	0
ASV3814	0	0.000407258	0	0	0	0	0	0	0	0	0	0	0	0	0	0	0	0	0	0	0	0	0	0	0	0	0
ASV3815	0	0	4.52509E-05	0	0	0	0	0	0	0	0	0	0	4.52509E-05	0	4.52509E-05	0	0	0	4.52509E-05	0	0	0	0	0	0	9.05018E-05
ASV3824	0	0	0	0	0	9.05018E-05	0	0	0	0	0	0	0	0	0	0	4.52509E-05	0	0	0	0	0	0	0	0.000181004	0	4.52509E-05
ASV3825	0	0	0	0	0	0	0	0	0	0	0	0	4.52509E-05	9.05018E-05	4.52509E-05	0	4.52509E-05	0	0	0	4.52509E-05	0	0	0	0	0	0
ASV3826	0	0	0	0	0	0	0	0	0	0	0	0	0	0	0	0	0	0	0	4.52509E-05	0.000181004	9.05018E-05	0	0	0	0	0
ASV3827	0	0	0	0	0	0	0	0	0.000135753	0	0	0	0	0.000181004	0	0	0	0	0	0	4.52509E-05	0	0	0	0	0	0
ASV3828	0	0	0.000135753	0	0	4.52509E-05	0	0	0	0	0	0	0	0	0	0	0	0	0	0	0	0	0	0	0	0	0
ASV3830	0	0	9.05018E-05	0	0	0	0	4.52509E-05	0	4.52509E-05	0	0	0	4.52509E-05	0	0	0	0	0	0	0	0	0	0	0	9.05018E-05	0
ASV3831	0	0	0	0	0	0	0	0	0	0	0	0	0	0	9.05018E-05	0	0	0	0	0	0	0	0	0	0	0	0
ASV3832	0	0	0	0	0	0	0	0	0	0	0	0	0	0	0	0	0	0	0	0	0	0	0	0	0	0.000135753	0.000226255
ASV3833	0	0	0	0	0	0	0	0	0	0	0	0	0.000362007	0	0	0	0	0	0	0	0	0	0	0	0	0	0
ASV3835	0	0	0	0	0	0	0	0	0	0	0	0.000135753	4.52509E-05	0	0	0	0	0	0	0	0	0	0	0	0	0	0
ASV3836	0	0	0	0	0	0	0	0	0	0	0	0	0	0	0	0	0	0	0	0	0	0	0	0	0	0.000226255	0.000226255
ASV3837	0	0	0	0	0	9.05018E-05	0	0	0	0	0	0	0	0	0	0	0	0	0	0	0	0	0	0	0	0	0
ASV3838	0	0	0	0	0	0	4.52509E-05	0	0	9.05018E-05	0	0	0	0	0	0	0	0	0	0	0	0.000271505	0	0	0	0	0
ASV3840	0	0	0.000135753	0.000181004	0	0	0	0	0	0	0	0	0	0	0	0	0	0	0	0	0	0	0	0	0	0	0
ASV3841	0	0	0.000226255	0	0.000226255	0	0	0	0	0	0	0	0	0	0	0	0	0	0	0	0	0	0	0	0	0	0
ASV3842	0	0	0	0	0	0	0	0	0.000135753	0.000181004	0	0	4.52509E-05	4.52509E-05	0	0	0	0	9.05018E-05	4.52509E-05	0	0	0	0	0	0	0
ASV3843	0	0	4.52509E-05	0	0	0	0	0	0	0	0	0	0	0	0	9.05018E-05	0	0	0	0	0	0	0	0	0	0	0
ASV3844	0	0	0	0	0	0.000135753	0	0	0	0	0	0	0	0	0	0	0	0	0	0	0	0	0	0	0	0	0
ASV3846	0	0	0	0	0	0	0	0	0	0	0	0.000362007	0	0	0	0	0	0	0	0	0	0	0	0	0	0	0
ASV3847	0	0	0	0	0	0	0.000181004	0	0	0	0	0.000181004	0	0	0	0	0	0	0	0	0	0	0	0	0	0	0
ASV3848	0	0	0	0	0	0	0	0	0	0	0	0	0	0	0	9.05018E-05	0	0	0	0	0	0	0	0	0	0	0
ASV3849	0	0	0	4.52509E-05	4.52509E-05	0	0	0	0	0	0.000135753	0	0	0	0	0	0	0	0	0	0	0	0	0	0	0	0
ASV3850	0	0	0	0	0	0	0	0	0	0	0.000135753	0	0.000271505	0	0	0	0	0	0	0	0	0	0	0	0	0	0
ASV3851	0	0	0	0	0	0	0	0	0	0	0.000181004	0	4.52509E-05	0	0	0.000135753	0	0	0	0	0	0	0	0	0	0	0
ASV3852	0	0	0	0	0	0	0	0	0	0	0.000135753	0.000226255	4.52509E-05	0	0	0	0	0	0	0	0	0	0	0	0	0	0
ASV3853	0	0	0	0	0	0	0.000135753	4.52509E-05	9.05018E-05	0	0.000135753	0	0	0	0	0	0	0	0	0	0	0	0	0	0	0	0
ASV3854	0	0	0	0	0	0	9.05018E-05	0.000135753	0	0	0	0	9.05018E-05	9.05018E-05	0	0	0	0	0	0	0	0	0	0	0	0	0
ASV3856	0	4.52509E-05	0	0	0	0	0	0	0	0	0	0	0	9.05018E-05	4.52509E-05	9.05018E-05	0	0	0	0	0	0	0	0	0	0	9.05018E-05
ASV3871	0	0	0	0	0	4.52509E-05	0	0	0	0	0	0.000135753	0	0	9.05018E-05	0	0	0	0	0	0	0	0	0	0	0	0
ASV3872	0	0	0	0	0	0.000271505	0	0	0	0	0	0	0	0	0	0	0	0	0	0	0	0	0	0	0	0	0
ASV3874	0	0	0	0	0	0	0	0	0	0	0	0	0	0	9.05018E-05	0	0	0	0	0	0	0	0	0	0.000135753	0.000135753	0
ASV3875	0	0	0	0	0	0	0	0	0	0	0	0	0	0	0	0	4.52509E-05	0	0	0	4.52509E-05	0.000135753	0	0	0	0	9.05018E-05
ASV3876	0	0	0	0	0	0	0	0	0	0	0	0	4.52509E-05	0	0.000181004	4.52509E-05	0	0	4.52509E-05	0	0	0	0	0	0	0	0
ASV3887	0	0	0	0	0	0	0	0	0	0	0	0	0	0	0	4.52509E-05	0.000181004	0	0	0	0	0	0	0	4.52509E-05	0	4.52509E-05
ASV3889	0	0	0	0	0	0	0	0	0	0	0	0	0	0	0	4.52509E-05	9.05018E-05	0	0	9.05018E-05	0	0	0	0	0	0	0
ASV3890	0	0	9.05018E-05	0	0	0	0	0	0	0	0	0	0	0	0	0.000135753	0	0	0	4.52509E-05	0	0	0	0	0	0.000135753	0
ASV3891	0	0	0	0	0	0	0	0	0	0	0	0	0	0	0	0	0	4.52509E-05	0	0	0	4.52509E-05	0.000135753	0	4.52509E-05	0	4.52509E-05
ASV3892	0	0	9.05018E-05	0	0	0	0	0	0	0	0	0	0	9.05018E-05	0	0	4.52509E-05	0	0	0	0	0	0	0	4.52509E-05	0	0
ASV3893	0	0	0	0	0	0	0	0	0.000135753	0.000135753	4.52509E-05	0	0	9.05018E-05	0	4.52509E-05	0	0	0	0	0	0	0	0	0	0	0
ASV3897	0	0	0	4.52509E-05	0	0	9.05018E-05	4.52509E-05	9.05018E-05	0.000181004	0	0	0	0	0	0	0	0	0	0	0	0	0	0	0	0	0
ASV3899	0	0	0	0	0	0	0	0	0	0	0	0	0	0	0.000181004	0	9.05018E-05	0	0	4.52509E-05	0	0	0	0	0	0	0
ASV3900	0	0	0	0	0	0.000135753	0	0	0	0	4.52509E-05	9.05018E-05	0	0	0	4.52509E-05	9.05018E-05	0	0	0	0	0	0	0	0	0	0
ASV3901	0	0	4.52509E-05	0	0	0	0	0	0	0	0	0	0	0	0	0	0	0	0	0	0	0	0	0	4.52509E-05	0	0.000226255
ASV3903	0	0	0	0	0	0	0	0	0	0	0	0	0	0.000181004	0	0	0	0	0	0	0	0	0	0	0	0	0
ASV3909	0	0	0	0	0.000316756	0	0	0	0	0	0	0	0	0	0	0	0	0	0	0	0	0	0	0	0	0	0
ASV3910	0	0	0	0	0	0	0	0	0	0	0.000362007	9.05018E-05	0	0	0	0	0	0	0	0	0	0	0	0	0	0	0
ASV3911	0	0	0	0	0	0	0	0	9.05018E-05	0	0	0	0	0	0	0	0	0	0	0	0	0	0	0	0.000181004	0	0
ASV3912	0	0	0	0	0	0	0	0	0	0	0.000135753	0.000181004	0	0.000181004	0	0	0	0	0	0	0	0	0	0	0	0	0
ASV3913	0	0	0	0	0	0	0	0	0	0	0	0	0	0	0	0	0	0.000362007	0	0	0	0	0	0	0	0	0
ASV3914	0	0.000452509	0	0	0	0	0	0	0	0	0	0	0	0	0	0	0	0	0	0	0	0	0	0	0	0	0
ASV3915	0	0	0	0	0	0	4.52509E-05	0.000135753	0.000135753	0	0	0	0	0	0	0	0	0	0	0	0	0	0	0	0	0	0
ASV3916	0	0	0	0	0	0	0	4.52509E-05	0	0	0	0	0	0	0	0	0	0	0	0	0	0	0	0	0	0	0
ASV3917	0	0	0	0	0	0	0	0	0	0	0	0	0	0	0	0	0	0	0	0	0	0	0	0	0.000181004	0	0.000226255
ASV3918	0	0	0	0	0	0	4.52509E-05	0	0	0	0	0	4.52509E-05	9.05018E-05	0	0	0	0	0	0	0	0	0	0	0	0	0
ASV3922	0	0	0	0	0	0	0	0	0	0	0	0	0	0	0.000362007	0	0	0	0	0	0	0	0	0	0	0	0
ASV3938	0	0	0	0	4.52509E-05	9.05018E-05	0	0	0	0	0	0	0	0	0	0	0	0	9.05018E-05	4.52509E-05	0	0	0	0	0	9.05018E-05	0
ASV3940	0	0	0	0	9.05018E-05	0	0	0	0	0	0	0	0	0	0	0	0	0	0	0	0	0.000135753	0.000135753	0	0	0	0
ASV3956	0	0	0	0	0	0	0	0	0	0	0	0	0	0	0	4.52509E-05	0	0	0	0	0	9.05018E-05	0	0	0	0	0
ASV3960	0	0	0	0	0	0	0	0	0	0	0	0	0	0	0	0	0	0	0	0	9.05018E-05	0	0	0	0	0	0
ASV3962	0	0	0	0	0	0	0	9.05018E-05	0	9.05018E-05	0	9.05018E-05	0	0	0	4.52509E-05	0	0	9.05018E-05	0	0	0	0	0	0	0	0
ASV3963	0	0	0	0	0	0	9.05018E-05	0	0	9.05018E-05	0	0	4.52509E-05	0	0	0	0	0	4.52509E-05	0	0	0	0	0	0	0	0
ASV3965	0	0	0.000181004	0	0	0	0	0	4.52509E-05	0.000135753	0	0	0	0	0	0	0	0	0	0	0	0	0	0	0	0	0
ASV3967	0	0	0	0	0	0	0	0	0	0	0	0	0.000226255	0	0	4.52509E-05	0	0	0	0	0.000135753	0	0	0	0	0	0
ASV3968	0	0	0	0	0	0	0	0	0	0	0	9.05018E-05	0	0	0	0	0	0	0	0	0.000181004	0	0	0	0	0	9.05018E-05
ASV3969	0	0	0	0	0	0	0	0	0	0	0	0	9.05018E-05	9.05018E-05	0	0	0	0	0	0	4.52509E-05	0	0	0	0	0	0
ASV3970	0	0	0	0	0	0	0	0	0	0	0	0	0	0	0	0	0	0	0	0	9.05018E-05	0	0	0	0	0	0.000181004
ASV3971	0	0	0	0	0	0	0	0	0	0	0	0	0	0	0	0	0	4.52509E-05	0	0	9.05018E-05	9.05018E-05	4.52509E-05	0	0	0	0
ASV3972	0	0	0	0	0	0	0	0	0	0	0	0	0	0	0	0	0	4.52509E-05	0	0	0.000181004	0	0	0	0	0	0
ASV3973	0	0	0	0	0	0	0	0	0	0	0	0	0	0	0	0	9.05018E-05	0	0.000226255	0	0	0	0	0	0	0	0
ASV3974	0	0	0	0	0	0	0	0	0	0	0	0	0	0	0	0	0.000181004	0	0	0	0	0	9.05018E-05	0	0	0	4.52509E-05
ASV3975	0	0	0	0	0	0	0	0	0	0	0	0	0	0	0	0	4.52509E-05	0	0	0	0	0	0	0	0	0	0
ASV3983	0	0	0	0	0	0	9.05018E-05	0	0	0	9.05018E-05	0	4.52509E-05	0	0	0	0	0	0	4.52509E-05	0	0	4.52509E-05	0	0	0	0
ASV3984	0	0	0	0	9.05018E-05	0	0	0	0	0	0	0	0	0	0	0	0	0	0	0	0	0	0	0	0	0	0
ASV3985	0	0	0	0	0	0	0	0	0	0	0	4.52509E-05	0	0	0	0	0	0	9.05018E-05	0	0	0	0	0	0	0	0
ASV3986	0	0	0	0	0	0	0	0	0.000452509	0	0	0	0	0	0	0	0	0	0	0	0	0	0	0	0	0	0
ASV3987	0	0	0	0	0	0	0	0	0	0	0	0	0	0	0	0.000271505	0	0	0	0	0	0	0	0	0	0	0
ASV3988	0	0	0	0	0	0	0	0	0	0	0	0	0	0	0	0	0	0	0	4.52509E-05	0	0	4.52509E-05	0	0	0	0
ASV3989	0	0.000316756	0	0	0	0	0	0	0	0	0	0	0	0	0	0	0	0	0	0	0	0	0	0	0	0	0
ASV3995	0	0	0	0	0	0	0	0	0	0	0	0	0.000181004	0.000181004	0	0	0	0	0	0	0	0	0	0	0	0	0
ASV4010	0	9.05018E-05	0	0	0	0	0	0	0	0	0	0	0.000271505	0	0	0	0	0	0	0	0	0	0	0	0	0	0
ASV4011	0	0	0	0	0	0	0	0	0	0	0	0	0	0	0	0	0	0.000135753	0	0	0	0	0	0	0	0	0
ASV4012	0	0	0	0	0	0	0	0	4.52509E-05	0	0	0	0.000181004	9.05018E-05	0	0	0	0	0	0	0	0	0	0	0	0	0
ASV4013	0	0	0	0	0	0	0	0	0	0	0	0	0	0	0.000135753	0	0.000181004	0	0	0	0	0	0	0	0	0	0
ASV4014	0	0	9.05018E-05	0	9.05018E-05	4.52509E-05	0	4.52509E-05	0	0	0	0	0	0	0	0	4.52509E-05	0	0	0	0	0	0	0	9.05018E-05	0	0
ASV4016	0	4.52509E-05	0	0	0	0	0	0	0	0	0	0	0	0	0	0	0	0	0	0	0	0	0	0	0	0	0
ASV4019	0	0	0	0	0	0	0	0	0	0	0	0	0	0	0	0	0	0	0	0	0	0	0	0	0	0	0.000271505
ASV4028	0	0	0	0	0	9.05018E-05	4.52509E-05	4.52509E-05	0	0	0	0	0	0	0	0	0	0	0	0	0	0	0	0	0	0	0
ASV4029	0	0	0	0	0	0	0	4.52509E-05	0	0	0	0.000135753	9.05018E-05	0	0	0	0	0	0	0	0	9.05018E-05	0	0	0	0	0
ASV4031	0	0	0	0	0	0	0	0	9.05018E-05	0	0	0	0	0	9.05018E-05	0	0	0	0	0	4.52509E-05	0	0	0	4.52509E-05	0	0
ASV4032	0	0	0	0	0	0	0	0	0	0	0	0	0	0	4.52509E-05	0	0	0	0	0	0	0	0	0	0	0	0
ASV4033	0	0	0	0	0	0	0	4.52509E-05	0	0	0	0	0	0	0	0	0	0	0	0	0	0	0	0	0	0	0
ASV4034	0	0	9.05018E-05	9.05018E-05	0	0	0	0	0	0	0	0	0	0	0	0	0	0	0	9.05018E-05	0	0	0	0	0	0	0
ASV4035	0	0	0	0	0	0	0	0	0	0	0	0	0	0	0	9.05018E-05	0	0	9.05018E-05	0	0	0	0	0	0	0	9.05018E-05
ASV4036	0	0.000135753	0	0	0	0	0	0	0	0	0	0	0	0	0	0	0	0	0	0	0	0	0	0	0	0	0.000271505
ASV4037	0	0	0	0	0	0	0	0	0	0	0	0	0	0	0	0	0	0	0	0	0	0	0	0	0	0.000316756	0
ASV4038	0	9.05018E-05	0	0	0	0	0	4.52509E-05	0	0	0	0	0	0	0	0	0	0	0.000135753	0	0	0	0	0	0	9.05018E-05	0
ASV4039	0	0	0	0	0	0	0	0	0	0	0	0	0	0	0.000181004	0	0	0.000226255	0	0	0	0	0	0	0	0	0
ASV4040	0	0	0	0	0	0	0	0	0	0	0	0	0	0	0	0	0	0	0	0	0	0	0	0	0	9.05018E-05	0
ASV4041	0	0	0	0	0	0	0	0	0	0	9.05018E-05	0	0	0	0	0	0	0	0	4.52509E-05	0	0	0	4.52509E-05	0.000181004	0	0
ASV4045	0	0	0	0	0	0	0	0	0	0	0	0	4.52509E-05	9.05018E-05	0.000181004	0	0	9.05018E-05	0	0	0	0	0	0	0	0	0
ASV4046	0	0	4.52509E-05	0	0	0	0	0	4.52509E-05	0	4.52509E-05	0	9.05018E-05	0	0	0	0	0	0	0	0	0	0	0	0	0	0
ASV4047	0	0	4.52509E-05	0	0	0	0	0	0	0	0	0.000135753	0	0.000135753	0	0	0	0	0	4.52509E-05	0	0	0	0	0	0	0
ASV4050	0	0	0	0	0	0	0	0	0	0	0	0.000181004	0	0	0	0	0	0	0	0	0	0	0	0	0.000135753	0	0
ASV4056	0	0	0	9.05018E-05	0	0	4.52509E-05	0	9.05018E-05	0	4.52509E-05	0	0	0	0	0	0	0	0	0	0	0	0	0	0	0	0
ASV4057	0	0	0	0	0	0	0	0	0.000181004	0	9.05018E-05	0	0	0	0	0	0	0	4.52509E-05	0	0	0	0	0	0	0	0
ASV4058	0	0	0	9.05018E-05	9.05018E-05	0	0	9.05018E-05	0	0	0	0	0	0	0	0	0	0	0	0	0	0	0	0	0	0	0
ASV4059	0	0	0	0	0	0	0	0	0	0	0	0	0	0	0	0	0	9.05018E-05	4.52509E-05	9.05018E-05	0	0	0	0	0	0	0
ASV4060	0	0	0	0	0	0	0	0	9.05018E-05	0	0	0	0	0	0	0	0	0	0	0	0	0	0	0.000135753	0	0.000226255	0
ASV4061	0	0	0	0	0	9.05018E-05	0	0	0	0	0	0	0	9.05018E-05	0	0	0	0	0	9.05018E-05	0	0	0	0	0	0	0
ASV4062	0	0	0	0	0	0	0	0	0	0	0	4.52509E-05	9.05018E-05	9.05018E-05	0	4.52509E-05	0	0	0	0	0	0	0	0	0	0	0
ASV4063	0	0	0	0	0	9.05018E-05	9.05018E-05	9.05018E-05	0	0	0	0	0	0	0	0	0	0	0	0	0	0	0	0	4.52509E-05	0	0
ASV4064	0	0	0	0	0	0	0	4.52509E-05	0	0	0.000226255	0	0	0	0	0	0	0	0	0	0	0	0	0	4.52509E-05	0	0
ASV4065	0	0	0	0	0	0	0	9.05018E-05	0	0	0	0	0	0	0	0	0	0	0	0	0	0	0	0	0	0	0
ASV4066	0	0	0	0	0	0	0	0	0	0	0	0	0	4.52509E-05	0	0	0	0	0	0	0	0	0	0	0	0	0.000135753
ASV4091	0	0	0	4.52509E-05	4.52509E-05	0	0	0	0	0	0	0	0	0	0	0	0	0	0	0	0	0	0	0	0	4.52509E-05	0.000135753
ASV4093	0	0	0	0	0	0	0	0	0	0	0	0	0	0	0.000316756	0	0	0	0	0	0	0	0	0	0	0	0
ASV4094	0	0	0	0	4.52509E-05	0	0	0	0	0	9.05018E-05	0	0	0	0	4.52509E-05	9.05018E-05	9.05018E-05	0	0	0	0	0	0	0	0	0
ASV4095	0	0	0	0	0	0	0	0	0	0	4.52509E-05	0	0	9.05018E-05	0	9.05018E-05	0	0	0	0	0	0	0	0	0	0	0
ASV4096	0	0	0	0	0	0	0	0	0	0	0	0	0	0	0	0	9.05018E-05	0	0.000135753	0	0	0	0	0	0	0	0
ASV4114	0	0	0	0.000181004	0	0	0	0	0	0	0	0	0	0	0	0	4.52509E-05	0	0	0	0	0	0	0	0	0	0
ASV4115	0	0	0	0	4.52509E-05	0	0	0	0	0	0	0	0	0	0	0	0	0	0	0	0	0.000135753	0	0	4.52509E-05	0	0
ASV4116	0	0	0	0	0	0	4.52509E-05	0	0	9.05018E-05	0	0	9.05018E-05	0	0	0	4.52509E-05	0	0	0	0	0	0	0	0	0	0
ASV4117	0	0	0	0	0	0	0	0	0	0	0	0.000181004	0	0	0	0	0	0	0	0	4.52509E-05	9.05018E-05	0	0	0	0	0
ASV4118	0	0	0	0	0	0	0	0	0	0	0	0	0	0	0	0	0	0	0	0	0.000226255	9.05018E-05	0	0	0	0	0
ASV4119	0	0	0	0	0	0	9.05018E-05	0	0	9.05018E-05	9.05018E-05	4.52509E-05	0	0	0	0	0	0	0	0	0	0.000135753	0	0	0	0	0
ASV4120	0	0	0	0	9.05018E-05	0	0	0	0	4.52509E-05	0	0.000135753	0	0	0	0	0	0	0	0	0	0	0	0	0	0	0
ASV4121	0	0	0	0	0	0	0	0	0	0.000135753	0	4.52509E-05	4.52509E-05	0	0	0	0	0	0	0	0	0	0	0	0	0	0
ASV4125	0	0	0	0	9.05018E-05	0	0	4.52509E-05	0	0	0	4.52509E-05	0	0	0	0	0	0	0	0	0	0	0	0	0	0	0
ASV4128	0	0	0	0	0	0	0	0	0	0	0	0	0	0	0	0	0	0	0	0	0.000226255	0	0	0	0	0	0
ASV4130	0	0	0	0	0	0	0	0	0	0	0	0	0	0	0	0	0	0	0	4.52509E-05	9.05018E-05	0.000135753	0	0	0	0	0
ASV4131	0	0	0	0	0	0	0	0	0	0	0	0	0	0.000135753	0	9.05018E-05	0	0	0	0	4.52509E-05	0	0	0	0	0	0
ASV4132	0	0	0	0	0	4.52509E-05	0	0	0	0	0	0	0	0	0	0	0	0	0.000135753	0	9.05018E-05	0	0	0	0	0	0
ASV4133	0	0	0	0	0	0	0	0	0	0	0	0	0	0	0	0	0	0	9.05018E-05	0	9.05018E-05	0.000135753	0	0	0	0	0
ASV4134	0	0	0	0	0	0	0	0	0	0	0	0	0	0	0	0	0	0	0	0	9.05018E-05	0	0	0	9.05018E-05	4.52509E-05	9.05018E-05
ASV4135	0	0	0	0	0	0	0	0	0	0	0	0	4.52509E-05	9.05018E-05	0	0	0	0	9.05018E-05	0	9.05018E-05	0	0	0	0	0	0
ASV4136	0	0	0	0	0	0	0	0	0	4.52509E-05	0	0	0	0	0	0	0	0	9.05018E-05	0	4.52509E-05	0	0	0	0	0	0
ASV4138	0	0	0	0	0	0	9.05018E-05	0	0	0	0	0	0	0	0	0	0	0	0	0	0	0	0	0	0	0	0
ASV4145	0	0	0	0	0	0	0	0	0	0	0	0	0	0.000316756	0	0	0	0	0	0	0	0	0	0	0	0	0
ASV4146	0	0	0	0	0	0	9.05018E-05	0	0	0	0	0	0	0	0	0	0	0	0	0	0	0	0	0	0	0	0
ASV4147	0	0	0	0	0	0	0	0	9.05018E-05	0	4.52509E-05	9.05018E-05	9.05018E-05	0	0	0	0	0	0	0	0	0	0	0	0	0	0
ASV4148	0	0	0	0	0	0	0.000271505	0	0.000181004	0	0	0	0	0	0	0	0	0	0	0	0	0	0	0	0	0	0
ASV4149	0	0	0	0	0	0	0	0	0.000362007	0	0	0	0	0	0	0	0	0	0	0	0	0	0	0	0	0	0
ASV4150	0	0	0	0	0	0	0	0	0	0	0	0	0	4.52509E-05	0	0	0	0	0	0.000181004	0	0	0	0	0	0	0
ASV4152	0	0	0	0.000181004	0	0	0	0	0	0	0	0	0	0	0	0	0	0	0	0	0	0	0.000271505	0	0	0	0
ASV4153	0	4.52509E-05	0	4.52509E-05	0	0	0	0	0	0	0	0	0	4.52509E-05	0	9.05018E-05	0	0	9.05018E-05	0	0	0	0	0	0	0	0
ASV4154	0	0.000135753	0	0	0	0	0	0	0	0	0	0	0	0	0	0	0	0	0	0	0	0	0	0	0	0	0
ASV4155	0	0	0	0	0	0.000362007	0	0	0	0	0	0	0	0	0	0	0	0	0	0	0	0	0	0	0	0	0
ASV4156	0	0	0	0	0.000135753	9.05018E-05	0	0	0	0	0	0	4.52509E-05	0	0	0	0	9.05018E-05	0	0	0	0	0	0	0	0	0
ASV4162	0	0	0	0	0	0	0	0	0	0	0	0	0	0	0	0	0	0	0	0	0	0	0	0	0	0	9.05018E-05
ASV4181	0	0	0	0	0	0	0	0.000271505	4.52509E-05	0	0	0	0	0	0	0	0	4.52509E-05	0	0	0	0	0	0	0	0	0
ASV4182	0	0.000316756	0	0	0	0	0	0	0	0	0	0	0	0	0	0	0	0	0	0	0	0	0	0	0	0	0
ASV4183	0	0	0	0	0	0	0	0	0	0	0	0	0	0	0	0	0	0	0	0	0	0	0	4.52509E-05	0	0	0.000226255
ASV4184	0	4.52509E-05	0	0	0	0	0	0	0	0	9.05018E-05	0	0	0	0	0	9.05018E-05	0	0	0	0	0	9.05018E-05	0	0	0	0
ASV4185	0	0	0	0	0	0	0	0	0	0	0	0	0	0	0	0	0.000135753	0.000181004	0	0	0	0	0	0	0	0	0
ASV4186	0	0	0	0	0	0	0	0	0	0	0	0	0	0	0	0	9.05018E-05	0	0	0.000135753	4.52509E-05	0	0	0	0	0	0
ASV4205	0	0	0	0	0	0	0	0	0	0	0	0	0	0	0	0	0	0	0	0	0	0	0	0	0	0.000362007	0
ASV4206	0	9.05018E-05	0	0	0	0	0	0	0	0	0	0	0	0	0	0	4.52509E-05	4.52509E-05	4.52509E-05	4.52509E-05	0	0	0	0	0	0	0
ASV4208	0	0	0	0	0	0	0	0	0	0	0	0	0	0	0	0	4.52509E-05	0	0.000135753	0	0	0.000181004	0	0	0	0	0
ASV4209	0	0	9.05018E-05	0	0	0	0	0	0	0	0	0	0	0	0	0	0	0	0	0	0	0	0	0	0	0	0
ASV4210	0	0	0	0	0	0	0	0	0	0	0	4.52509E-05	0	0	0	9.05018E-05	0	0	9.05018E-05	4.52509E-05	0	0	0	0	0	9.05018E-05	0
ASV4211	0	0	0	0	0	0	0	0	0	0	0	0	0	0	0	0.000135753	9.05018E-05	0	0	0	0	0	0	0	0	0	0
ASV4212	0	0	0	0	0	0	0	0	0	0	0	0	0	4.52509E-05	0	0	0	0	0	0	0	0	0	0	0	4.52509E-05	0.000181004
ASV4213	0	0	0	0	0	0	0	4.52509E-05	0	0	4.52509E-05	0	9.05018E-05	4.52509E-05	4.52509E-05	0	0	0	0	0	0	0	0.000135753	0	0	0	0
ASV4215	0	0	0	0	0	0	4.52509E-05	4.52509E-05	9.05018E-05	4.52509E-05	0	0	0	0	0	0	0	0	0	0	0	0	0	0	0	0	0
ASV4216	0	0	0	0	0	9.05018E-05	0	0	0	4.52509E-05	0	0	0	0	0	0	0	0	0	0	0	0	0	0	0	4.52509E-05	0
ASV4217	0	0	9.05018E-05	0	4.52509E-05	0	0	0	9.05018E-05	0	0	0	4.52509E-05	0	0	0	0	0	0	0	0	0	0	0	0	0	0
ASV4218	0	0.000181004	4.52509E-05	0	0	0	0	0	0	0	0	0	0	0	0	0	0	0	0	0	0	0	0	0	0	0	0
ASV4219	0	0	0	0	0	0	0	0	0	0	0	0	0	4.52509E-05	0.000181004	0	0	0	0	0	0	4.52509E-05	0	0	0	0	0
ASV4220	0	0	4.52509E-05	0	9.05018E-05	0	0	0	0	0	4.52509E-05	0	4.52509E-05	0	0	0	0	0	0	0	0	0	0	0	4.52509E-05	0	0
ASV4221	0	9.05018E-05	0	0	0	0	0	0	0	0	0	0	0	0	0	0	0	0	0	0	4.52509E-05	0	0	0.000135753	0	0	0
ASV4222	0	0	0	0	0	0	0	0	0	0.000181004	0	0	0	0	0	0	0	0	0	0	4.52509E-05	4.52509E-05	0	0	0	0	0
ASV4223	0	0	0	4.52509E-05	0	0	0	0	0	0	0	0	0	0	0	0	0	0	0	0	0.000135753	4.52509E-05	0	0	0	0	0
ASV4224	0	0	0	0	0	0	0	0	0	0	0	0	0	0	0	0	0	0	0	0	0.000226255	0	0	0	0	0	0
ASV4225	0	4.52509E-05	0	4.52509E-05	0	0	0	0	0	0	0	0	0	0	0	0	0	0	0	0	4.52509E-05	0	0	0	0	0	0
ASV4226	0	0	0	0	0	0	0	0	0	0	0	0	0	0	0	0	0	0	0	0	0	0	0	0	0	0	0.000226255
ASV4227	0	0	0	0	0	0	0	0	0	0	0	0	0	0	0	0	0	0	0.000181004	0	4.52509E-05	0	0	0	9.05018E-05	0	0
ASV4228	0	0	0	0	0	0	0	0	0	0	0	4.52509E-05	0	0	0	0	0	4.52509E-05	0	0	4.52509E-05	0	0	0	0	0	0.000135753
ASV4231	0	0	0	0	0	0	0	0	0	0	0	0	0	0.000135753	0	0	0	0	0	0	0	0	0	0	0	0	0
ASV4232	0	0	0	0	0	0	0	0	0	0	0	0	0	0.000271505	0	0	0	0	0	0	0	0	0	0	0	0	0
ASV4233	0	0	0	0	0	0	0	0	0	0	0	0.000271505	0	0	0	0	0	0	0	0	0	0	0	0	0	0	0
ASV4234	0	0	0	0	0	0	0	0	0	0	0	0	0	0	0	0	0	0	0.000135753	0	0	0	0	0	0	0	0
ASV4240	0	0	0	0	0	0	0	0	0	0	0	9.05018E-05	0	9.05018E-05	0	0	0	0	0	0	0	0	0	4.52509E-05	0	0	0
ASV4241	0	0	0	0	0	0	0	0	0.000135753	0	0	0	0	0	0	0.000135753	0	0	0	0	0	0	0	0	0	0	0
ASV4242	0	0	0	0	0	0	0	0	0	0	0	0	0.000271505	0	0	0	0	0	0	0	0	0	0	0	0	0	0
ASV4243	0	0	0	0.000135753	9.05018E-05	0	0	0	0	0	0	0	0	0	0	0	0	0	0	0	0	0	0	0	0	0	0
ASV4244	0	0	0	0	0	0	0	0	0	0	0	0	0	0	0	4.52509E-05	0	0	4.52509E-05	9.05018E-05	0	0	0	0	0	0	0
ASV4245	0	0	0	0	0	0	0	0	0	0	0	0	0	0	0	0	0	0	0	0	0	0	0.000135753	0	0	0	0
ASV4246	0	0	0	0	0	0	0.000226255	0	0	0	4.52509E-05	0	0	9.05018E-05	0	0	0	0	0	0	0	0	0	0	0	0	0
ASV4247	0	0	0	0	0	0	0	0	0	0	4.52509E-05	0	0	0	0	0.000181004	0	0	0	0	0	0	0	0	0	0	0
ASV4248	0	0	0	0	0	0.000181004	0	0	4.52509E-05	0	9.05018E-05	0	0	0	0	0	0	0	0	0	0	0	0	0	0	0	0
ASV4249	0	0	0	0	0	0	0	0	0	0	0	0	0.000271505	0	0	0	0	0	0	0	0	0	0	0	0	0	0
ASV4250	0	0	0	0	0	0	0	0	0	0	0	0	0.000226255	0	0	9.05018E-05	0	0	0	0	0	0	0	0	0	0	0
ASV4251	0	0	0	0	0	0	0	0	0.000181004	0	0	0	0	0	0	0	0	0	0	0	0	0	0	0	0	0	0.000135753
ASV4252	0	0	0	0	0	0	0	9.05018E-05	0	0	0	0	0	0	0	0	0	0	0	0	0	0	0	0	0	0.000181004	0
ASV4253	0	9.05018E-05	0	0	0	0	0	0	0	0	0	0	0	0	0	0	0	0	0	0	0	0	0	4.52509E-05	0	0.000135753	0
ASV4259	0	9.05018E-05	0	0	0	0	0	0	0	0	0	0	0	0	0.000226255	0	0	0	0	0	0	0	0	0	0	0	0
ASV4284	0	0	0	0	0.000135753	0	0	0	0	0	4.52509E-05	4.52509E-05	9.05018E-05	0	0.000135753	0	0	0	0	0	0	0	0	0	0	0	0
ASV4286	0	0	0	0	0	0	0	0	0	0	0	0	0	0	0.000135753	0	0	0	0	0	0	0	0	0	0	0	0
ASV4287	0	0	0	0	0	0	0	0	0	0	0	9.05018E-05	0	0	0	0	9.05018E-05	0	9.05018E-05	0	0	4.52509E-05	0	0	0	0	0
ASV4288	0	0	0	0	0	0	0	0	0	0	0	0	0	0	4.52509E-05	4.52509E-05	4.52509E-05	0	0	0	4.52509E-05	0	0	0	0	0	0
ASV4289	0	0	0	0	0	0	0	0	0	0	0	0	0.000135753	0	4.52509E-05	4.52509E-05	9.05018E-05	0	0	0	0	0	0	0	0	0	0
ASV4290	0	0	0	0	0	0	0	0	0	0	0	0	0	0	0	0	0.000226255	9.05018E-05	0	0	0	0	0	0	0	0	0
ASV4297	0	0	0	0	0	0	0	0	0	9.05018E-05	0	0	0	0	0	0	0	0	0	0	4.52509E-05	0	0	0	0	0	9.05018E-05
ASV4307	0	0	0	0	0	0	0	0	0.000135753	0	0	0	9.05018E-05	0	9.05018E-05	0	0	0	0	0	0	0	4.52509E-05	0	0	0	0
ASV4313	0	0	0	0	0	0	0	0	0	0	0	9.05018E-05	4.52509E-05	0	0	9.05018E-05	0	0	0	0	0	0	0	0	0	0	0
ASV4315	0	0	0	0	0	0	0	0	0	0	0	0	0	0	0	0	4.52509E-05	0	0	0	0	0	0	0	9.05018E-05	0	9.05018E-05
ASV4316	0	0.000135753	4.52509E-05	0	0	0	0	0	0	0	0	0	0	0	0	9.05018E-05	0	0	0	0	0	0	0	0	0	0	0
ASV4317	0	0	0	0	0	0	0	0	0	0	0	0	0	9.05018E-05	0	0	9.05018E-05	0	0	0	0	0	0	9.05018E-05	0	0	0
ASV4318	0	0	0	0	0	0	0	0	0	0	0	0	0	0	0	0	0	0	0	0	0	4.52509E-05	0	0	0.000135753	0	0
ASV4319	0	0	0	0	0	0	0	0	0	0	0	0	0	0	0	0	0	0	0	9.05018E-05	0	0.000181004	0	0	0	0	0
ASV4320	0	0	0	0	0	0	4.52509E-05	4.52509E-05	4.52509E-05	0	0	0	0	0	0	0	0	0	0	0	0	4.52509E-05	0	0	0	0	0
ASV4321	0	0	0	0	0	0	0	0	0	0.000271505	0	0	0	0	0	0	0	0	0	0	0	0	0	0	0	0	0
ASV4322	0	0	0	0	0	0	0	0	0	9.05018E-05	0	4.52509E-05	0	4.52509E-05	0	0	0	0	0	0	0	0	0	4.52509E-05	0	4.52509E-05	0
ASV4326	0	0	0.000135753	0	0	0	0	0	0	0	0	0	0	0	0	0	0	0	0.000181004	0	0	0	0	0	0	0	0
ASV4327	0	0	0.000135753	0	0	0	0	0	0	0	0	0	0	0	0	0	0	0	0	0	0	0	0	0	0	0	0
ASV4328	0	0.000181004	9.05018E-05	0	0	0	0	0	0	0	0	0	0	0	0	0	0	0	0	0	0	0	0	0	0	0	0
ASV4329	0	0	0	9.05018E-05	4.52509E-05	0	4.52509E-05	9.05018E-05	0	0	0	0	0	0	0	0	0	0	0	0	0	0	0	0	0	0	0
ASV4330	0	0	9.05018E-05	0.000135753	0	0	0	4.52509E-05	0	0	0	0	0	0	0	0	0	0	0	0	0	0	0	0	0	0	0
ASV4331	0	0	0	0	0	0	0	0	0	0	0.000135753	0	0	0	0	0	0	0	0	0	0.000135753	0	0	0	0	0	0
ASV4332	0	0	0	0	4.52509E-05	0	0	0	0	0.000135753	0	0	0	0	0	0	0	0	0	0	4.52509E-05	0	0	0	0	0	0
ASV4333	0	0	0	0	0	0	0	0	0	0	0	0	9.05018E-05	0	0	0	0	0	0	0	9.05018E-05	0	0	0	0	0	0
ASV4334	0	0	0	0	0	0	0	0	0	0	0	9.05018E-05	0	0	0	4.52509E-05	0	0	0	0	0.000135753	0	0	0	0	0	0
ASV4335	0	0	0	0	0	0	0	0	0	0	0	0	0	0	0	0	0	0	0	0	4.52509E-05	0	0	0	0	0	0
ASV4337	0	0	0	0	0	0	0	0	0	0	0	0	0	0	0	0	0	0	0	0.000135753	0.000135753	0	0	0	0	0	0
ASV4339	0	0	0.000181004	4.52509E-05	0	0	0	0	0	0	0	0	0	0	0	0	0	0	0	0	0	0	0	0	0	0	0
ASV4340	0	0	4.52509E-05	0	0	0	0	9.05018E-05	4.52509E-05	0	0	0	0	0	0	0	0	0	0	0	0	0	0	0	0	0	4.52509E-05
ASV4341	0	0	0	0	0	0	0	0	0	0	0	0	0	0	0	0	0.000181004	0	0	0	0	0	0	0	0	0	0
ASV4343	0	0	0	0	0	0	0	0	0.000271505	0	0	0	0	0	0	0	0	0	0	0	0	0	0	0	0	0	0
ASV4350	0	0	0	0	0.000135753	0	0	0	0	0	0	0	0	0	0	0	0	0	0	0	0	0	0	0	0	0	0
ASV4351	0	0	0	0	0.000271505	0	0	0	0	0	0	0	0	0	0	0	0	0	0	0	0	0	0	0	0	0	0
ASV4352	0	0	0	0	0	0	0	0	0	0	0	0	0	0	0	0	0	0	0	0	0	0	9.05018E-05	0	0	0	0
ASV4353	0	0	0	0	0	0	0	0	0	0	0	0	0	0	0	0.000226255	0	0	0	0	0	0	0	0	0	0	0
ASV4354	0	0	0	0	0	0	9.05018E-05	0	0.000135753	0	0	4.52509E-05	0	0	0	9.05018E-05	0	0	0	0	0	0	0	0	0	0	0
ASV4355	0	0	0	0	0	0	0	0	0	0	0	0	0	0	0	0	0	0	0	0	0	0	0	4.52509E-05	0	0	0
ASV4356	0	0	0	0	0	0	0	0	0	0	0	0	0	0	0	0	0	0	0	0	0	0	0	0.000316756	0	0	0
ASV4357	0	0.000226255	0	0	0	0	0	0	0	0	0	0	0	0	0	0	0	0	0	0	0	0	0	0	0	0	0
ASV4358	0	0	0	0	0	0	0	0	0	0	0	0	0	0	0	0	0	0	0	0	0	0	0.000271505	0	0	0	0
ASV4359	0	0	0	0	0	0	0	0	0	0	0	0	0	0	0	0	0	0	0	0	0	0	0.000271505	0	0	0	0
ASV4360	0	0	0	0	0	0	0	0	4.52509E-05	0	4.52509E-05	0	0	0	0	0	0	0	0	0	0	0	9.05018E-05	0	0	0	0
ASV4361	0	0	0	0	0	0	0	0	0	0	0.000316756	0	0	0	0	0	0	0	0	0	0	0	0	0	0	0	0
ASV4367	0	0	0	0	0	0	0	0	0	0	0.000226255	0	0.000181004	0	0	0	0	0	0	0	0	0	0	0	0	0	0
ASV4387	0	0.000316756	0	0	0	0	0	0	0	0	0	0	0	0	0	0	0	0	0	0	0	0	0	0	0	0	0
ASV4389	0	0	0	0	0	0	0	0	0	0	0	0	4.52509E-05	0	0	0	0	0	0	0	0	0	0	0	0	0	0
ASV4391	0	0	0	0	0	0	0	0	0	0	0	0	0	0	0	0	0	9.05018E-05	0	9.05018E-05	0	0	4.52509E-05	0	0	0	0
ASV4392	0	0	0	0	0	0	0	0	0	0	0	9.05018E-05	0	0	0	4.52509E-05	4.52509E-05	0	0	0	0	0	0	0	0	0	0
ASV4393	0	0	0	0	0	0	0	0	0	0	0	0	0	0	0	9.05018E-05	0.000181004	0	0	0	0	0	0	0	0	0	0
ASV4401	0	0	0	0	0	0	0	0	0	0	4.52509E-05	0	0	0	0	4.52509E-05	9.05018E-05	0	0	0	0	0	0	0	0	0	0
ASV4410	0	0	0	0	0	4.52509E-05	0	0	9.05018E-05	0	0	0	4.52509E-05	9.05018E-05	0	0	0	0	0	0	0	0	0	0	0	0	0
ASV4411	0	0	0	0	0	0	0	0	0	0	0	0	0	0	0	4.52509E-05	0	0.000135753	4.52509E-05	0	4.52509E-05	0	0	0	0	0	0
ASV4413	0	0	0	0	0	0	0	0	0	0	0	0	0	0	0	4.52509E-05	4.52509E-05	0	9.05018E-05	0	0	0	0	0	0	0	0
ASV4414	0	0	0	0.000135753	4.52509E-05	0	0	4.52509E-05	0	4.52509E-05	0	0	0	0	0	0	0	0	0	0	0	0	0	0	0	0	0
ASV4415	0	0	0	0	0	0	0	0	0	0	0	0	0	0	0	0	0	0	9.05018E-05	0	9.05018E-05	0	4.52509E-05	0	0	0	0
ASV4416	0	0	0	0	0	0	0	0.000271505	0	0	0	0	0	0	0	0	0	0	0	0	0	0	0	0	0	0	0
ASV4417	0	0.000135753	0	0	0	0	0	0.000135753	0	0	0	0	0	0	0	0	0	0	0	0	0	0	0	0	0	0	0
ASV4418	0	0	0	0	0	0	0	9.05018E-05	0.000135753	0	9.05018E-05	0	0	0	0	0	0	0	0	0	0	0	0	0	0	0	0
ASV4420	0	0	0	0	0	0	0	0	0	0	0	0	0	0	0	0	0	0	0	4.52509E-05	0	0	0	0	0	0.000181004	9.05018E-05
ASV4421	0	0	0	0	0	0	0	0	0	0	0	0	9.05018E-05	4.52509E-05	4.52509E-05	4.52509E-05	0	0	0	0	0	0	0	0	0	0	0
ASV4422	0	0	0	0	0	0	0	0	0	0	0	0	0	0	0.000226255	0	0	4.52509E-05	9.05018E-05	0	0	0	0	0	0	0	0
ASV4423	0	0	0	0	0	0	0	4.52509E-05	0	0	0	0.000135753	0	0	0	0	0	0	0	0	0	9.05018E-05	0	0	0	0	0
ASV4424	0	0	0	0	0	0	0	0	0	0	0	0	0	0	0	0	0	0	0	0	0	0	0	0	0.000135753	0	9.05018E-05
ASV4425	0	0	0	0	0	0	0	0	0	4.52509E-05	0	0	0	0	0.000181004	0	0	0	0	4.52509E-05	0	0	0	0	0	0	0
ASV4428	0	0	0.000135753	0	0	0	0	0	0	9.05018E-05	0	0	0	0	0	0	0	0	0	0	0	0	0	0	0	0	0
ASV4429	0	0	0.000226255	0	0	0	0	0	0	0	0	0	0	0	0	0	0	0	0	0	0	0	0	0	0	0	0
ASV4430	0	0	9.05018E-05	0	0	0	0	4.52509E-05	0.000135753	0	4.52509E-05	0	0	0	0	0	0	0	0	0	0	0	0	0	0	0	0
ASV4431	0	4.52509E-05	0.000135753	0	0	0	0	0	0	0	0	0	0	0	0	0	0	0	9.05018E-05	0	0	0	0	0	0	0	0
ASV4432	0	0	0	0	0	0	0	0	0	0	0	0	0	0	0	0	0	0	0	0	4.52509E-05	0	0	0	0	0	0
ASV4433	0	9.05018E-05	0	0	0	0	0	0	4.52509E-05	0	0	0	0	0	0	0	0	0	0	0	9.05018E-05	0	0	0	0	0	0
ASV4434	0	0	0	0	0	0	0	4.52509E-05	0	0	0	0	0	0	0	0	0	0	0	0	0.000181004	0	0	0	0	0	0
ASV4449	0	0	0	0	0	0	0	0	0.000181004	0	0	9.05018E-05	0	0	0	0	0	0	0	0	0	0	0	0	0	0	0
ASV4455	0	0	0	0	9.05018E-05	0	0	0	0	0	0	0	0	0	0	0	0	0	0	0	0	0	0	0	0	0	0
ASV4456	0	0	0	0	0.000271505	0	0	0	0	0	0	0	0	0	0	0	0	0	0	0	0	0	0	0	0	0	0
ASV4457	0	0	0	0	0	0	0	0	0	0	0	0	0	0	0	0	0	0	0.000226255	0	0	0	0	0	0	0	0
ASV4458	0	0	0	0	0	0	0	0	0	0	0	0.000316756	0	0	0	0	0	0	0	0	0	0	0	0	0	0	0
ASV4459	0	0	0	0	0	0	0	0	0	0	0	0	0	0	0	0	0	0	0	0	0	0	0	0	9.05018E-05	0	0
ASV4460	0	0	0	0	0	0	0	0	9.05018E-05	0	0	0	0	0	0	0	0	0	0	0	0	0	0	0	0	0	0
ASV4461	0	0	0	0	0	0	0	0	0	0	0	0	0	0	0	0.000226255	0	0	0	0	0	0	0	0	0	0	0
ASV4473	0	0	0	0	0	0	0	0	0	0	0	0	0	0	0	0	0	0	0	9.05018E-05	0	0	0	0	0	0	0
ASV4494	0	0	0	0	0	0	0	0	0	0	0	0	0	0	0	4.52509E-05	0	0	0	0	0	0	0	0	0	0	0
ASV4496	0	0	0	0	0	0	0	0	0	0	0	0	0	0	0	0	0	0	0	0.000271505	0	0	0	0	0	0	0
ASV4502	0	0	0	0	0	0	0	0	0	0	0	0	0	0	0	0	0	0	0	0	0.000181004	0	0	0	0	0	0
ASV4503	0	0	0	0	0	0	0	0	0	0	0	0	0	0	0	0	0	0	0	0	0.000181004	0	0	0	0	0	0
ASV4504	0	0	0	0	0	0	0	0	0	9.05018E-05	0	0	0	4.52509E-05	0	0	0	0	0	0	9.05018E-05	0	0	0	0	0	0
ASV4505	0	0	0	0	0	0	0.000135753	0	0	0	0	0	0	0	0	0	0	4.52509E-05	0	0	4.52509E-05	4.52509E-05	0	0	0	0	0
ASV4506	0	0	0	0	0	0	0	0	0	0	0	0	0	0	0	0	0	0	0	0	0.000135753	0	0	0	0	0	0
ASV4507	0	0	0	0	0	0	0	0	0	0	0	0	9.05018E-05	9.05018E-05	0	4.52509E-05	0	0	0	0	0	0	0	0	0	0	0
ASV4508	0	0	0	0	0	0	0	0	0	0	0	0	0	0	0	0	4.52509E-05	9.05018E-05	0	0	0	0	0	0	0	0	0
ASV4509	0	0	0	0	0	0	0	0	0	0	0	0	0	0	0	0	0.000226255	0	0	0	0	0	0	0	0	0	0
ASV4517	0	4.52509E-05	0	0	0	0	0	0	0	0	0	0	0	0	0	0	0	0	0	0	0	0	0	0	0	0	0
ASV4524	0	0	0	0	0	0	0	0	0	0	0	9.05018E-05	0	0	0	0	0	0	9.05018E-05	9.05018E-05	0	0	0	0	0	0	0
ASV4530	0	0	0	0	0	0	0	0	0	0	0	0	0	0	0	0	0	0	0	9.05018E-05	0	0	0	0	0	0	0
ASV4531	0	0	0	0	0	0	0	0	0	0	0	4.52509E-05	0	0	0	0	0	0	0	0	0	0	4.52509E-05	0	0	0	0
ASV4532	0	0	0	0	0	0	0	0	0	0.000226255	0	0	0	0	0	0	0	0	0	0	0	0	0	0	0	0	0
ASV4533	0	0	0	0	0.000271505	0	0	0	0	0	0	0	0	0	0	0	0	0	0	0	0	0	9.05018E-05	0	0	0	0
ASV4534	0	0	0	0	0	0	0	0	0	0	0	0.000135753	0	0	0	0	0	9.05018E-05	4.52509E-05	0	0	0	0	0	0	0	0
ASV4535	0	0	0	0	0	0	0	0	0	0	0	0	0	0	0	0	0	0	4.52509E-05	0	0	0	0	0	0.000181004	0	0
ASV4536	0	0	0	0	0	0	0	0	0	0	4.52509E-05	0	0	4.52509E-05	0	0	0	9.05018E-05	0	0	0	0	0	0	0	0	0
ASV4537	0	9.05018E-05	0	0	0	0	0	0	0	0	0	0	0	0	0	0	0	0	9.05018E-05	0	0	0	0	0	0	0	0
ASV4538	0	0	0	0	0	0.000135753	0	0	0	0	0	0	0	0	0	0	0	0	0	9.05018E-05	0	0	0	0	0	0	0
ASV4539	0	0	0	4.52509E-05	0	4.52509E-05	0	0	0	0	0	9.05018E-05	0	9.05018E-05	0	0	0	0	0	0	0	0	0	0	0	0	0
ASV4540	0	0	0	0	0	0	0	0	0	0	0	0	9.05018E-05	0	0	0	0	0	0	0	0	0	0	0	0	0	0
ASV4541	0	0	0	0	0	0	0	0	0	0	0	0	0	0	0	4.52509E-05	0	0	4.52509E-05	0	0	0	0	0	0	0	0
ASV4542	0	4.52509E-05	0	0	0	0	0	0	4.52509E-05	0	4.52509E-05	0	4.52509E-05	0	0	0	0	0	0	0	0	0	0	0	0	0	0
ASV4543	0	0	0	0	0	9.05018E-05	0	0	0.000226255	0	0	0	0	0	0	0	0	0	0	0	0	0	0	0	0	0	0
ASV4544	0	0	0	0	0	0	0	0	0	0	0	0	0	0	0	0	0	0	0	0	0	9.05018E-05	0	0	9.05018E-05	0	0
ASV4545	0	0	0	0	0	0	0	0	0	0	0	0	0	0	0	0	0	0	0	0	0	0	0	0	0	0.000362007	0
ASV4546	0	0	0	0	0	0	0	0	4.52509E-05	0.000181004	0	0	0	0	0	0	0	0	0	0	0	0	0	0	0	0	0
ASV4547	0	0	0	0	0	0	0	0	0.000135753	0.000181004	4.52509E-05	0	0	0	0	0	0	0	0	0	0	0	0	0	0	0	0
ASV4548	0	0	0	0	0	0	0	0	0	0	0	0	9.05018E-05	0	0	0	0	0	0	0	0	0	0.000135753	0	0	0	0
ASV4549	0	0	0	0	0	4.52509E-05	0	0	0	0	0	0	0	0	0	0	0	0	0	0	0	0.000181004	4.52509E-05	0	0	0	0
ASV4550	0	0	0	0	0	0	0	0	0	0	0	0	0	0	0	0	0	0	0	0	0	4.52509E-05	0	0	0.000135753	0	0
ASV4551	0	0	0	0	0	0	0	0	0	0	0	0	0	0	0	0	0	0	0	0	0	0	0	0	0	4.52509E-05	0.000226255
ASV4552	0	0	0	0	0	0	0	0	0	9.05018E-05	0	0	0	0	0	0	0	0	0	0	0	0	0	0	0	0	0
ASV4553	0	0	0	0	0	0	0	0	0	0	0	0	0	0	0	0	0	0	0	0	0	0	0	0	0	0	0.000226255
ASV4554	0	0	0	0	0	0	0	9.05018E-05	4.52509E-05	0	0	0	0	0	0	0	0	0	0	0	0	0	0	0	4.52509E-05	0	0
ASV4555	0	0	0	0	0	0	0	4.52509E-05	0	0	0	0.000135753	0	0	0	0	0	0	0	0	0	0	0	0	0	0	0
ASV4556	0	0	0	0	0	0	0	0	0	0	0	0.000135753	9.05018E-05	0	0	0	0	0	0	0	0	0	0	0	0	0	0
ASV4570	0	0	0	0	0	0	0	0	0	0	0	9.05018E-05	0	0	0	0	0	0	0	0	0	0	0	0	0	0	0
ASV4572	0	0	0	0	4.52509E-05	0	0	0	0	0	0	0	0	0	0	0	0	0	0	0	0	0	0	0	0	0	0
ASV4573	0	0	0	0	0	0	0	0	0	0	0	0	0	0	0	0	0	0	0	0.000226255	0	0	0	0	0	0	0
ASV4574	0	0	0	0	0	0	0.000226255	0	0	0	0	0	0	0	0	0	0	0	0	0	0	0	0	0	0	0	0
ASV4575	0	0	0	0	0	0	0	0	0	0	0	0	0	0	0	0.000181004	0	0	0	0	0	0	0	0	0	0	0
ASV4577	0	0	0	0	0	0	0	0	0	0	0	0.000135753	0	0	0	0	0	0	0	0	0	0	0	0	0	0	0
ASV4578	0	0	0	0.000226255	0	0	0	0	0	0	0	0	0	0	0	0	0	0	0	0	0	0	0	0	0	0	0
ASV4579	0	0	0	0	0	0	0	0	0	0	0	0	0	0	0	9.05018E-05	0	0	0	9.05018E-05	0	0	0	0	0	0	0
ASV4580	0	0	0	0	0	0	0	0	0	0	0	0	0	0.000135753	0	0.000135753	0	0	0	0	0	0	0	0	0	0	0
ASV4581	0	0	0	0	0	0	0	0	0	0	0	0	0	0	0	0.000181004	0	0	0	0	0	0	0	0	0	0	0
ASV4582	0	0	0	0	0	0	0	0	0	0	0	0	0	0	0	4.52509E-05	0	0	0	0	0	0	0	0	0	0	0
ASV4583	0	0	0	0	0	0	9.05018E-05	0	0	0	0	0	0	0	0	0	0	0	0	0	0	0	0	0	0	0	0
ASV4584	0	0	0	0	0	0	0	0	0.000362007	0	0	0	0	0	0	0	0	0	0	0	0	0	0	0	0	0	0
ASV4585	0	0	0	0	0	0	0	0	0.000226255	0	0	0	0	0	0	0	0	0	0	0	0	0	0	0	0	0	0
ASV4586	0	0	0	0	0	0	0	0	0	0	0	0	0	0	0	0	0	0	0	0	0	0	0	0	0.000135753	0	0
ASV4587	0	0	0	0	0	0	0	0	0	0	0	0	0	0	0	0	0	0	0	0	0	0	0	0	0.000181004	0	0
ASV4588	0	0	0	0	0	0	0	0	0	0	0	0	0	0	0	0	0	0	0	0	0	0	0	0	9.05018E-05	0	0
ASV4589	0	0	0	0	0	0	0	0	0	0	0	0	0	0	0	0	0	0	0	0	0	0	0	0	0.000181004	0	0
ASV4607	0	0	0	0	0	0	0	0	4.52509E-05	0	0.000181004	0	0	0	0	0	0	0	0	0	0	0	0	0	0	0	0
ASV4625	0	0	0	0	0	0	0	0	0	0	0.000135753	4.52509E-05	0	0	0	0	0	0	0	0	0	0	0	0	0	0	0
ASV4626	0	0	0	0	0	0	0	0	0	0	0	4.52509E-05	0	0.000135753	0	0	4.52509E-05	0	0	0	0	0	0	0	0	0	0
ASV4628	0	0	0	0	0	0	0	0	0	0	0	0	0	0	0	0	9.05018E-05	0	0	0	0	0	0	0	0	0	0
ASV4635	0	0	0	0	0	0	0	9.05018E-05	0	0	0	0	0	0	0	0	0.000135753	0	0	0	0	0	0	0	0	0	0
ASV4637	0	0	0	0	0	0	0	0	0	0	0	0	0	0	0	9.05018E-05	9.05018E-05	0	0	0	0	0	0	0	0	0	0
ASV4638	0	0	0	0	0	0	0	0	0	0	0	0	0	0	0	0	9.05018E-05	0	0	0	0	0	0	0	0	9.05018E-05	0
ASV4639	0	0	0	0	0	0	4.52509E-05	0	0	0	0	0	0	0	0	0	9.05018E-05	0	0	0	0	0	0	0	0	0	0
ASV4640	0	0	0	0	0	0	0	0	0	0	0	0	0	0	0	0	0	0	0	0	0.000181004	0	0	0	0	0	0
ASV4641	0	0	0	0	0	0	0	0	0	0	0	0	0	0	0	0	0	0	0	0	4.52509E-05	0	0	0	0	0	0
ASV4642	0	0	0	9.05018E-05	0	0	4.52509E-05	0	0	0	0	0	9.05018E-05	0	0	0	0	0	0	0	4.52509E-05	0	0	0	0	0	0
ASV4645	0	0	0	0	0	0	0	0	0	0	0	0	0	0	0	0	0	0	0	9.05018E-05	9.05018E-05	4.52509E-05	4.52509E-05	0	0	0	0
ASV4647	0	0	0	0	0	0	0	0	0	0	0	0	0	0	0	0	0	0.000226255	0	0	0	0	0	0	0	0	0
ASV4661	0	0	0	0	0	0	0	0	0	0	0	0	0	0	0	0	0	0	0.000135753	0	9.05018E-05	0	0	0	0	0	0
ASV4663	0	4.52509E-05	0	4.52509E-05	0	0	0	0	0	0	0	0	0	0	0	0	0	0	0	0	4.52509E-05	0	0	0	0	0	0
ASV4664	0	0	0	0	0	0.000135753	0	0	0	0	0	0	4.52509E-05	0	0	0	0	0	0	0	0	0	0	0	0	0	0
ASV4665	0	0	0	0	0	0	0	0	0	0	0	0	0	0	0	0	0	0	0	0	0	0	0	0	0	0	0.000181004
ASV4666	0	4.52509E-05	0	0	0	0	0	0	0	0	0	0	0	0	0	0	0	0	0	0	0	0	0	0	0	0	9.05018E-05
ASV4667	0	0	0	0	0	0	0	0	0	0	0	0	0	0	0	0	0	0	0	0	0	0	0	0	0	0	0.000181004
ASV4668	0	0	0	0	0	0	0	0	9.05018E-05	0	0	0	0	0	0	0	0	0	4.52509E-05	0	0	0	0	0	0	0	0
ASV4669	0	0	0	0	0	0	0	4.52509E-05	0.000181004	0	0	0	0	0	0	0	0	0	0	0	0	0	0	0	0	0	0
ASV4670	0	0	0	0	0	0	0	9.05018E-05	0	0	0	0	0	0	0	0	0	0	0	0	0	0	0	0	0	0	0
ASV4671	0	0	0	0	0	9.05018E-05	4.52509E-05	0	0	0	0	0	0.000135753	0	0	0	0	0	0	0	0	0	0	0	0	0	0
ASV4672	0	0	0	0	0	0	0	0	0	0	0	0	0	4.52509E-05	0	0	0	0.000135753	0	0	0	0	0	0	0	0	9.05018E-05
ASV4673	0	0	0	0	4.52509E-05	0	0	0	0	0	0	0	0	4.52509E-05	0	0	0	0	0	0	0	0	0	0	0	0	0
ASV4674	0	0	0	0	9.05018E-05	9.05018E-05	0	0	0	0	0	0	0	0	0	0	0	0	0	0	0	0	0	0	0	0	0
ASV4675	0	0.000226255	0	0	0	0	0	0	0	0	0	0	0	0	0	0	0	0	0	0	0	0	0	0	0	0	0
ASV4676	0	0.000181004	0	0	0	0	0	0	0	0	0	0	0	0	0	0	0	0	0	0	0	0	0	0	0	0	0
ASV4677	0	9.05018E-05	0	4.52509E-05	0	0	0	0	0	0	0	0	0	0	0	0	0	0	0	0	4.52509E-05	0	0	0	0	0	0
ASV4678	0	4.52509E-05	0	0	0	0	0	0	0	0	0	0	0	0	0	0	0	0	0	0	0	0	0	0	0	0	0
ASV4679	0	0	0	0	0	0	0	0	0	0	0	0	0	0	0	0	0	0	0	0	0	0	0	0	0	0	9.05018E-05
ASV4680	0	0	0	0	0	0	0	0	0	0	0	0	0.000135753	9.05018E-05	0	0	0	0	0	0	0	0	0	0	0	0	0
ASV4682	0	0	0.000135753	0	0	0	0	0	0	0	0	0	0	0	0	0	0	0	0	0	0	0	0	0	0	0	0
ASV4683	0	0	0	0	0	0	0	0	0	0	0	0	0	0	0	0	0	0	0	0	9.05018E-05	0	4.52509E-05	0	0	0	0
ASV4685	0	0	4.52509E-05	0	0	0	0	0	0	0	0	0	0	0	0	0	0	0	0	0	0	0	0	0	0	0	0.000181004
ASV4687	0	0	0	0	0	0	0	0	0	4.52509E-05	0	0	0	0	0	0	0	4.52509E-05	0	0	0	0	0	0	0	0	9.05018E-05
ASV4688	0	0	0	0	0	0	0	0	0	0	0	0	0	0	0	0	0	0	0	0	0	0.000226255	0	0	0	0	0
ASV4689	0	0	0	0	0	0	0	0	0	0	0	0.000135753	0	0	9.05018E-05	9.05018E-05	0	0	0	0	0	0	0	0	0	0	0
ASV4690	0	0	0	0	0	0	0	0	0	0	0	0	0	9.05018E-05	4.52509E-05	0	0	0	0	0.000135753	0	0	0	0	0	0	0
ASV4691	0	0	0	0	0	0	0	0	0	0	0	0	0	0	0	0	0	0	0	4.52509E-05	0	0	0	0	0	0.000135753	0
ASV4692	0	0	0	0	0	0	0	0	0	0	0	0	0	0	0	0	0	0	0	0	0	0	0	0	0	0.000271505	0
ASV4693	0	0	0	0	0	0	0	0	0	0	0	0	0	0	0	0	0	0	0	0	0	0	0	0	9.05018E-05	9.05018E-05	0
ASV4694	0	0	0	0	0	0	0	0	0	0	0	0	0	0	0	0	0	0	0	0	0	0	0	0	0	9.05018E-05	0.000135753
ASV4695	0	0	0	0	0	0	0	0	0	0	0	0	0	0	0	0	0	0	0	0	0	0	0	0	0	4.52509E-05	0.000135753
ASV4698	0	0	0	0	9.05018E-05	0	0	0	0	0	0	0	0	0	0	0	0	0	0	0	0	0	0	0	0	0	0
ASV4700	0	0	0	0	0	0	0	0	0	0	0	0	0	0	0	0	0	0	0.000181004	0	0	0	0	0	0	0	0
ASV4701	0	0	0	0	0	0	0	0	0	0	0	0.000226255	0	0	0	0	0	0	0	0	0	0	0	0	0	0	0
ASV4703	0	0	0	0	4.52509E-05	0	0	0	0	0	0	0	0	0	0	0	0	0	0	0	0	0	0	0	0	0	0
ASV4714	0	0	0	0	0.000135753	0	0	0	0	0	0	0	0	0	0	0	0	0	0	0	0	0	0	0	4.52509E-05	0	0
ASV4715	0	0	0	0.000135753	0	0	0	0	0	0	0.000135753	0	0	0	0	0	0	0	0	0	0	0	0	0	0	0	0
ASV4716	0	0	0	0	9.05018E-05	0	0	0	0	0	0	0	0	9.05018E-05	0	0	0	0	0	0	0	0	0	0	0	0	0
ASV4717	0	0	0	0.000181004	0	0	0	0	0	0	0	0	0	0	0	9.05018E-05	0	0	0	0	0	0	0	0	4.52509E-05	0	0
ASV4719	0	0	0	0	0	0	9.05018E-05	0	0	0	4.52509E-05	0	0	0	0	0	0	0	0	0	0	0	0	0	4.52509E-05	0	0
ASV4720	0	0	0	0	0	0	0	0	0	0	0.000226255	0	0	0	0	0	0	0	0	0	0	0	0	0	0	0	0
ASV4721	0	0	0	0	0	0	4.52509E-05	0	0	0	9.05018E-05	0	0	0	0	0	0	0	0	0	0	0	0	0	0	0	0
ASV4722	0	0	0	0	0	0	0	0	0	0	0	0	0	0	0	0	0	0	0	0	0	0	0.000271505	0	0	0	0
ASV4723	0	0	0	0	0	0	0	0	0	0	0	0	0	0	0	0	0	0	0	0	0	0	9.05018E-05	0	0	0	0
ASV4724	0	0	0	0	0	0	0	0	0	0	0	0	0	0	0	0	0	0	0	0	0	0	0.000226255	0	0	0	0
ASV4725	0	0	0	0.000181004	0	0	0	0	0	0	0	0	0	0	0	0	0	0	0	0	0	0	0	0	0	0	0
ASV4726	0	0	0	0	0	0	0	0	0.000226255	0	0	0	0	0	0	0	0	0	0	0	0	0	0	0	0	0	0
ASV4727	0	0	0	0	0	0	0.000135753	0	0	0	0	0	0	0	0	0	0	0	0	0	0	0	0	0	0	0	0
ASV4728	0	0	0	0	0	0	0	0	0	0	0	0	0	4.52509E-05	0	0	0	0	0	9.05018E-05	0	0	0	0	0	0	0
ASV4729	0	0	0	0	0	0	0	0	0.000135753	0	0	0	0	0	0	0	0	0	0	4.52509E-05	0	0	0	0	0	0	0
ASV4730	0	0	0	0	0	0	0	0	0	0	0	0	0	0	0	0	0	0	0	0	0	0	0	0.000226255	0	0	0
ASV4731	0	0	0	0	0	0	0	0	0	0	0	0	0	0	0	0	0	0	0	0	0	0	0	0.000226255	0	0	0
ASV4732	0	0	0	0	0	0	0	0	0	0	0	0	0	0	0	0.000181004	0	0	0	0	0	0	0	0	0	0	0
ASV4733	0	0	0	0	0	0	0	0	0	0	0	0	0	0	0	0.000226255	0	0	0	0	0	0	0	0	0	0	0
ASV4774	0	0	0	0	0	0	0	0	4.52509E-05	0	9.05018E-05	0	0	0	0	0	0	0	0	0	0	0	0	0	0	0	0
ASV4775	0	9.05018E-05	0	0	0	0.000181004	0	0	0	0	0	0	0	0	0	0	0	0	0	0	0	0	0	0	0	0	0
ASV4776	0	0	0	0	0	0	0	0	0	0	0.000226255	0	0	0	0	0	0	0	0	0	0	0	0	0	0	0	0
ASV4785	0	0	0.000135753	0	0	0	0	0	0	0	0	0	0	0	0	0	0	0	0	0	0	0	0	0	0	0	0
ASV4787	0	0	0	0	0	0	0	0	0	0	0	0	0	0	0	0.000135753	9.05018E-05	0	0	0	0	0	0	0	0	0	0
ASV4788	0	0	0	0	0	0	0	0	0	0	0	0	0	0	0	0	0	0	9.05018E-05	0	0	9.05018E-05	0	0	0	0	0
ASV4789	0	0	0	0	0	0	0	0	0	0	0.000181004	0	0	0	0	0	4.52509E-05	0	0	0	0	0	0	0	0	0	0
ASV4790	0	0	0	0	0	0	0	0	0	0	0	0	0	0.000135753	0	0	9.05018E-05	0	0	0	0	0	0	0	0	0	0
ASV4791	0	0	0	0	0	0	0	0	0	0	0	0	0	0	0	0	0	0	0	0	0.000181004	0	0	0	0	0	0
ASV4792	0	0	9.05018E-05	0	0	0	0	0	0	0	0	0	0	0	0	4.52509E-05	0	0	4.52509E-05	0	9.05018E-05	0	0	0	0	0	0
ASV4793	0	0	0	0	0	0	0	0	0	0	0	0	0	0	0	0	0	0	0	0	4.52509E-05	4.52509E-05	9.05018E-05	0	0	0	0
ASV4796	0	0	0	0	0	0	0	0	0	0	0	0	0	0	0	0	0	0	0	0	0.000181004	0	0	0	0	0	0
ASV4798	0	0	0	0	0	0	0	0	0	0	0	0	0	0	0	0	0	0.000181004	0	0	0	0	0	0	0	0	0
ASV4806	0	0	0	0	0	0	0	0	0	0	0	0	0	0	0	4.52509E-05	0	0	0	0	0	0	0	0	0	0	0
ASV4814	0	9.05018E-05	0	0	0	0	0	0	0	0	0	0	0	0	0	0	0	0	0	0	0.000181004	0	0	0	0	0	0
ASV4816	0	0	0	0	0	0	0	0	0	0	0	0	0	0	0	0	0	0	0	0	0.000181004	0	0	0	0	0	0
ASV4817	0	0	0	0	0	0	0	0.000181004	0	0	0	0	0	0	0	0	0	0	0	0	0	0	0	0	0	0	0
ASV4818	0	0	0	0	0	0	0	0	0	0	0	0	0	0	0	0	0	4.52509E-05	0	0	0	0	0	0	0	0	0.000226255
ASV4819	0	0	0	0	0	0	0	0	0	0	0	0	0	0	0	0	0	0	0	0	0	0	0	0	0	0	9.05018E-05
ASV4820	0	0	0	0	0	0	0	0	0	0	9.05018E-05	0	0	0	0	0	0	0	0	0	0	0	0	0	0	0	9.05018E-05
ASV4821	0	0	0	0	0	0	0	0	0	0	0	0	0	0	0	0	0	0	0	0	0	0	0	0	4.52509E-05	0	9.05018E-05
ASV4822	0	0	0	0	0	0	0	0	0	0	0	0	0	0	0	0	0	9.05018E-05	0	0	0	0	0	0	0	0	0.000181004
ASV4823	0	0	0	0	0	0	4.52509E-05	4.52509E-05	0	0	0	0	0	0	0	0	0	0	0	0	0	0	0	0	0	0	0
ASV4824	0	0	0	0	9.05018E-05	0	0	9.05018E-05	0	0	0	0	0	0	0	0	0	0	0	0	0	0	4.52509E-05	0	0	0	0
ASV4825	0	0	0	0	0	0	0	0	0.000135753	0	4.52509E-05	0	0	0	0	0	0	0	0	0	0	0	0	0	0	0	0
ASV4826	0	0	0	0	0	0	0	0	0	0	0	4.52509E-05	0	4.52509E-05	0	0	0	0	0	0	0	0	0	0	0	4.52509E-05	0
ASV4827	0	0	0	0	0	0	0	0	0	0	0	0	4.52509E-05	4.52509E-05	0	4.52509E-05	0	0	0	0	0	0	0	0	0	0	0
ASV4828	0	0	0	0	0	0	0	0	0	0	0	0.000135753	9.05018E-05	0	0	0	0	0	0	0	0	0	0	0	0	0	0
ASV4829	0	0	0	0	0	0	0	0	0	0	0	0	0.000181004	0	0	0	0	0	0	0	0	0	0	0	0	0	0
ASV4830	0	0	0	0	0	0.000181004	0	0	0	0	0	0	0	0	0	0	0	0	0	0	0	0	0	0	0	0	0
ASV4831	0	0	0	0	0	4.52509E-05	0	0	0	0	0	0	0	0	0	0	0	0	0	9.05018E-05	0	0	9.05018E-05	0	0	0	0
ASV4832	0	0.000271505	0	0	0	0	0	0	0	0	0	0	0	0	0	0	0	0	0	0	0	0	0	0	0	0	0
ASV4833	0	4.52509E-05	0	0	0	4.52509E-05	0	0	0	0	0	0	0	0	0	0	0	0	9.05018E-05	0	9.05018E-05	0	0	0	0	0	0
ASV4834	0	0	0	0	0	0	0	0	0	0	0	0	0	0	0	0	0	0	0	0	0	0	0	0	0	0	0.000271505
ASV4835	0	0	0	0	0	9.05018E-05	0	9.05018E-05	0	0	0	0	0	0	0	0	0	0	0	0	0	0	0	0	0	0	0
ASV4836	0	0	0	0	0	0	0	0	0	0	0	0	0	0	0	0	0	0	0	0	0	0	0	4.52509E-05	0	9.05018E-05	4.52509E-05
ASV4838	0	0	0	0	0	0	0	0.000135753	0	0	0	0	0	0	0	0	0	0	0	0	0	0	0	4.52509E-05	0	0	0
ASV4839	0	0	0	0	0	0	0	0	0	0	0	0	0	0	0.000226255	0	0	0	0	0	0	0	0	0	0	0	0
ASV4840	0	0	0.000181004	0	0	0	0	0	0	0	0	0	0	0	0	0	0	0	0	0	0	0	0	0	0	0	0
ASV4841	0	0	4.52509E-05	0	0	0	0	0	0	0	0	0	0	0	9.05018E-05	4.52509E-05	0	4.52509E-05	0	0	0	0	0	0	0	0	0
ASV4842	0	0	9.05018E-05	0	0	0	0	0	0	0	0	0	0	0	0	0	0	0	0	0	0	0	9.05018E-05	0	0	0	0.000135753
ASV4843	0	0	4.52509E-05	0	0	0	0	4.52509E-05	9.05018E-05	0	0	0	0	0	0	0	0	0	0	0	0	0	0	4.52509E-05	0	0	0
ASV4844	0	0	0.000181004	0	0	0	0	0	0	0	0	0	0	0	0	0	0	0	0	0	0	0	0	0	0	0	0
ASV4846	0	9.05018E-05	4.52509E-05	0	0	0	0	4.52509E-05	0	0	0	0	0	0	0	0	0	0	0	0	0	0	0	0	0	0	0
ASV4847	0	0	0	0	0	0	0	9.05018E-05	0	0.000135753	0	0	0	0	0	0	0	0	0	0	0	0	0	0	0	0	0
ASV4848	0	0	0	0	0	0	0	0	0	0.000135753	0	4.52509E-05	0	0	0	0	0	0	0	0	0	0	0	0	0	0	0
ASV4849	0	0	0	0	0	0	0	0	0	0	0	0	0	0	0	0	0	0	0	0	0	0.000135753	0	0	0	4.52509E-05	0.000135753
ASV4850	0	0	0	0	0	4.52509E-05	0	0	4.52509E-05	0	0	0	0	0	0	4.52509E-05	0	0	0	0	0	4.52509E-05	0	0	0	0	0
ASV4851	0	0	0	0	0	0	0	0	0	9.05018E-05	0	0	0	0	0	0	0	0	0	0	0	0	0	0	0	0	0
ASV4852	0	0	0	0	0	0	0	0	0	0	0	0	0	0	0	0	0	0	0	0	0	0.000135753	0	0	0	4.52509E-05	0
ASV4853	0	0	0	0	0	0	0	0	0	0	0	0	0	0	0	0	0	0	0	0	0	0.000226255	0	0	0	0	0
ASV4879	0	0	0	0	0	0	9.05018E-05	0	0	0	0	0	0	0	0	0	0	0	0	0	0	0	0	0	0.000135753	0	0
ASV4883	0	0	0	0	0	0	0	0	0.000135753	0	0	0	0	0	0	0	0	0	4.52509E-05	0	0	0	0	0	0	0	0
ASV4884	0	0	0	0	0	0	0	0	0.000135753	0	0	0	0	0	0	0	0	0	0	0	0	0	0	0	9.05018E-05	0	0
ASV4885	0	0	0	0	0	0	0	0	0	0	0	0	0	0.000181004	0	0	0	0	0	0	0	0	0	0	0	0	0
ASV4887	0	0	0	0	0	0	0	0	0	0	0	0	0	4.52509E-05	0	0	0	0	0	0	0	0	0	0	0	0	0
ASV4888	0	0	0	0	0	0	0	0	0	0	0	0	0	9.05018E-05	0	0	0	0	9.05018E-05	0	0	0	0	0	0	0	0
ASV4889	0	0	0	0	0	0	0	0	0	0	0	0	0	0	0	0	0	0	0	0	0	0	0	0	0.000181004	0	0
ASV4890	0	0	0	0	0	0	4.52509E-05	0	0	0	0	0	0	0	0	0	0	0	0	0	0	0	0	0	0	0	0
ASV4891	0	0	0	0	0	0	0.000181004	0	0	0	0	0	0	0	0	0	0	0	0	0	0	0	0	0	0	0	0
ASV4892	0	0	0	0	0	0	0.000181004	0	0	0	0	0	0	0	0	0	0	0	0	0	0	0	0	0	0	0	0
ASV4893	0	0	0	0	0	0	0.000135753	0	0	0	0	0	0	0	0	0	0	0	0	0	0	0	0	0	0	0	0
ASV4894	0	0	0	0	0	0	0.000226255	0	0	0	0	0	0	0	0	0	0	0	0	0	0	0	0	0	0	0	0
ASV4895	0	0	0	0	0	0	0	0	0	0	0	0	0	0	0	0	0	0	0.000181004	0	0	0	0	0	0	0	0
ASV4896	0	0	0	0	0	0	0	0	0	0	0	0	0	0	0	0	0	0	9.05018E-05	0	0	0	0	0	0	0	0
ASV4897	0	0	0	0	0	0	0	0	0	0	0	0	0	0	0	0	0	0	0.000181004	0	0	0	0	0	0	0	0
ASV4898	0	0	0	0	0.000181004	0	0	0	0	0	0	0	0	0	0	0	0	0	0	0	0	0	0	0	0	0	0
ASV4899	0	0	0	0	0.000181004	0	0	0	0	0	0	0	0	0	0	0	0	0	0	0	0	0	0	0	0	0	0
ASV4919	0	0	0	0	0	0	0	0	0	0	0	4.52509E-05	0	0	0	4.52509E-05	0	0	0	0	0	0	0	0	0	0	0
ASV4958	0	0	0	0	0	0	0	0	0.000181004	0	0	0	0	0	0	0	0	0	0	0	0	0	0	0	0	0	0
ASV4960	0	0	0	0	0.000135753	0	0	0	0	0	0	0	0	0	0	9.05018E-05	0	0	0	0	0	0	0	0	0	0	0
ASV4961	0	0	0	0	0	0	4.52509E-05	0	0	0	0	0	0	4.52509E-05	0	4.52509E-05	4.52509E-05	0	0	0	0	0	0	0	0	0	0
ASV4962	0	0	0	0	0	0	0	0	0	0	0	0	0	0	0	0	0.000181004	0	0	0	0	0	0	0	0	0	0
ASV4963	0	0	0	0	0	0	0	0	0	0	0	0	0	0	0	0	0.000135753	0	0	0	0	0	4.52509E-05	0	0	0	0
ASV4964	0	0	0	0	0	0	0	0	0	0	0	0	0	0	0	0	0	0	0	0	0.000181004	0	0	0	0	0	0
ASV4965	0	0	0	0	0	0	0	0	0	0	0	0	0	0	0	0	0	0	0	0	0.000135753	0	0	0	0	0	0
ASV4966	0	0	0	0	0	0	0	0	0	0	0	0	0	0	0	0	0	0	0	0	0.000181004	0	0	0	0	0	0
ASV4967	0	0	0	0	0	0	0.000135753	0	0	0	0	4.52509E-05	0	0	0	0	0	0	0	0	4.52509E-05	0	0	0	0	0	0
ASV4968	0	0	0	0	0	0	0	0	0	0	0	0	0	0	0	0	0	0	0	0	0.000181004	0	0	0	0	0	0
ASV4969	0	0	0	0	0	0	0	0	0	4.52509E-05	0	0	0	0	0	0	0	0	0	0	4.52509E-05	0	0	4.52509E-05	0	0	0
ASV4970	0	0	0	0	0	0	0	0	0	0	0	0	0	0	9.05018E-05	0	0	0	0	0	4.52509E-05	4.52509E-05	0	0	0	0	0
ASV4971	0	0	0	0	0	0	0	0	0	0	0	0	0	0	0	0	0	0	0	0	9.05018E-05	0	0	0	0	0	0
ASV4972	0	0	0	0	0	0	0	0	0	0	0	0	0	0	0	9.05018E-05	0	0	0	0	4.52509E-05	0	0	0	0	0	0
ASV4973	0	0	0	0	0	0	0	9.05018E-05	0	0	0	0	0	0	0	0	0	0	0	0	4.52509E-05	4.52509E-05	0	0	0	0	0
ASV4974	0	0	0	0	0	0	0	0	0	0	0	0	0	0	0	0	0	0	0	0	0.000226255	0	0	0	0	0	0
ASV4975	0	0	0	0	0	0.000135753	0	0	0	0	0	0	0	0	0	0	0	0	0	0	9.05018E-05	0	0	0	0	0	0
ASV4976	0	0	0	0	0	0	0	0	0	0	0	0	0	0	0	0	0	0	0	0	0.000135753	0	0	0	0	0	0
ASV4977	0	0	0.000181004	0	0	0	0	0	0	0	0	0	0	0	0	0	0	0	0	0	0	0	0	0	0	0	0
ASV4978	0	0	0.000181004	0	0	0	0	0	0	0	0	0	0	0	0	0	0	0	0	0	0	0	0	0	0	0	0
ASV4980	0	4.52509E-05	9.05018E-05	0	0	0	0	0	0	0	0	0	0	0	0	9.05018E-05	0	0	0	0	0	0	0	0	0	0	0
ASV4981	0	0	4.52509E-05	0	0	0	9.05018E-05	0	0	0	0	0	0	0	0	4.52509E-05	0	0	0	0	0	0	0	0	0	0	0
ASV4982	0	0	4.52509E-05	0	0	0	0	0	0	0	0	0	0	0	0	0	0	0	0	0	0	0	0	0	0	0	0
ASV4983	0	4.52509E-05	0.000135753	0	0	0	0	0	0	0	0	0	0	0	0	0	0	0	0	0	0	0	0	0	0	0	0
ASV4985	0	0	0	0	0	0	0	0	0	0	0	0	0	0	0	0	9.05018E-05	0	0	0	0	0	0	0	0	0	0
ASV4990	0	0	0	0	0	0	0	0	0	0	0	0	0	0	0	0.000135753	0	0	0	0	0	0	0	0	0	0	0
ASV5009	0	0	0	0	0	0	0	0	0	0	0	0	0	0	0	0	0	0	0	0	0	0	0	0	0	0	9.05018E-05
ASV5015	0	0	0	0	0	0.000226255	0	0	0	0	0	0	0	0	0	0	0	0	0	0	0	0	0	0	0	0	0
ASV5016	0	0	0	0	0	4.52509E-05	0	0	0	0	4.52509E-05	4.52509E-05	0	0	0	0	0	0	0	0	0	0	0	0	0	0	0
ASV5017	0	0.000181004	0	0	0	4.52509E-05	0	0	0	0	0	0	0	0	0	0	0	0	0	0	0	0	0	0	0	0	0
ASV5018	0	0	0	0	0	4.52509E-05	0	0	0.000135753	0	0	0	0	4.52509E-05	0	0	0	0	0	0	0	0	0	0	0	0	0
ASV5019	0	0	0	0	0	0.000181004	0	0	0	0	0	0	0	0	0	0	0	0	0	0	0	0	0	0	0	0	0
ASV5020	0	0	0	0	0	9.05018E-05	4.52509E-05	0	0	0	0	0	0	0	0	0	0	0	0	0	0	0	0	0	0	0	0
ASV5021	0	0	0	0	0	9.05018E-05	0	0	0	0	0	0	0	0	0	0	0	0	9.05018E-05	0	0	0	0	0	0	0	0
ASV5022	0	0	0	0	0	0.000181004	0	0	0	0	0	0	0	0	0	0	0	0	0	0	0	0	0	0	0	0	0
ASV5023	0	9.05018E-05	0	0	0	0	0	0	0	0	0	0	0	0	0	0	0	0	0	0	0	0	0	0	0	0	0
ASV5024	0	0.000226255	0	0	0	0	0	0	0	0	0	0	0	0	0	0	0	0	0	9.05018E-05	0	0	0	0	0	0	0
ASV5025	0	0.000181004	0	0	0	0	0	0	0	0	0	0	0	0	0	0	0	0	0	0	0	0	0	0	0	0	0
ASV5026	0	0	0	0	0	0	0	0	0	0	0	0	0	0	0	0	0	0.000181004	0	0	0	0	0	0	0	0	0
ASV5027	0	0	0	0	0	0	0	0	0	0	0	0	0	0	0	0	0	0.000181004	0	0	0	0	0	0	0	0	0
ASV5028	0	0	0	0	0	0	0	0	0	0	0.000181004	0	0	4.52509E-05	0	0	0	0	0	0	0	0	0	0	0	0	0
ASV5029	0	0	0	0	0	0	0	0	0	0	0.000181004	0	0	0	0	0	0	0	0	0	0	0	0	0	0	0	0
ASV5030	0	0	0	0	0	0	0	0	0	0	0	0	0	0	0	4.52509E-05	0	0	0	0.000135753	0	0	4.52509E-05	9.05018E-05	0	0	0
ASV5031	0	0	0	0	0	0	0	0	0	0	0	9.05018E-05	0	0	0	0	0	0	0	0	0	0	0.000135753	0	0	0	0
ASV5032	0	0	0	0.000181004	0	0	0	0	0	0	0	0	0	0	0	0	0	0	0	0	0	0	0	0	0	0	0
ASV5033	0	0	0	0	0	0	0	0	0	0	0	0	0	0	0	0	0	0	0	0.000135753	0	0	0	0	0	0	0
ASV5034	0	0	0	0	0	0	0	0	0	0	0	0	0	0	0	0	0	0	0	4.52509E-05	0	0	0	0	0	0	0
ASV5035	0	0	0	0	0	0	0	0	0	0	0	0	0	0	0	0	0	0	9.05018E-05	4.52509E-05	0	0	0	0	0	0	0
ASV5037	0	0	0	0	0	0	0	0	0	0	0	0	0	0	0	0	0	0	0	0.000181004	0	0	0	0	0	0	0
ASV5038	0	0	0	0	0	0	0	0	0	0	0	0	0	0	0	0	0	0	0	0.000181004	0	0	0	0	0	0	0
ASV5039	0	0	0	0	0	0.000226255	0	0	0	0	0	0	0	0	0	0	0	0	0	0	0	0	0	0	0	0	0
ASV5040	0	0	0	0	0	0	0	0	0	0	0	0	0	0	0	0	0	0.000181004	0	0	0	0	0	0	0	0	0
ASV5041	0	0	0	0	0	0	0	0	0	0	0	0	0.000181004	0	0	0	0	0	0	0	0	0	0	0	0	0	0
ASV5042	0	0	0	0	0	0	0	0	0	0	0	0	0	0	0.000181004	0	0	0	0	0	0	0	0	0	0	0	0
ASV5045	0	0	0	0	0	0	0	0.000135753	0	0	0	0	0	0	0	4.52509E-05	0	0	0	0	0	0	0	0	0	0	0
ASV5046	0	0	0	0	0	0	0	0	0	0.000181004	0	0	0	0	0	0	0	0	0	0	0	0	0	0	0	0	0
ASV5047	0	0	0	0	0	0	0	0	0.000135753	0	0	0	0	0	0	0	0	0	0	0	0	0	0	0	0	0	0
ASV5048	0	0	0	0	0	0	0	0	0	9.05018E-05	0	0	0	0	0	0	0	0	0	0	0	0	0	0	0	0	0
ASV5049	0	0	0	0	0	0	0	0	0	0	0	0	0	0	0	0	0	0	0	0	0	0.000181004	0	0	0	0	0
ASV5050	0	0	0	0	0	0	0	0	0	0	0	0	0	0	0	0	0	0	0	0	0	4.52509E-05	0	0	0	0	0
ASV5051	0	0	0	0	0	0	0	0	0	0	0	0	0	0	0	0	0	0	0	0	0	4.52509E-05	0.000226255	0	0	0	0
ASV5052	0	0	0	4.52509E-05	0	0	0	0	0	0	9.05018E-05	0	0	0	0	0	0	9.05018E-05	0	0	0	4.52509E-05	0	0	0	0	0
ASV5053	0	0	0	0	0	0	0	0	0	0	0	0	0	0	9.05018E-05	0	0	4.52509E-05	0	0	0	0	0	0	0	0	0
ASV5054	0	0	0	0	0	0	0	0	0	0	0	0	0	0	0	0	0	0	0	0	0	4.52509E-05	0	0	0.000181004	0	0
ASV5056	0	0	0	0	0	0	0	0	0	0	0	0	0	0	0	0	0	0	0	0	0	0	0	0	0	0.000226255	0
ASV5057	0	0	0	0	0	0	0	0.000135753	0	0	0	0	0	0	0	0	0	0	0	0	0	0	0	0	0	0	0
ASV5058	0	0	0	0	0	0	0	0.000181004	4.52509E-05	0	4.52509E-05	0	0	0	0	0	0	0	0	0	0	0	0	0	0	0	0
ASV5059	0	0	0	0	0	0	0	0.000135753	0	0	0	0	0	0.000135753	0	0	0	0	0	0	0	0	0	0	0	0	0
ASV5060	0	4.52509E-05	0	4.52509E-05	0	0	0	4.52509E-05	0	0	0	0	0	0	0	0	0	0	0	0	0	0	0	0	0	0	0
ASV5061	0	0	0	0	0	0	4.52509E-05	9.05018E-05	4.52509E-05	0	0	0	0	0	0	0	0	0	0	0	0	0	0	0	0	0	0
ASV5062	0	0	0	0	0	0	0	0.000226255	0	0	0	0	0	0	0	0	0	0	0	0	0	0	0	0	0	0	0
ASV5063	0	0	0	0	0	0	0	0	0	0	4.52509E-05	0	0	4.52509E-05	4.52509E-05	0	0	0	0	0	0	0	0	0	0	0	0
ASV5064	0	0	0	0	0	0	0	0.000226255	0	0	0	0	0	0	0	0	0	0	0	0	0	0	0	0	0	0	0
ASV5095	0	0	0	0	0	0	0	0	0	0	0	0	0	0	0	0	0	0	0	0.000135753	0	0	0	0	0	0	0
ASV5097	0	0	0	0	0	0	4.52509E-05	0	0	0	0	0	0	0	0	0	0	0	0.000135753	0	0	0	0	0	4.52509E-05	0	0
ASV5099	0	0	0	0.000135753	0	0	0	0	0	0	0	0	0	0	0	0	0	0	0	0	0	0	0	0	0	0	0
ASV5100	0	0	0	9.05018E-05	0.000181004	0	0	0	0	0	0	0	0	0	0	0	0	0	0	0	0	0	0	0	0	0	0
ASV5101	0	0	0	0.000226255	0	0	0	0	0	0	0	0	0	0	0	0	0	0	0	0	0	0	0	0	0	0	0
ASV5102	0	0	0	0.000135753	0	0	0	0	0	0	0	0	0	0	0	0	0	0	0	0	0	0	0	0	0	0	0
ASV5103	0	0	0	0	0	0	0	0	0	0	0	0	0	0	0	0	0	0	0	4.52509E-05	0	0	0	0	4.52509E-05	0	0
ASV5104	0	0	0	0	0	0	0	0	0	0	0	0	0	0	0	0.000135753	0	0	0	9.05018E-05	0	0	0	0	0	0	0
ASV5105	0	0	0	0	0	0	0	0	0	0	0	0	0	0	0	0.000135753	0	0	0	0	0	0	0	0	0	0	0
ASV5106	0	0	0	0	0	0	0	0	0	0	0	0	0	0	0	0.000135753	0	0	0	0	0	0	0	0	0	0	0
ASV5107	0	0	0	0	0	0	0	0	0	0	0	0	0	0	0	0.000135753	0	0	0	0	0	0	0	0	0	0	0
ASV5108	0	0	0	0	0	0	0	0	9.05018E-05	0	0	0	0	0	0	0	0	0	0	0	0	0	0	0	0	0	0
ASV5109	0	0	0	0	0	0	0	0	0.000181004	0	0	0	0	0	0	0	0	0	0	0	0	0	0	0	0	0	0
ASV5110	0	0	0	0	0	0	0	0	0	0	0	0	0	0	0	0	0	0	0	0	0	0	0	0	0.000135753	0	0
ASV5111	0	0	0	0	0	0	0.000226255	0	0	0	0	0	0	0	0	0	0	0	0	0	0	0	0	0	0	0	0
ASV5113	0	0	0	0	0	0	0.000135753	0	0	0	0	0	0	0	0	0	0	0	0	0	0	0	0	0	0	0	0
ASV5114	0	0	0	0	0.000135753	0	9.05018E-05	0	0	0	0	0	0	0	0	0	0	0	0	0	0	0	0	0	0	0	0
ASV5115	0	0	0	0	0	0	0	0	0	0	0	0.000181004	0	0	0	0	0	0	0	0	0	0	0	0	0	0	0
ASV5116	0	0	0	0	0	0	0	0	0	0	0	0.000181004	0	0	0	0	0	0	0	0	0	0	0	0	0	0	0
ASV5117	0	0	0	0	0	0	0	0	0	0	0	0.000181004	0	0	0	0	0	0	0	0	0	0	0	0	0	0	0
ASV5118	0	0	0	0	0.000181004	0	0	0	0	0	0	0	0	0	0	0	0	0	0	0	0	0	0	0	0	0	0
ASV5157	0	0	0	0.000135753	0	0	0	0	0	0	0	0	0	0	0	0	0	0	0	0	0	0	0	0	0	0	0
ASV5190	0	0	0	4.52509E-05	0	0	9.05018E-05	0	0	0	0	0	0	0	0	0	0	0	0	0	0	0	0	0	0	0	0
ASV5191	0	0	4.52509E-05	0	0	0	0	0	0	0	0	0	0	0	0	0	0	0	0.000135753	0	0	0	0	0	0	0	0
ASV5192	0	0	0	0	0	0	0	0	0	0	0	0	0	0	0	0	0	0	0	0	0	0	4.52509E-05	0	0	0	0
ASV5193	0	0	4.52509E-05	0	0	0	0	0	0	0	0	0	0	0	0	0	0	0	0	0.000135753	0	0	0	0	0	0	0
ASV5194	0	0	0	0	0	0	0	0	0	0	0	0	0	0	0	0	9.05018E-05	0	4.52509E-05	0	0	0	0	0	0	0	0
ASV5196	0	0	0	0	0	0	0	0	0	0	0	9.05018E-05	0	0	0	0	0	0	0	0	4.52509E-05	0	0	0	0	0	0
ASV5197	0	0	0	0	0	9.05018E-05	0	0	0	0	0	0	0	4.52509E-05	0	0	0	0	0	0	9.05018E-05	0	0	0	0	0	0
ASV5198	0	0	0	0	0	0	0	0	0	0	0	4.52509E-05	0	0	4.52509E-05	0	0	0	4.52509E-05	0	0	0	0	0	0	0	0
ASV5199	0	0	0	0	0	0	0	0	0	0	0	0	0	0	0	0	0	0	0.000135753	0	4.52509E-05	0	0	0	4.52509E-05	0	0
ASV5200	0	0	0	0	0	0	0	0	0	0	0	0	0	0	0	0	0	0	4.52509E-05	0	4.52509E-05	0	0	0	0	0	0
ASV5201	0	0	0	0	0	4.52509E-05	0	0	0	0	0	0	0	0	0	0	0	0	0	0	4.52509E-05	0	0	0	0	0	0
ASV5202	0	0	0	0	0	0	0	0	0	0	0	0	0	0	0	0	0	0	0	0	0	0	0.000135753	0	0	0	0
ASV5203	0	0.000135753	0	0	0	0	0	0	0	0	0	0	0	0	0	0	0	0	0	0	4.52509E-05	0	0	0	0	0	0
ASV5204	0	0	9.05018E-05	4.52509E-05	0	4.52509E-05	0	0	0	0	0	0	0	0	0	0	0	0	0	0	0	0	0	0	0	0	0
ASV5205	0	0	0.000135753	0	0	0	0	0	0	0	0	0	0	0	0	0	0	0	0	0	0	0	0	0	0	0	0
ASV5206	0	0	9.05018E-05	0	0	0	0	0	0	0	0	0	0	0	0	0	0	0	0	0	0	0	0	0	0	0	0
ASV5207	0	0	4.52509E-05	0	0	0	0	0	0	0	0	0	0	0	0	0	0	0	0	0	0	0	0	0	4.52509E-05	0	0.000181004
ASV5209	0	0	4.52509E-05	0	0	0	0	0	0	0	0	0	0	0	9.05018E-05	0	0	0	0	0	0	0	0	0	0	0	0
ASV5210	0	0	9.05018E-05	0	0	0	0	0	0	4.52509E-05	4.52509E-05	0	0	0	0	0	0	9.05018E-05	0	0	0	0	0	0	0	0	0
ASV5211	0	0	0.000135753	0	0	0	0	0	0	0	0	0	0	0	0	0	0	0	0	0	0	0	0	0	0	0	0
ASV5212	0	0	0.000135753	0	0	0	0	0	0	0	0	0	0	0	0	0	0	0	0	0	0	0	0	0	0	0	0
ASV5216	0	0	0	0	4.52509E-05	0	0	0	0	0	0	0	0	0	0	0	0	0	0	0	0	0	0	0	0	0	0
ASV5220	0	0	0	0	0	0	0	0	0	9.05018E-05	0	0	0.000135753	0	0	0	0	0	0	0	0	0	0	0	0	0	0
ASV5221	0	0	0	0	0	0	0	0	0	9.05018E-05	0	0	0	0	0	0	0	0	0	4.52509E-05	0	0	0	0	0	0	0
ASV5222	0	0	0	0	4.52509E-05	0	0	0	0	0	0	0	0	0	0	0	4.52509E-05	0	0	0	0	0	0	0	0	0	0
ASV5224	0	0	0	0	0	0	0	4.52509E-05	4.52509E-05	9.05018E-05	0	0	0	0	0	0	0	0	0	0	0	0	0	0	0	0	0
ASV5226	0	0	0	0	0	0	0	0	0	0	0	0	0	0	0	0	0	0	0	0	0	0	0.000181004	0	0	0	0
ASV5233	0	0	0	0	0	0	0	0	0	0	0	0	0	0	0	0	0	0	0	0	9.05018E-05	0	0	0	0	0	0
ASV5235	0	0	0	0	0	0	0	0	0	0	0	0	0	0	0	0	0	0	0	0	0	4.52509E-05	0	0	0	0	0
ASV5238	0	0	0	0	0	0	0	0	0	0	4.52509E-05	0	0	0	0	0	0	0	0	0	0	0	0	0	0	0	0
ASV5241	0	0	0	0	0	0	0	0	0	0	0	0	0	0	4.52509E-05	4.52509E-05	0	0	0	0	0	0	0	0	0	0	0
ASV5254	0	0	0	0	0	0	0	0	0	0.000226255	0	0	0	0	0	0	0	0	0	0	0	0	0	0	0	0	0
ASV5255	0	0	0	0	0	0	0	0	0	0	0	0	0	0	0	0	0.000135753	0	0	0	0	0	0	0	0	0	0
ASV5256	0	0	0	0	0	0	0	0	0	9.05018E-05	0	0	0	0	0	0	0	0	0	0	0	0	0	0	0	0	0
ASV5257	0	0	0	0	0	0	0	0	0	0	0	0	4.52509E-05	0	0	0	0	0	0	0	0	0	0	0	4.52509E-05	0	0
ASV5259	0	0	0	0	0	0	0	0	0	0	0	0	9.05018E-05	0	0	0	0	0	0	0	0	0	0	0	0	0	0
ASV5260	0	0	0	0	0	0	0.000135753	0	0	0	0	0	4.52509E-05	0	0	0	0	0	0	0	0	0	0	0	0	0	0
ASV5261	0	0	0	0	0	9.05018E-05	0	0	9.05018E-05	0	0	0	0	0	0	0	0	0	0	0	0	0	0	0	0	0	0
ASV5262	0	0	0	0	0	9.05018E-05	4.52509E-05	0	0	0	4.52509E-05	0	0	0	0	0	0	0	0	0	0	0	0	0	0	0	0
ASV5263	0	0	0	0	0	4.52509E-05	0	0	0	0	0	0	0	0	0	0	0	0	0	0	0	0	0	0	0	0	0
ASV5264	0	0	0	0	0	9.05018E-05	4.52509E-05	0	0	0	0	0	0	0	0	0	0	0	0	0	0	0	0	0	0	0	0
ASV5265	0	0	0	0	9.05018E-05	0	0	0	0	0	0	0	0	0	0	0	0	0	0	0	0	0	0	0	0	0	0
ASV5266	0	0	0	0	0	4.52509E-05	0	0	0	0	0	0	0	0	0	0	0	0	0	0	0	0	0	0	0	0	0
ASV5267	0	0	0	0.000135753	0	0	0	0	0	0	0	0	0	0	0	0	0	0	0	0	0	0	0	0	0	0	0
ASV5268	0	0	0	0	0	0	0	0	4.52509E-05	0	0	0	0	0	0	0	0	0	0	0	0	0	0.000135753	0	0	0	0
ASV5269	0	0.000135753	0	0	0	0	0	0	0	0	0	0	0	0	0	0	0	0	0	0	0	0	0	0	0	0	0
ASV5270	0	9.05018E-05	0	0	0	0	0	0	0	0	0	0	0	0	0	0	0	0	0	0	0	0	0	0	0	0	0
ASV5271	0	0	0	0	0	0	0	0	0	0	0	0	0	0	0	0	0	0.000226255	0	0	0	0	0	0	0	0	0
ASV5272	0	0	0	0	0	0	0	0	0	0	0	0	0	0	0	0	0	4.52509E-05	9.05018E-05	0	0	0	0	0	0	0	0
ASV5273	0	0	0	0	0	0	0	0	0	0	0	0	0	9.05018E-05	0	0	0	0.000135753	0	0	0	0	0	0	0	0	0
ASV5274	0	0	0	0	0	0	0	0	0	0	0	0	0	0	0	0	0	0.000181004	0	0	0	0	0	0	0	0	0
ASV5275	0	0	0	0	0	0	0	0	0	0	0	0	0	0	0	0	0	4.52509E-05	0	0	0	0	0	0	0	0	0
ASV5276	0	0	0	0	0	0	0	0	0	0	0	0	0	0	0	0	0	0.000181004	0	0	0	0	0	0	0	0	0
ASV5277	0	0	0	0	0	0	0	0	0	0	0	0	0	0	0	0	0	9.05018E-05	0	9.05018E-05	0	0	0	0	0	0	0
ASV5278	0	0	0	0	0	0	0	0	0	0	0.000181004	0	0	0	0	0	0	0	0	0	0	0	0	0	0	0	0
ASV5279	0	0	0	0	0	0	0	0	4.52509E-05	0	4.52509E-05	0	0	4.52509E-05	0	0	0	0	0	0	0	0	0	0	0	0	0
ASV5280	0	0	0	9.05018E-05	0	0	0	0	0	0	4.52509E-05	0	0	0	0	0	0	0	0	0	0	0	0	0	0	0	0
ASV5281	0	0	0	0	0	0	0	0	0	0	0.000181004	0	0	0	0	0	0	0	0	0	0	0	0	0	0	0	0
ASV5282	0	0	0	0	0	0	0	0	0	0	9.05018E-05	0	0	0	0	0	0	0	0	0	0	0	0	0	0	0	0
ASV5283	0	0	0	0	0	0	0	0	0	0	0.000226255	0	0	0	0	0	0	0	0	0	0	0	0	0	0	0	0
ASV5284	0	0	0	0	0	0	0	0	0	0	0	0	0	0	0	0	0	0	0	0	0	0	4.52509E-05	0	0	0	0
ASV5285	0	0	0	0	0	0	0	0	0	4.52509E-05	0	0	0	0	0	0	0	0	0	0	0	0	0	0	4.52509E-05	0	0
ASV5286	0	0	0	0	0	0	0	0	0	0	0	0	0	0	0	0	0	0	0	0	0	0	0.000181004	0	0	0	0
ASV5287	0	0	0	0	0	0	0	0	0	0	0	0	4.52509E-05	0	0	0	0	0	0	0	0	0	0	0	0	0	0
ASV5288	0	0	0	0	0	0	0	0	0	0	0	0	0	0	0	9.05018E-05	0	9.05018E-05	0	0	0	0	0	0	0	0	0
ASV5289	0	0	0	0	0	0	0	0	0	0	0	0	0	0	0	0	0	0	0	0	0	9.05018E-05	9.05018E-05	0	0	0	0
ASV5290	0	0	0	0	0	0	0	0	0	0	0	0	0	0	0	0	0	0	0	0	0	0	0	0	0	4.52509E-05	0
ASV5291	0	0	0	0	0	0	0	0	0	0	0	0	0	9.05018E-05	0	0	0	0	0	0	0	0.000181004	0	0	0	0	0
ASV5292	0	0	0	0	0	0	0	0	0	0	0	0	0.000181004	0	0	0	0	0	0	0	0	0	0	0	0	0	0
ASV5293	0	0	0	0	0	0	0	0	0	0	0	0	0	0	0	0	0	0	0	4.52509E-05	0	4.52509E-05	0	0	0	0	0
ASV5294	0	0	0	0	0	0	0	0	0	0	0	0	0	0	0	0	0	0	0	0	0	9.05018E-05	0	9.05018E-05	0	0	0
ASV5295	0	0	0	0	0	4.52509E-05	0	0	0	0	0	0	0	0	0.000135753	0	0	0	0	0	0	4.52509E-05	0	0	0	0	0
ASV5296	0	0	0	0	0	0	9.05018E-05	0	0	0	0	0	0	0	0	0	0	0	0	0	0	9.05018E-05	0	0	0	0	0
ASV5297	0	0	0	0	4.52509E-05	0	0	0	0	0	0	0	0	0	4.52509E-05	0	0	4.52509E-05	0	0	0	0	0	0	0	0	0
ASV5298	0	0	0	0	0	9.05018E-05	0	0	0	0	4.52509E-05	0	0	0	4.52509E-05	0	0	0	0	0	0	0	0	0	0	0	0
ASV5299	0	0	0	0	0	0	0	0	0	0	0	4.52509E-05	4.52509E-05	0	0	0	0	0	0	0	0	0	0	0	0	0	0
ASV5300	0	0	0	0	0	0	0	0	0	0	0	0	0	0	0.000226255	0	0	0	0	0	0	0	0	0	0	0	0
ASV5301	0	0	0	0	0	0	0	0	0	0	0	0	4.52509E-05	0	0.000181004	0	0	0	0	0	0	0	0	0	0	0	0
ASV5302	0	0	0	0	0	0	0	0	0	0	0	0	0	0	0	4.52509E-05	0	0	0	0	0	0	0	0	0	9.05018E-05	0
ASV5303	0	0	0	0	0	0	0	0	0	0	0	0	0	0	0	0	0	0	0	0	0	0	0	0	0	0.000226255	0
ASV5304	0	0	0	0	0	0	0	0	0	0	0	0	0	0	0.000181004	0	0	0	0	0	0	0	0	0	0	0	0
ASV5305	0	0	0	0	0	0	0	0	0	0	0	0	0	0	0	0	0	0	0	0	0	0	0	4.52509E-05	0	0.000135753	0
ASV5306	0	0	0	0	0	0	0	0	0	0	0	0	0	0	0	0	0	0	4.52509E-05	0	0	0	0	0	0	0	0.000226255
ASV5307	0	0	0	0	0	0	0	0	0	0	0	0	0.000135753	0	0	0	0	0	0	0	0	0	0	0	0	0	0
ASV5308	0	9.05018E-05	0	0	0	0	0	4.52509E-05	0	0	0	0	0	0	0	0	0	0	0	0	0	0	0	0	0	0	0
ASV5309	0	0	0	0	0	0	0	0.000181004	0	0	0	0	0	0	0	0	0	0	0	0	0	0	0	0	0	0	0
ASV5310	0	0	0	0	0	0	0	9.05018E-05	9.05018E-05	0	0	0	0	0	0	0	0	0	0	0	0	0	0	0	0	0	0
ASV5311	0	0	0	0	0	0	0	0	0	0	0	0	0	0	0	0	0	0	0	0	0	0	0	0	0	0	0.000135753
ASV5312	0	0	0	0	0	0	0	0.000181004	0	0	0	0	0	0	0	0	0	0	0	0	0	0	0	0	0	0	0
ASV5313	0	0	0	0	0	0	0	4.52509E-05	0	0	0	0	0	0	0	0	0	0	4.52509E-05	0	0	0	0	0	0	0	4.52509E-05
ASV5314	0	0	0	0	0	0	0	0	0	0	0	0	0	0	0	0	0	0	0	0	0	0	0	0	0	0	0.000135753
ASV5315	0	0	0	0	0	0	4.52509E-05	0	0	0	0	0	0	0	0	0	0	0	0	0	0	0	0	0	0	0	9.05018E-05
ASV5316	0	0	0	0	0	0	0	0	0	0	0	0	0	0	0	0	0	0	0	0	0	0	0	0	0	0	0.000181004
ASV5317	0	0	0	0	0	0	0	0	0	0	0	0	0	0	0	0	0	0	0	0	0	0	0	0	0	0.000181004	0
ASV5329	0	0	0	0	0.000181004	0	0	0	0	0	0	0	0	0	0	0	0	0	0	0	0	0	0	0	0	0	0
ASV5330	0	0	0	0	0	0	0	0	0	0	0	0	0	0	0	0	0	0	0.000135753	0	0	0	0	0	0	0	0
ASV5348	0	0	0	0	0	0	0	0	0	0	0	0	0	0	0	0	0	0	0.000135753	0	0	0	0	0	0	0	0
ASV5349	0	0	0	0	0	0	0	0	0	0	0	0	0	0	0	0	0	0	0.000135753	0	0	0	0	0	0	0	0
ASV5350	0	0	0	0	0	0	0	0	0	0	0	0	0	0	0	0	0	0	0	9.05018E-05	0	0	0	0	0	0	0
ASV5351	0	0	0	0	0	0	0	0	0	0	0	0.000135753	0	0	0	0	0	0	0	0	0	0	0	0	0	0	0
ASV5352	0	0	0	0	0	0	0	0	0	0	0	0.000135753	0	0	0	0	0	0	0	0	0	0	0	0	0	0	0
ASV5354	0	0	0	0	0	0	0	0	0	0	0	0	0	0	0	4.52509E-05	0	0	0	4.52509E-05	0	0	0	0	0	0	0
ASV5355	0	0	0	0	0	0	0	0	0	0	0	0	0	0	0	0	0	0	0	0	0	0	0	0.000135753	0	0	0
ASV5356	0	0	0	0	0	0	0	0	0	0	0	0	0	0	0	9.05018E-05	0	0	0	0	0	0	0	0	0	0	0
ASV5357	0	0	0	0	0	0	0	0	0	0	0	9.05018E-05	0	0	0	4.52509E-05	0	0	0	0	0	0	0	0	0	0	0
ASV5358	0	0	0	0	0	0	0	0	0	0	0	0	0	0	0	0.000181004	0	0	0	0	0	0	0	0	0	0	0
ASV5359	0	0	0	4.52509E-05	0	0	0	0	0	0	0	0	0	0	0	0	0	0	0	0	0	0	0	0	0	0	0
ASV5360	0	0	0	0	0	0	0	0	0.000135753	0	0	0	0	0	0	0	0	0	0	0	0	0	0	0	0	0	0
ASV5361	0	0	0	0	0	0	0	0	0.000135753	0	0	0	0	0	0	0	0	0	0	0	0	0	0	0	0	0	0
ASV5362	0	0	0	0	0	0	0	0	0.000181004	0	0	0	0	0	0	0	0	0	0	0	0	0	0	0	0	0	0
ASV5363	0	0	0	0	4.52509E-05	0	0	0	0	0	0	0	0	9.05018E-05	0	0	0	0	0	0	0	0	0	0	0	0	0
ASV5364	0	0	0	0	0	0	0.000135753	0	0	0	0	0	0	4.52509E-05	0	0	0	0	0	0	0	0	0	0	0	0	0
ASV5365	0	0	0	0	0	0	0	0	0	0	0	0	0	0.000135753	0	0	0	0	0	0	0	0	0	0	0	0	0
ASV5366	0	0	0	0	0	0	0	0	0	0	0	0	0	9.05018E-05	0	0	0	0	0	0	0	0	0	0	0	0	0
ASV5367	0	0	0	0	0	0	4.52509E-05	0	0	0	0	0	0	9.05018E-05	0	0	0	0	0	0	0	0	0	0	4.52509E-05	0	0
ASV5368	0	0	0	0	0	0	0	0	0	0	0	9.05018E-05	0	0	0	0	0	0	0	0	0	0	0	0	9.05018E-05	0	0
ASV5369	0	0	0	0	0	0	0	0	0	0	0	0	0	0	0	0	0	0	0	0	0	0	0	0	0.000135753	0	0
ASV5370	0	0	0	0	0	0	0	0	0	0	0	0	0	0	0	0	0	0	0	0	0	0	0	0	9.05018E-05	0	0
ASV5371	0	0	0	0	0	0	0	0	0	0	0	0	0	0	0	0	0	0	0	0	0	0	0	0	9.05018E-05	0	0
ASV5372	0	0	0	0	0	0	0	0	0	0	0	0	0	0	0	0	0	0	0	0	0	0	0	0	9.05018E-05	0	0
ASV5373	0	0	0	0	0	0	0.000135753	0	0	0	0	0	0	0	0	0	0	0	0	0	0	0	0	0	0	0	0
ASV5374	0	0	0	0	0	0	0.000135753	0	0	0	0	0	0	0	0	0	0	0	0	0	0	0	0	0	0	0	0
ASV5375	0	0	0	0	0	0	0.000135753	0	0	0	0	0	0	0	0	0	0	0	0	0	0	0	0	0	0	0	0
ASV5376	0	0	0	0	0	0	0.000135753	0	0	0	0	0	0	0	0	0	0	0	0	0	0	0	0	0	0	0	0
ASV5377	0	0	0	0	0	0	0	0	0	0	0	0.000135753	0	0	0	0	0	0	0	0	0	0	0	0	0	0	0
ASV5378	0	0	0	0	0	0	0	0	0	0	0	0.000135753	0	0	0	0	0	0	0	0	0	0	0	0	0	0	0
ASV5379	0	0	0	0	0	0	0	0	0	0	0	0.000135753	0	0	0	0	0	0	0	0	0	0	0	0	0	0	0
ASV5380	0	0	0	0	0	0	0	0	0	0	0	0.000135753	0	0	0	0	0	0	0	0	0	0	0	0	0	0	0
ASV5381	0	0	0	0	0	0	0	0	0	0	0	4.52509E-05	0	0	0	0	0	0	0	0	0	0	0	0	0	0	0
ASV5448	0	0	0	0	0	0	0	0	0	0	0	0	0	0	0	0	0	0	0	9.05018E-05	0	0	0	0	0	0	0
ASV5449	0	0	0	0	0	0	0	0	4.52509E-05	0	0	4.52509E-05	0	0	0	0	0	0	0	0	0	0	0	0	0	0	0
ASV5450	0	0	0	0.000135753	0	0	0	0	0	0	0	0	0	0	0	0	0	0	0	0	0	0	0	0	0	0	0
ASV5451	0	0	0	0	0	0	0	0	0	0	0	0	0	0	0	0	0	0	0	0	4.52509E-05	0	0	0	0	0	9.05018E-05
ASV5455	0	0	0	0	0	0	4.52509E-05	0	0	0	0	0	0	0	0	0	0	0	0	0	0	0	0	0	0	0	0
ASV5457	0	0	0	0	0	0	0	0	0	0	0	0	0	0	0	0	0.000135753	0	0	0	0	0	0	0	0	0	0
ASV5458	0	0	0	0	0	0	0	0	0	0	0	0	0	0	0	0	0.000135753	0	0	0	0	0	4.52509E-05	0	0	0	0
ASV5460	0	0	0	0	0	0	0	0	0	0	0	0	0	0	0	0	4.52509E-05	0	0	0	0	0	0	0	0	0	0
ASV5461	0	0	0	0	0	0	4.52509E-05	0	0	0	0	0	0	0	0	0	4.52509E-05	0	0	0	0	0	0	0	0	0	0
ASV5462	0	0	0	0	0	0	0	0	0	0	0	0	4.52509E-05	0	0.000135753	0	4.52509E-05	0	0	0	0	0	0	0	0	0	0
ASV5463	0	0	0	0	0	0	0	0	0	0	0	0	0	0	0	0	0.000135753	0	0	0	0	0	0	0	0	0	0
ASV5464	0	0	0	0	0	0	0	0	0	0	0	0	0	0	0	0	0.000135753	0	0	0	0	0	0	0	0	0	0
ASV5465	0	0	0	0	0	0	0	0	0	0	0	0	0	0	0	0	0	0	0	0	0.000271505	0	0	0	0	0	0
ASV5466	0	0	0	0	0	0	0	0	0	0	0	0	0	0	0	0	0	0	0	0	0.000135753	0	0	0	0	0	0
ASV5467	0	0	4.52509E-05	9.05018E-05	0	0	0	0	0	0	0	0	0	0	0	0	0	0	0	0	0	0	0	0	0	0	0
ASV5468	0	4.52509E-05	0	0	0	0	0	0	0	0	0	0	0	0	0	0	0	0	0	0	4.52509E-05	0	0	0	0	0	0
ASV5469	0	0	0	0	0	0	0	0	0	0	0	0	0	0	0	0	0	0	0	0	0.000181004	0	0	0	0	0	0
ASV5470	0	0	0	0	0	0	0	0	0	0	0	0	0	0	0	0	0	0	0	0	4.52509E-05	0	0	0	0	0	0
ASV5471	0	0	0	0	0	0	0	0	0	0	0	0	0	0	9.05018E-05	0	0	0	0	0	9.05018E-05	0	0	0	0	0	0
ASV5473	0	0	0	0	0	0	0	0	0	0	0	0	0	0	0	0	0	0	0	0	4.52509E-05	0	0	0	0	0	9.05018E-05
ASV5474	0	0	0	0	0	0	0	0	0	0	0	0	0	9.05018E-05	0	0	0	0	0	0	4.52509E-05	0	0	0	0	0	0
ASV5475	0	0	0	0	0	0	0	0	0	0	0	0	0	0	0	0	0	0	0	0	0.000135753	0	0	0	0	0	0
ASV5476	0	0	0	0	0	0	0	0	0	0	0	0	0	0	0	0	0	0	0	0	0.000135753	0	0	0	0	0	0
ASV5477	0	0	0	0	0	0	0	0	0	0	0	0	0	0	0	0	0	0	0	0	9.05018E-05	0	0	0	0	0	0
ASV5478	0	0	0	0	0	4.52509E-05	0	0	0	4.52509E-05	0	0	0	0	0	0	0	0	0	0	0	0	0	0	0	0	0
ASV5479	0	0	0	0	0	0	0	0	0	0	0	0	0	0	0	0	0	0	0	0	0.000135753	0	0	0	0	0	0
ASV5480	0	0	0	0	0	0	0	0	0	0	0	0	0	9.05018E-05	0	0	0	0	0	0	4.52509E-05	0	0	0	0	0	0
ASV5481	0	0	0	0	0	0	0	0	0	0	0	0	0	0	0	0	0	0	0	0	9.05018E-05	0	0	0	0	0	0
ASV5486	0	0	0	0	0	0	0	0	0	0	0	0	0	0	0	0	0	0	0	0	0	0	0.000181004	0	0	0	0
ASV5515	0	0	0.000135753	0	0	0	0	0	0	0	0	0	0	0	0	0	0	0	0	0	0	0	0	0	0	0	0
ASV5517	0	0	0	0	0	0	0	0	0	0	0	0	9.05018E-05	0	0	0	0	0	0	0	0	0	0	0	0	0	0
ASV5518	0	0	0	0	0	0	0	0	0	0	0	0	0	0	0	0	0	0	0	0	0	0	0	0	0	0	9.05018E-05
ASV5519	0	0	0	0.000135753	0	0	0	0	0	0	0	0	0	0	0	0	0	0	0	0	0	0	0	0	0	0	0
ASV5520	0	0	0	9.05018E-05	0	0	0	0	0	0	0	0	0	0	0	0	0	0	0	0	0	0	0	0	0	0	4.52509E-05
ASV5521	0	0	0	0	0	0	0	0	0	0	0	0	0	0	0	0	0	0	0	0	0	0	0	0	0	0	4.52509E-05
ASV5522	0	0	0	0	0	0	0	0	0	0	0	0	0	0	0	0	0	0	0	0	0	0	0.000135753	0	0	0	4.52509E-05
ASV5523	0	0	0	0	0	0	0	0.000135753	0	0	0	0	0	0	0	0	0	0	0	0	0	0	0	0	0	0	0
ASV5524	0	0	0	0	0	0	0	0.000135753	0	0	0	0	0	0	0	0	0	0	0	0	0	0	0	0	0	0	0
ASV5525	0	0	0	0	0	0	9.05018E-05	9.05018E-05	0	0	0	0	0	0	0	0	0	0	0	0	0	0	0	0	0	0	0
ASV5526	0	0	0	0	0	0	0	4.52509E-05	0	0	4.52509E-05	4.52509E-05	0	0	0	0	0	0	0	0	0	0	0	0	0	0	0
ASV5527	0	0	0	0	0	0	0	4.52509E-05	0	0	9.05018E-05	0	0	0	0	0	0	0	0	0	0	0	0	0	0	0	0
ASV5528	0	0	0	0	0	0	0	0.000135753	0	0	0	0	0	0	0	0	0	0	0	0	0	0	0	0	0	0	0
ASV5529	0	0	0	0	0	0	0	4.52509E-05	4.52509E-05	0	0	0	0	0	0	0	0	0	0	0	0	0	0	0	4.52509E-05	0	0
ASV5530	0	0	0	0	0	0	0	0.000135753	0	0	0	0	0	0	0	0	0	0	0	0	0	0	0	0	0	0	0
ASV5531	0	0	0	0	0	0	0	0.000135753	0	0	0	0	0	0	0	0	0	0	0	0	0	0	0	0	0	0	0
ASV5532	0	0	0	0	0	0	0	0	0	0	0	0	0.000135753	0	0	0	0	0	0	0	0	0	0	0	0	0	0
ASV5533	0	0	0	0	0	0	0	0	0	0	0	0	0.000226255	0	0	0	0	9.05018E-05	0	0	0	0	0	0	0	0	0
ASV5534	0	0	0	0	0	0	0	0	0	0	0	0	0.000135753	0	0	0	0	0	0	0	0	0	0	0	0	0	0
ASV5535	0	0	0	0	0	0	0	0	0	0	0	0	0.000135753	0	0	0	0	0	0	0	0	0	0	0	0	0	0
ASV5536	0	0	0	0	0	0	0	0	0	0	0	4.52509E-05	9.05018E-05	0	0	0	0	0	0	0	0	0	0	0	0	0	0
ASV5537	0	0	0	9.05018E-05	0	4.52509E-05	0	0	0	0	0	0	0	0	0	0	0	0	0	0	0	0	0	0	0	0	0
ASV5538	0	0	0	0	0	0.000135753	0	0	0	0	0	0	0	0	0	0	0	0	0	0	0	0	0	0	0	0	0
ASV5539	0	0	0	0	0	0.000135753	0	0	0	0	0	0	0	0	0	0	0	0	0	0	0	0	0	0	0	0	0
ASV5540	0	0	0	0	0	0	0	0	0	0	0	0	0	0	0	4.52509E-05	0	4.52509E-05	0	0	0	0	0	0	0	0	0
ASV5541	0	0	0	0	0	0	4.52509E-05	0	0	0	0	0	0	0	0	0	0	4.52509E-05	0	0	0	0	0	0	0	0	0
ASV5542	0	0	0	0	0	0	0	0	0	0	0	0	0	0	0	0	0	0	0	0	0	0	0.000135753	0	0	0	0
ASV5543	0	0	0	0	0	0	0	0	0	0	0	0	0	0	0	0	0	0.000135753	0	0	0	0	0	0	0	0	0
ASV5544	0	0	0	0.000181004	0	0	0	0	0	0	0	0	0	0	0	0	0	0	0	0	0	0	0	0	0	0	0
ASV5546	0	0	0	0	0	0	0	0	0	0	0	0	0	0	0	0	0	0	0	0	0	0	0.000181004	0	0	0	0
ASV5547	0	0	4.52509E-05	0	0	0	0	0	0	0	0	0	0	4.52509E-05	0	0	0	0	0	0	0	0	0	4.52509E-05	0	0	0
ASV5548	0	0	0	0	0	0	0	0	0	0	0	0	0	0	0	0	0	0	0	0	0	0	0	0	0	0	9.05018E-05
ASV5549	0	0	0	0	0	4.52509E-05	0	0	0	0	0	0	0	0	0	0	0	0	0	0	0	0	0	0	0	0	0
ASV5550	0	0	0	0	0	9.05018E-05	0	0	0	0	0	0	0	0	0	0	0	0	0	0	0	0	0	0	0	0	9.05018E-05
ASV5551	0	0	0	0	0	0	0	0	0	4.52509E-05	0	0	0	0	0.000135753	0	0	0	0	0	0	0	0	0	0	0	0
ASV5553	0	0	0	4.52509E-05	0	0	0	0	0	0	0	0	0	0	0	0	0	0	0	0	0	0	0	0	0	9.05018E-05	0
ASV5560	0	0	0	0	0	0	0	0	0	9.05018E-05	4.52509E-05	0	0	0	0	0	0	0	0	0	0	0	0	0	0	0	0
ASV5561	0	0	0	0	0	0	0	0	0	4.52509E-05	0	0	0	0	0	0	0	0	0	0	0	0	0	0	0	0	0
ASV5562	0	0	0	0	0	0	0	0	0	0.000135753	0	0	0	0	0	0	0	0	0	0	0	0	0	0	0	0	0
ASV5563	0	0	0	0	0	0	0	0	0	0.000135753	0	0	0	0	0	0	0	0	0	0	0	0	0	0	0	0	0
ASV5564	0	0	0	0	0	0	0	0	0	0	0	0	0	0	0	0	0	0	0	0	0	4.52509E-05	0	0	0	0	0
ASV5565	0	0	0	0	0	0	0	0	0	0.000135753	0	0	0	4.52509E-05	0	0	0	0	0	0	0	0	0	0	0	0	0
ASV5567	0	0	0	0	0	0	0	0	0	9.05018E-05	0	0	0	4.52509E-05	0	9.05018E-05	0	0	0	0	0	0	0	0	0	0	0
ASV5568	0	0	0	0	0	0	0	0	0	0	0	0	0	0	4.52509E-05	0	0	0	0	0	0	0	0	0	0	0	0
ASV5569	0	0	0	4.52509E-05	0	0	0	0	4.52509E-05	0	0	0	0	0	0	0	0	0	0	0	0	0	0	0	0	4.52509E-05	0
ASV5570	0	0	0	0	0	0	0	0	0	0.000181004	0	0	0	0	0	0	0	0	0	0	0	0	0	0	0	0	0
ASV5571	0	0	0	0	0	0	0	0	0	0	4.52509E-05	0	0	0	0	0	0	0	0	0	0	0	0	0	0	9.05018E-05	0
ASV5572	0	0	0	0	0	0	0	0	0	0	0	0	0	0	0	0	0	0	0	0	0	0	0	0	0	0.000181004	0
ASV5573	0	0	0	0	0	4.52509E-05	0	0	0	0	0	0	0	0	0	0	0	0	0	0	0	0	0	0	0	4.52509E-05	0
ASV5574	0	0	0	0	0	0	0	0	0	0	0	0	0	0	0.000135753	0	0	0	0	0	0	0	0	0	0	0	0
ASV5575	0	0	0	0	0	0	0	0	0	0	0	0	0	0	0.000226255	0	0	0	0	0	0	0	0	0	0	0	0
ASV5576	0	0	0	0	0	0	0	0	0	0	0	0	0	0	0.000135753	0	0	0	0	0	0	0	0	0	0	0	0
ASV5577	0	0	0	0	0	0	0	0	0	0	9.05018E-05	0	0	0	0	0	0	0	0	0	0	9.05018E-05	0	0	0	0	0
ASV5578	0	0	0	0	0	0	0	0	0	0	0	0	0	0	0	0	0	0	4.52509E-05	0	0	9.05018E-05	0	0	0	0	0
ASV5579	0	0	0	0	0	0	0	0	0	0	0	0	0	0	0	0	0	0	0	0	0	4.52509E-05	0	0	0	0	0
ASV5580	0	0	0	0	0	0	0	0	0	0	0	0	0	0	0	0	0	0	0	0	0	0	0	0	0	9.05018E-05	0
ASV5628	0	0	0	0	0	0	0	0	0	0	0	0	0	0.000135753	0	0	0	0	0	0	0	0	0	0	0	0	0
ASV5631	0	0	0	0	0	0	0	0	0	0	0	0	0	0	0	0	0	0	0	0	0	0	0	0	9.05018E-05	0	0
ASV5632	0	0	0	0	0	0	0	0	0	0	0	0	0	0	0	0	0	0	0	0	0	0	0	0	0.000135753	0	0
ASV5633	0	0	0	0	0	0	0	0	0	0	0	0	0	0.000181004	0	0	0	0	0	0	0	0	0	0	0	0	0
ASV5634	0	0	0	0	0	0	0	0	0	0	0	0	0	9.05018E-05	0	0	0	0	0	0	0	0	0	0	0	0	0
ASV5635	0	0	0	0	0	0	0	0	0	0	0	0	0	9.05018E-05	0	0	0	0	0	0	0	0	0	0	0	0	0
ASV5636	0	0	0	0	0	0	0	0	4.52509E-05	0	0	0	0	0	0	0	0	0	0	0	0	0	0	0	0	0	0
ASV5637	0	0	0	0	0	0	0	0	0.000135753	0	0	0	0	0	0	0	0	0	0	0	0	0	0	0	0	0	0
ASV5638	0	0	0	0	0	0	0	0	0.000135753	0	0	0	0	0	0	0	0	0	0	0	0	0	0	0	0	0	0
ASV5639	0	0	0	0	0	0	0	0	4.52509E-05	0	0	0	0	4.52509E-05	0	0	0	0	0	0	0	0	0	0	0	0	0
ASV5640	0	0	0	0	0	0	0	0	0.000135753	0	0	0	0	0	0	0	0	0	0	0	0	0	0	0	0	0	0
ASV5641	0	0	0	0	0	0	0	0	4.52509E-05	0	0	0	0	0	0	0	0	0	0	0	0	0	0	0	0	0	0
ASV5642	0	0	0	0	0	0	0	0	0.000135753	0	0	0	0	0	0	0	0	0	4.52509E-05	0	0	0	0	0	0	0	0
ASV5643	0	0	0	0	0	0	0	0	0.000226255	0	0	0	0	0	0	0	0	0	0	0	0	0	0	0	0	0	0
ASV5644	0	0	0	0	0	0	0	0	0.000135753	0	0	0	0	0	0	0	0	0	0	0	0	0	0	0	0	0	0
ASV5645	0	0	0	0	0	0	0	0	0.000135753	0	0	0	0	0	0	0	0	0	0	0	0	0	0	0	0	0	0
ASV5646	0	0	0	0	0	0	0	0	0	0	0	0	0	0	0	9.05018E-05	0	0	0	0	0	0	0	0	0	0	0
ASV5647	0	0	0	0	0	0	0	0	0	0	0	0	0	0	0	9.05018E-05	0	0	0	0	0	0	0	0	0	0	0
ASV5648	0	0	0	0	0	0	0	0	0	0	0	0	0	0	0	9.05018E-05	0	0	0	0	0	0	0	0	0	0	0
ASV5649	0	0	0	0	0	0	0	0	0	0	0	0	0	0	0	0.000181004	0	0	0	0	0	0	0	0	0	0	0
ASV5650	0	0	0	0	0	0	0	0	0	0	0	0	0	0	0	9.05018E-05	0	0	0	0	0	0	0	0	0	0	0
ASV5652	0	0	0	0	0	0	0	0	0	0	0	0	0	0	0	0	0	0	0	0	0	0	0	0	9.05018E-05	0	0
ASV5653	0	0	0	0	0	0	0	0	0	0	0	0	0	0	0	0	0	0	4.52509E-05	0	0	0	0	0	9.05018E-05	0	0
ASV5654	0	0	0	0	0	0	0	0	0	0	0	0	0	0	0	0	0	0	0	0	0	0	0	0	4.52509E-05	0	0
ASV5655	0	0	0	0	0	0	0	0	0	0	0	0	0	0	0	0	0	0	9.05018E-05	0	0	0	0	0	0	0	0
ASV5657	0	0	0	0	0.000226255	0	0	0	0	0	0	0	0	0	0	0	0	0	0	0	0	0	0	0	0	0	0
ASV5658	0	0	0	0	0.000226255	0	0	0	0	0	0	0	0	0	0	0	0	0	0	0	0	0	0	0	0	0	0
ASV5659	0	0	0	0	9.05018E-05	0	0	0	0	0	0	0	0	0	0	0	0	0	0	0	0	0	0	0	0	0	0
ASV5660	0	0	0	0	0.000226255	0	0	0	0	0	0	0	0	0	0	0	0	0	0	0	0	0	0	0	0	0	0
ASV5661	0	0	0	0	0	0	0	0	0	0	0	0	0	0	0	0	0	0	9.05018E-05	0	0	0	0	0	0	0	0
ASV5662	0	0	0	0	0	0	0	0	0	0	0	0	0	0	0	0	0	0	0.000135753	0	0	0	0	0	0	0	0
ASV5663	0	0	0	0	0	0	0	0	0	0	0	0	0	0	0	0	0	0	0.000181004	0	0	0	0	0	0	0	0
ASV5664	0	0	0	0	0	0	0	0	0	0	0	0	0	0	0	0	0	0	4.52509E-05	0	0	0	0	0	0	0	0
ASV5665	0	0	0	0	0	0	0	0	0	0	0	4.52509E-05	0	0	0	0	0	0	0	0	0	0	0	0	0	0	0
ASV5666	0	0	0	0	0	0	0	0	0	0	0	0	0	0	0	0	0	0	0	0	0	0	0	0	0.000135753	0	0
ASV5667	0	0	0	0	0	0	0	0	0	0	0	0.000135753	0	0	0	0	0	0	0	0	0	0	0	0	0	0	0
ASV5668	0	0	0	0	0	0	0	0	0	0	0	0.000135753	0	0	0	0	0	0	0	0	0	0	0	0	0	0	0
ASV5669	0	0	0	0	0	0	0	0	0	0	0	0.000135753	0	0	0	0	0	0	0	0	0	0	0	0	0	0	0
ASV5670	0	0	0	0	0	0	0	0	0	0	0	0.000181004	0	0	0	0	0	0	0	0	0	0	0	0	0	0	0
ASV5671	0	0	0	0	0	0	0	0	0	0	0	0.000181004	0	0	0	0	0	0	0	0	0	0	0	0	0	0	0
ASV5672	0	0	0	0	0	0	0	0	0	0	0	0.000135753	0	0	0	0	0	0	0	0	0	0	0	0	0	0	0
ASV5673	0	0	0	0	0	0	0	0	0	0	0	0.000135753	0	0	0	0	0	0	0	0	0	0	0	0	0	0	0
ASV5674	0	0	0	0	0	0	4.52509E-05	0	0	0	0	0.000135753	0	0	0	0	0	0	0	0	0	0	0	0	0	0	0
ASV5675	0	0	0	0	9.05018E-05	0	9.05018E-05	0	0	0	0	0	0	0	0	0	0	0	0	0	0	0	0	0	0	0	0
ASV5686	0	0	0	0	0	0	0	0	0	0	0	0	0	0	0	0	0	0	0	0	0	0	0	0.000226255	0	0	0
ASV5774	0	0	0	0	0	0	0	0	0	0	0	0	0	0	0	0	0	0	0	0	0	0	0	0.000135753	0	0	0
ASV5776	0	0	0	0	0	0	0	0	0	0	0	0	0	0	0	0	0	0	0	0	0	0	0	0.000181004	0	0	0
ASV5777	0	0	0	0	0	0	0	0	0	0	0	0	0	0	0	0	0	0	0	0	9.05018E-05	0	0	0	0	0	0
ASV5779	0	0	0	0	0	0	0	0	0	0	0	0	0	4.52509E-05	0	0	9.05018E-05	0	0	0	0	0	0	0	0	0	0
ASV5780	0	0	0	0	0	0	0	0	0	0	0	0	0	0	0	0	0.000135753	0	0	0	0	0	0	0	0	0	0
ASV5781	0	0	0	0	0	0	0	0	0	0	0	0	0	0	0	0	4.52509E-05	0	0	0	0	0	0	0	4.52509E-05	0	0
ASV5782	0	0	0	0	0	0	0	0	0	0	0	0	0	0	0	0	9.05018E-05	0	0	0	0	0	0	0	0	0	0
ASV5783	0	0	0	0	0	0	9.05018E-05	0	0	0	0	0	0	0	0	0	4.52509E-05	0	0	0	0	0	0	0	0	0	0
ASV5784	0	0	0	0	0	0	0	0	0	9.05018E-05	0	0	0	0	0	0	9.05018E-05	0	0	0	0	0	0	0	0	0	0
ASV5785	0	0	0	0	0	0	0	0	0	0	0	0	0	0	0	0	4.52509E-05	0	0	0	0	0	0	0	0	0	0
ASV5786	0	0	0	0	0	0	0	0	0	0	0	0	0	4.52509E-05	0	0	0.000135753	0	0	0	0	0	0	0	0	0	0
ASV5787	0	0	0	0	0	0	0	0	0	0	0	0	0	0	0	0	4.52509E-05	4.52509E-05	0	0	0	0	0	0	0	0	0
ASV5788	0	0	0	0	0	0	0	0	0	0	0	0	0	0	0	0	9.05018E-05	0	0	0	0	0	0	0	0	0	0
ASV5799	0	4.52509E-05	0	0	0	0	0	0	0	0	0	0	0	0	0	0	0	0	0	0	9.05018E-05	0	0	0	0	0	0
ASV5800	0	0	0	0	0	0	0	0	0	0	0	0	0	0	0	0	0	0	0	4.52509E-05	4.52509E-05	0	0	0	0	0	0
ASV5802	0	0	0	0	0	9.05018E-05	0	0	0	0	0	0	0	0	0	0	0	0	0	0	4.52509E-05	0	0	0	0	0	0
ASV5805	0	0	4.52509E-05	0	0	0	0	0	0	0	0	0	0	0	0	0	0	0.000135753	0	0	0	0	0	0	0	0	0
ASV5806	0	0	9.05018E-05	0	0	0	0	0	0	0	0	0	0	0	0	0	0	0	0	0	0	0	0	0	0	0	0
ASV5807	0	0	4.52509E-05	0	0	0	0	0	0	0	0	0	0	0	0	0	0	0	9.05018E-05	0	0	0	0	0	0	0	0
ASV5808	0	0	0.000181004	0	0	0	0	0	0	0	0	0	0	0	0	0	0	0	0	0	0	0	0	0	0	0	0
ASV5809	0	0	4.52509E-05	0	0	0	0	0	0	0	0	0	0	0	0	0	0	0	0	0	0	0	0	0	0	0	0
ASV5810	0	9.05018E-05	0	0	0	0	0	0	0	0	0	0	0	0	0	0	0	0	0	0	0	0	0	0	0	0	0
ASV5811	0	4.52509E-05	4.52509E-05	0	0	0	0	0	0	0	0	0	0	0	0	0	0	0	0	0	0	0	0	0	0	0	0
ASV5812	0	0	4.52509E-05	0	0	0	4.52509E-05	0	0	0	0	0	0	0	0	0	0	0	0	0	0	0	0	0	0	0	0
ASV5813	0	0	0.000135753	0	0	0	0	0	0	0	0	0	0	0	0	0	0	0	0	0	0	0	0	0	0	0	0
ASV5814	0	0	0	0	0	0	0	0	0	0	0	0	0	0	0	0	0	0	0	0	4.52509E-05	0	0	0	0	0	0
ASV5815	0	0	0	0	0	0	0	0	0	0	0	0	0	0	0	0	0	0	0	0	0.000135753	0	0	0	0	0	0
ASV5816	0	0	0	0	0	0	0	0	0	0	0	0	0	0	0	0	0	0	0	0	4.52509E-05	0	0	0	0	0	0
ASV5817	0	0	0	0	0	0	0	0	0	0	0	0	0	0	0	0	0	0	0	0	9.05018E-05	0	0	0	0	0	0
ASV5818	0	0	0	0	0	0	0	0	0	0	0	0	0	0	0	0	0	0	0	0	0	0	0	0	4.52509E-05	0	0
ASV5819	0	0	0	0	0	0	0	0	0	0	0	4.52509E-05	0	0	0	4.52509E-05	0	0	0	0	0	0	0	0	0	0	0
ASV5820	0	0	0	0	0	0	0	0	0	0	0	0	0	0	0	0	0	0	0	0	0.000135753	0	0	0	0	0	0
ASV5821	0	0	0	0	0	0	0	0	0	0	0	0	0	0	0	0	0	0	0	0	9.05018E-05	0	0	0	0	0	0
ASV5822	0	0	0	0	0	0	0	0	0	0	0	0	0	0	0	0	0	0	0	0	0.000135753	0	0	0	0	0	0
ASV5823	0	9.05018E-05	0	0	0	0	0	0	0	0	0	0	0	0	0	0	0	0	0	0	4.52509E-05	0	0	0	0	4.52509E-05	0
ASV5833	0	0	0	0	0	0	0	0	0	0	0	0	0	0	0	0	0	0	9.05018E-05	0	0	0	0	0	0	0	0
ASV5848	0	0	0	0	0	0	0	0	0	0	0	0	0	0	0	0	0	0	0	0	0	0	0	0.000135753	0	0	0
ASV5876	0	0	0	0	0	0	0	0	0	0	0	0	0	0	0	0	0	0	0	0	0	0	0.000135753	0	0	0	0
ASV5877	0	0	0	0	0	0	0	0	4.52509E-05	0	9.05018E-05	0	0	0	0	0	0	0	0	0	0	0	0	0	0	0	0
ASV5878	0	0	0	0	0	0	0	0	0	0	0.000135753	0	0	0	0	0	0	0	0	0	0	0	0	0	0	0	0
ASV5879	0	0	0	0	0	0	0	0	0	0	4.52509E-05	0	0	0	0	0	0	0	9.05018E-05	0	0	0	0	0	0	0	0
ASV5880	0	0	0	0	0	0	0	0	4.52509E-05	0	9.05018E-05	0	0	0	0	0	0	0	0	0	0	0	0	0	0	0	0
ASV5881	0	0	0	0	0	0	0	0	0	0	0.000135753	0	0	0	0	0	0	0	0	0	0	0	0	0	0	0	0
ASV5882	0	0	0	0	0	0	0	0	0	0	4.52509E-05	0	0	0.000135753	0	0	0	0	0	0	0	0	0	0	0	0	0
ASV5883	0	0	0	0	0	0	0	0	0	0	0.000181004	0	0	0	0	0	0	0	0	0	0	0	0	0	0	0	0
ASV5884	0	0	0	0	4.52509E-05	0	0	0	0	0	9.05018E-05	0	0	0	0	0	0	0	0	0	0	0	0	0	0	0	0
ASV5885	0	0	0	0	0	0	0	0	0	0	4.52509E-05	0	0	4.52509E-05	0	0	0	0	0	0	0	0	0	0	0	0	0
ASV5886	0	0	0	0	0	0	0	0	0	0	0.000181004	0	0	0	0	0	0	0	0	0	0	0	0	0	0	0	0
ASV5887	0	0	0	0	0	0	0	0	0	0	0.000181004	0	0	0	0	0	0	0	0	0	0	0	0	0	0	0	0
ASV5888	0	0	0	0	0	0	0	0	0	0	0	0	0	0	0	0	0	9.05018E-05	0	0	0	0	0	0	0	0	0
ASV5889	0	0	0	0	0	0	0	0	0	0	0	0	0	4.52509E-05	0	0	0	4.52509E-05	0	0	0	0	0	0	4.52509E-05	0	0
ASV5890	0	0	0	0	0	0	0	0	0	0	0	0	0	0	0	0	0	9.05018E-05	0	0	0	0	0	0	0	0	0
ASV5891	0	0	0	0	0	0	0	0	0	0	0	0	0	0	0	0	0	0.000135753	0	0	0	0	0	0	0	0	0
ASV5892	0	0	0	0	0	0	0	0	4.52509E-05	0	0	0	0	0	0	0	0	4.52509E-05	0	0	0	0	0	0	0	0	0
ASV5893	0	0	0	0	0	0	0	0	0	0	0	0	0	0	0	0	0	0.000181004	0	0	0	0	0	0	0	0	0
ASV5894	0	9.05018E-05	0	0	0	0	0	0	0	0	0	0	0	0	0	0	0	0	0	0	0	0	0	0	0	0	0
ASV5895	0	9.05018E-05	0	0	0	0	0	0	0	0	0	0	0	0	0	0	0	0	0	0	0	0	0	0	0	0	0
ASV5896	0	0.000181004	0	0	0	0	0	0	0	0	0	0	0	0	0	0	0	0	0	0	0	0	0	0	0	0	0
ASV5897	0	0	0	0	0	9.05018E-05	0	0	0	0	0	0	0	0	0	0	0	0	0	0	0	0	0	0	0	0	0
ASV5898	0	0	0	0	0	0	0	0	0	0	0	0	0	0	0	0	0	0	0	0	0	0	0.000135753	0	0	0	0
ASV5899	0	0	0	0	0	0	0	0	0	0	0	4.52509E-05	0	0	0	0	0	0	0	0	0	0	9.05018E-05	0	0	0	0
ASV5900	0	0	0	0	0	9.05018E-05	0	0	0	0	0	0	0	0	0	0	0	0	0	0	0	0	0	0	0	0	0
ASV5901	0	0	0	0	0	0	0	0	0	0	0	0	0	0	0	0	0	0	0	0	0	0	0.000181004	0	0	0	0
ASV5902	0	0	0	0	0	0	0	0	0	0	0	0	0	0	0	0	0	0	0	0	0	0	0	0.000135753	0	0	0
ASV5903	0	0	0	0	0	0	0	0	0	9.05018E-05	0	0	9.05018E-05	0	0	0	0	0	0	0	0	0	0	0	0	0	0
ASV5904	0	0	0	0	0	0	0	0	0	0	0	0	0	0	0	0	0	0	0	9.05018E-05	0	0	0	0	0	0	0
ASV5906	0	0	0	0	0	0	0	0	0	0	0	0	0	0	0	0	0	0	0	9.05018E-05	0	0	0	0	0	0	0
ASV5907	0	0	0	0	0	0	0	0	0	0	0	0	0	0	0	0	0	0	0	0.000181004	0	0	0	0	0	0	0
ASV5908	0	0	0	0	4.52509E-05	0	0	0	0	0	0	0	0	0	0	0	0	0	0	4.52509E-05	0	0	0	0	0	0	0
ASV5909	0	0	0	4.52509E-05	0	0	0	0	0	0	0	0	0	0	0	0	0	0	0.000135753	0	0	0	0	0	0	0	0
ASV5910	0	0	0	0.000135753	0	0	0	0	0	0	0	0	0	0	0	0	0	0	0	0	0	0	0	0	0	0	0
ASV5911	0	0	0	0.000181004	0	0	0	0	0	0	0	0	0	0	0	0	0	0	0	0	0	0	0	0	0	0	0
ASV5912	0	0	0	0.000135753	0	0	0	0	0	0	0	0	0	0	0	0	0	0	0	0	0	0	0	0	0	0	0
ASV5913	0	0	0	0.000181004	0	0	0	0	0	0	0	0	0	0	0	0	0	0	0	0	0	0	0	0	0	0	0
ASV5914	0	0	0	0.000135753	0	0	0	0	0	0	0	0	0	0	0	0	0	0	0	0	0	0	0	0	0	0	0
ASV5915	0	0	0	0.000226255	0	0	0	0	0	0	0	0	0	0	0	0	0	0	0	0	0	0	0	0	0	0	0
ASV5916	0	0	0	0	0	0	0	0	0	0	0	0	0	0	0	0	0	0	0	0	0	0	0.000135753	0	0	0	0
ASV5917	0	0	0	0	0	0	0	0	0	0	0	0	0	0	0	0	0	0	0	0	0	0	0.000135753	0	0	0	0
ASV5918	0	0	0	0	0	0	0	0	0.000135753	0	0	0	0	0	0	0	0	0	0	0	0	0	4.52509E-05	0	0	0	0
ASV5919	0	0	0	0	0	0	0	0	0	0	0	0	0	0	0	0	0	0	0	0	0	0	0.000135753	0	0	0	0
ASV5920	0	0	0	0	0	0	0	0	0	0	0	0	0	0	0	0	0	0	0	0	0	0	0.000135753	0	0	0	0
ASV5922	0	0	0	0	0	0	0	0	0	0	0	0	0	0	0	0	0	0	0	0	0	0	0.000135753	0	0	0	0
ASV5923	0	0	0	0	0	4.52509E-05	0	0	0	0	0	0	0	0	0	0	0	0	0	0	0	0	0	0	0	0	0
ASV5924	0	0	0	0	0	0	0	0	0	0	0	0	0	0	0	0	0	0	0	0	0	0	4.52509E-05	9.05018E-05	0	0	0
ASV5926	0	0	0	0	0	0	0	0	0	0	0	0	0	0	0	0	0	0	0	0	0	0	0	9.05018E-05	4.52509E-05	0	4.52509E-05
ASV5927	0	0	0	0	0	0	0	0	0	0	0	0	0	0	0	0	0	0	0	0	0	0	0	0	0	0	0.000181004
ASV5928	0	0	0	0	0	0	0	0	0	0	0	0	0	0	0	0	0	0	0	0	0	0	0	0	0	0.000181004	0
ASV5929	0	0	0	0	0	0	0	0	0	0	0	0	0	0	0	0	0	0	0	0	0	0	0	0	0	9.05018E-05	0
ASV5930	0	0	0	0	0	0	0	0	0	0	0	0	0	0	0	0	0	0	0	0	0	0	0	0	0	0.000226255	0
ASV5931	0	0	0	0	0	0	0	0	0	0	0	0	0	0	0.000135753	0	0	0	0	0	0	0	0	0	0	0	0
ASV5932	0	0	0	0	0	0	0	4.52509E-05	0	0	0	0	0	0	4.52509E-05	0	0	0	0	0	0	0	0	0	0	0	0
ASV5933	0	0	0	0	0	0	0	0	0	0	4.52509E-05	0	0	0	9.05018E-05	0	0	0	0	0	0	0	0	0	0	0	0
ASV5934	0	0	0	0	0	0	0	0	0	0	0	0	0	0	0.000135753	0	0	0	0	0	0	0	0	0	0	0	0
ASV5935	0	0	0	0	0	0	0	0	0	0	0	0	0	0	0.000181004	0	0	0	0	0	0	0	0	0	0	0	0
ASV5936	0	0	0	0	0	0	0	0	0	0	0	0	0	0	0	4.52509E-05	0	0	0	0	0	0	0	0	0	0	0
ASV5937	0	0	0	0	0	0	0	0	0	0	9.05018E-05	0	0	0	0	0	0	0	0	0	0	0	0	0	0	0	0
ASV5938	0	0	0	0	0	0	0	0	0	0	0	0	0	0	0.000135753	0	0	0	0	0	0	0	0	0	0	0	0
ASV5939	0	0	0	0	0	0	0	0	0	0	0	0	0	0	0	4.52509E-05	0	0	0	0	0	4.52509E-05	0	0	0	0	0
ASV5940	0	0	0	0	0	0	0	0	0	0	0	0	0	0	0	0	0	0	0	0	0	0.000135753	0	0	0	0	0
ASV5941	0	0	0	0	0	0	0	0	0	0	0	0	0	0	0	0	0	0	0	0	0	0.000135753	0	0	0	0	0
ASV5942	0	0	0	0	0	0	0	0	0	0	0	0	0	0	0	0	0	0	0	0	0	4.52509E-05	0	0	4.52509E-05	0	0
ASV5943	0	0	0	0	0	0	0	0	0	0	0	0	0	0	0	0	0	0	0	0	0	9.05018E-05	0	0	0	0	0
ASV5944	0	0	0	0	0	0	0	0	0	4.52509E-05	0	0	0	0	0	4.52509E-05	0	0	0	0	0	0	0	0	0	0	0
ASV5945	0	0	0	0	0	0	0	0	0	0.000181004	0	0	0	0	0	0	0	0	0	0	0	0	0	0	0	0	0
ASV5946	0	0	0	0	0	4.52509E-05	0	0	0	0	4.52509E-05	0	0	0	0	0	0	0	0	0	0	0	0	0	0	0	0
ASV5947	0	0	0	0	0	0	0	0	0	9.05018E-05	0	0	0	0	0	0	0	0	0	0	0	0	0	0	0	0	0
ASV5948	0	0	0	0	0	0	4.52509E-05	0	0	0	0	0	0	0	0	0	0	0	0	0	0	0	0	0	0	0	9.05018E-05
ASV5949	0	0	0	0	0	0	0	0	4.52509E-05	0	0	0	0	0	4.52509E-05	0	0	0	0	0	0	0	0	0	0	0	0
ASV5950	0	0	0	0	0	0	0	0	0	0	0	0	0	0	0	0	0	0	0	0	0	0	0	0	0	0	0.000181004
ASV5951	0	0	0	0	0	0	0	0	0	0	0	0	9.05018E-05	0	0	0	0	0	0	0	0	0	4.52509E-05	0	0	0	0
ASV5952	0	0	0	0	0	0.000135753	0	0	0	0	0	0	0	0	0	0	0	0	0	0	0	0	0	0	0	0	0
ASV5953	0	0	0	0	9.05018E-05	9.05018E-05	0	0	0	0	0	0	0	0	0	0	0	0	0	0	0	0	0	0	0	0	0
ASV5954	0	0	0	0	0	0	0	0	0	0	0	0	0	0	0	0	0	0	0	0	0	0	0	0	0	0	4.52509E-05
ASV5955	0	0	0	0	0	4.52509E-05	0	0	4.52509E-05	0	0	0	0	0	0	0	0	0	0	0	0	0	0	0	0	0	0
ASV5956	0	0	0	0	0	0.000135753	0	0	0	0	0	0	0	0	0	0	0	0	0	0	0	0	0	0	0	0	0
ASV5957	0	0	0	0	0	9.05018E-05	0	0	0	0	0	0	0	0	0	0	0	0	0	0	0	0	0	0	0	0	0
ASV5958	0	0	0	0	0	0	0	0	0	0	9.05018E-05	0	0	0	0	0	0	0	0	0	0	0	0	0	0	0	0
ASV5959	0	0	0	0	0	0	0	0	0	0	0	0	9.05018E-05	0	0	0	0	0	0	0	0	0	0	0	0	0	0
ASV5960	0	0	0	0	0.000135753	0	0	0	0	0	0	0	0.000135753	0	0	0	0	0	0	0	0	0	0	0	0	0	0
ASV5961	0	0	0	0	0	0	0	0	0	0	0	0	9.05018E-05	0	0	0	0	0	0	0	0	0	0	0	0	0	0
ASV5962	0	0	0	0	0	0	0	0	0.000135753	0.000181004	0	0	0	0	0	0	0	0	0	0	0	0	0	0	0	0	0
ASV5963	0	0	0	0	0	0	0	9.05018E-05	0	0	0	0	0	0	0	0	0	0	0	0	0	0	0	0	0	0	0
ASV5964	0	0	0	0	0	0	0	4.52509E-05	0	0	0	4.52509E-05	0	0	0	0	0	0	0	0	0	0	0	0	0	0	0
ASV5965	0	0	0	0	0	0	0	9.05018E-05	0	0	0	0	0	0	0	0	0	0	0	0	0	0	0	0	0	0	0
ASV5966	0	0	0	0	0	0	0	0	0	0	0	0	0	0	0	0	0	0	4.52509E-05	0	0	0	4.52509E-05	0	0	0	0
ASV5967	0	0	0	0	0	0	0	0	0	0	0	0	0	0	0	0	0	0	0	0	0	0	0	0	0	0	9.05018E-05
ASV5968	0	0	0	0	0	0	0	0	0	0	0	0	0	0	0	0	0	0	0	0	0	0	0	0	0	0	0.000181004
ASV5969	0	0	0	0	0	0	0	0	0	0	0	0	0	0	0	0	0	0	0	0	0	0	0	0	0	0	0.000135753
ASV5970	0	0	0	0	0	0	0	0	0	0	0	0	0	0	0	0	0	0	0	0	0	0	0	0	0	0	0.000135753
ASV6034	0	0	0	0	0	0	0	0	0	0	0	0	0	9.05018E-05	0	0	0	0	0	0	0	0	0	0	0	0	0
ASV6036	0	0	0	0	0	0	0	0	0	0	0	0	0	0.000135753	0	0	0	0	0	0	0	0	0	0	0	0	0
ASV6037	0	0	0	0	0	0	4.52509E-05	0	0	0	0	0	0	0	0	0	0	0	0	0	0	0	0	0	0	0	0
ASV6038	0	0	0	0	0	0	9.05018E-05	0	0	0	0	0	0	0	0	0	0	0	0	0	0	0	0	0	0	0	0
ASV6039	0	0	0	0	0	0	9.05018E-05	0	0	0	0	0	0	0	0	0	0	0	0	0	0	0	0	0	0	0	0
ASV6040	0	0	0	0	0	0	0	0	0	0	0	0	0	0	0	0	0	0	0	0	0	0	0	0	9.05018E-05	0	0
ASV6041	0	0	0	0	0	0	0	0	0	0	0	0	0	0	0	0	0	0	0	0	0	0	0	0	9.05018E-05	0	0
ASV6042	0	0	0	0	0	0	0	0	0	0	0	0	0	0	0	0	0	0	0	0	0	0	0	0	9.05018E-05	0	0
ASV6043	0	0	0	0	0	0	0	0	0	0	0	0	0	0	0	0	0	0	0	0	0	0	0	0	0.000135753	0	0
ASV6044	0	0	0	0	0	0	0	0	0	0	0	0	0	0	0	0	0	0	0	0	0	0	0	0	9.05018E-05	0	0
ASV6045	0	0	0	0	0	0	0	0	0	0	0	0	0	0	0	0	0	0	4.52509E-05	0	0	0	0	0	4.52509E-05	0	0
ASV6046	0	0	0	0	0	0	0	0	0	0	0	0	0	0	0	0	0	0	0	0	0	0	0	0	0.000135753	0	0
ASV6047	0	0	0	0	0	0	0	0	0	0	0	0	0	0	0	0	0	0	0	0	0	0	0	0	9.05018E-05	0	0
ASV6048	0	0	0	0	0	0	0	0	0	0	0	0	0	0	0	0	0	0	0	0	0	0	0	0	9.05018E-05	0	0
ASV6049	0	0	0	0	0	0	0	0	0	0	0	0	0	9.05018E-05	0	0	0	0	0	0	0	0	0	0	0	0	0
ASV6050	0	0	0	0	0	0	0	0	0	0	0	0	0	0.000135753	0	0	0	0	0	0	0	0	0	0	0	0	0
ASV6051	0	0	0	0	0	0	9.05018E-05	0	0	0	0	0	0	0	0	0	0	0	0	0	0	0	0	0	0	0	0
ASV6052	0	0	0	0	0	0	0	0	0	0	0	0	0	0.000135753	0	0	0	0	0	0	0	0	0	0	0	0	0
ASV6053	0	0	0	0	0	0	0	0	0	0	0	0	0	4.52509E-05	0	0	0	0	0	0	0	0	0	0	0	0	0
ASV6054	0	0	0	0	0	0	0	0	0	0	0	0	0	9.05018E-05	0	0	0	0	0	0	0	0	0	0	0	0	0
ASV6055	0	0	0	0	0	0	0	0	0.000181004	0	0	0	0	0	0	0	0	0	0	0	0	0	0	0	0	0	0
ASV6056	0	0	0	0	0	0	0	0	0.000135753	0	0	0	0	0	0	0	0	0	0	0	0	0	0	0	0	0	0
ASV6057	0	0	0	0	0	0	0	0	0.000181004	0	0	0	0	0	0	0	0	0	0	0	0	0	0	0	0	0	0
ASV6058	0	0	0	0	0	0	0	0	9.05018E-05	0	0	0	0	0	0	0	0	0	0	0	0	0	0	0	0	0	0
ASV6059	0	0	0	0	0	0	0	0	0.000135753	0	0	0	0	0	0	0	0	0	0	0	0	0	0	0	0	0	0
ASV6060	0	0	0	0	0	0	0	0	0.000135753	0	0	0	0	0	0	0	0	0	0	0	0	0	0	0	0	0	0
ASV6061	0	0	0	0	0	0	0	0	9.05018E-05	0	0	0	0	0	0	0	0	0	0	0	0	0	0	0	0	0	0
ASV6062	0	0	0	0	0	0	0	0	0	0	0	0	0	0	0	9.05018E-05	0	0	0	0	0	0	0	0	0	0	0
ASV6064	0	0	0	0	0	0	0	0	0	0	0	0	0	0	0	9.05018E-05	0	0	0	0	0	0	0	0	0	0	0
ASV6066	0	0	0	0	0	0	9.05018E-05	0	0	0	0	0	0	0	0	0	0	0	0	0	0	0	0	0	0	0	0
ASV6068	0	0	0	0	0	0	0	0	0	0	0	0	0	0	0	0	0	0	9.05018E-05	0	0	0	0	0	0	0	0
ASV6071	0	0	0	0	0.000135753	0	0	0	0	0	0	0	0	0	0	0	0	0	0	0	0	0	0	0	0	0	0
ASV6072	0	0	0	0	9.05018E-05	0	0	0	0	0	0	0	0	0	0	0	0	0	0	0	0	0	0	0	0	0	0
ASV6073	0	0	0	0	0.000135753	0	0	0	0	0	0	0	0	0	0	0	0	0	0	0	0	0	0	0	0	0	0
ASV6074	0	0	0	0	9.05018E-05	0	0	0	0	0	0	0	0	0	0	0	0	0	0	0	0	0	0	0	0	0	0
ASV6075	0	0	0	0	9.05018E-05	0	0	0	0	0	0	0	0	0	0	0	0	0	0	0	0	0	0	0	0	0	0
ASV6076	0	0	0	0	9.05018E-05	0	0	0	0	0	0	0	0	0	0	0	0	0	0	0	0	0	0	0	0	0	0
ASV6077	0	0	0	0	9.05018E-05	0	0	0	0	0	0	0	0	0	0	0	0	0	0	0	0	0	0	0	0	0	0
ASV6078	0	0	0	0	9.05018E-05	0	0	0	0	0	0	0	0	0	0	0	0	0	0	0	0	0	0	0	0	0	0
ASV6079	0	0	0	0	0	0	0	0	0	0	0	0	0	0	0	0	0	0	4.52509E-05	0	0	0	0	0	0	0	0
ASV6080	0	0	0	0	0	0	0	0	0	0	0	0	0	0	0	0	0	0	0.000181004	0	0	0	0	0	0	0	0
ASV6081	0	0	0	0	0	0	0	0	0	0	0	0	0	0	0	0	0	0	0.000135753	0	0	0	0	0	0	0	0
ASV6082	0	0	0	0	0	0	0	0	0	0	0	0	0	0	0	0	0	0	9.05018E-05	0	0	0	0	0	0	0	0
ASV6083	0	0	0	0	0	0	9.05018E-05	0	0	0	0	0	0	0	0	0	0	0	0	0	0	0	0	0	0	0	0
ASV6084	0	0	0	0	0	0	0	0	0	0	0	0	0	0	0	0	0	0	9.05018E-05	0	0	0	0	0	0	0	0
ASV6085	0	0	0	0	0	0	0	0	0	0	0	0	0	0	0	0	0	0	9.05018E-05	0	0	0	0	0	0	0	0
ASV6086	0	0	0	0	0	0	0	0	0	0	0	9.05018E-05	0	0	0	0	0	0	0	0	0	0	0	0	0	0	0
ASV6087	0	0	0	0	0	0	0	0	0	0	0	0.000135753	0	0	0	0	0	0	0	0	0	0	0	0	0	0	0
ASV6088	0	0	0	0	0	0	0	0	0	0	0	9.05018E-05	0	0	0	0	0	0	0	0	0	0	0	0	0	0	0
ASV6089	0	0	0	0	0	0	0	0	0	0	0	9.05018E-05	0	0	0	0	0	0	0	0	0	0	0	0	0	0	0
ASV6090	0	0	0	0	0	0	0	0	0	0	0	0.000135753	0	0	0	0	0	0	0	0	0	0	0	0	0	0	0
ASV6091	0	0	0	0	0	0	0	0	0	0	0	9.05018E-05	0	0	0	0	0	0	0	0	0	0	0	0	0	0	0
ASV6092	0	0	0	0	0	0	0	0	0	0	0	0.000135753	0	0	0	0	0	0	0	0	0	0	0	0	0	0	0
ASV6094	0	0	0	0	0	0	0	0	0	0	0	0.000135753	0	0	0	0	0	0	0	0	0	0	0	0	0	0	0
ASV6095	0	0	0	0	0	0	0.000135753	0	0	0	0	0	0	0	0	0	0	0	0	0	0	0	0	0	0	0	0
ASV6096	0	0	0	0	0	0	9.05018E-05	0	0	0	0	0	0	0	0	0	0	0	0	0	0	0	0	0	0	0	0
ASV6133	0	0	0	0	0	0	0	0	0	0	0	0	0	0	0	9.05018E-05	0	0	0	0	0	0	0	0	0	0	0
ASV6225	0	0	0	0	0	0	0	0	0	0	0	0	0	0	0	9.05018E-05	0	0	0	0	0	0	0	0	0	0	0
ASV6226	0	0	0	0	0	0	0	0	0	0	0	0	0	0	0	0	0	0	0	0	0	0	0	0	4.52509E-05	0	4.52509E-05
ASV6227	0	0	0	0	0	0	0	0	0	0	0	0	0	0	0	0.000135753	0	0	0	0	0	0	0	0	0	0	0
ASV6228	0	0	0	0	0	0	0	0	0	0	0	0	0	0	0	0	0	0	0	0	0	9.05018E-05	0	0	0	0	0
ASV6229	0	0	9.05018E-05	0	0	0	0	0	0	0	0	0	0	0	0	0	0	0	0	0	0	0	0	0	0	0	0
ASV6230	0	0	0.000181004	0	0	0	0	0	0	0	0	0	0	0	0	0	0	0	0	0	0	0	0	0	0	0	0
ASV6231	0	0	0	0	0	0	0	0	0	0	0	0	0	0	0	0	0	0	4.52509E-05	0	0	0	0	0	0	0	0
ASV6232	0	0	0	0	0	0	0	0	0	0	0	0	0	0	0	0	0	0	0	0	9.05018E-05	0	0	0	0	0	0
ASV6233	0	0	0	0	0	0	0	0	0	0	0	0	0	0	0	0	0	0	0	0	9.05018E-05	0	0	0	0	0	0
ASV6234	0	0	0	0	0	0	0	0	0	0	0	0	0	0	0	0	0	0	0	0	4.52509E-05	0	0	0	0	0	0
ASV6235	0	0	0	0	0	0	0	0	0	0	0	0	0	0	0	0	0	0	0	4.52509E-05	9.05018E-05	0	0	0	0	0	0
ASV6236	0	0	0	0	0	0	0	0	0	0	0	0	0	0	0	0	0	0	0	0	9.05018E-05	0	0	0	0	0	0
ASV6237	0	0	0	0	0	0	0	0	0	0	0	0	0	0	0	0	0	0	0	0	4.52509E-05	0	0	0	0	0	0
ASV6239	0	0	0	0	0	0	0	0	0	0	0	0	0	0	0	0	0	0	0	0	9.05018E-05	0	0	0	0	0	0
ASV6240	0	0	0	0	0	0	0	0	0	0	0	0	0	0	0	0	0	0	0	0	9.05018E-05	0	0	0	0	0	0
ASV6241	0	0	0	0	0	0	0	0	0	0	0	0	0	0	0	0	0	0	0	4.52509E-05	4.52509E-05	0	0	0	0	0	0
ASV6242	0	0	0	0	0	0	0	0	0	0	0	0	0	0	0	0	0	0	0	0	9.05018E-05	0	0	0	0	0	0
ASV6243	0	0	0	0	0	0	0	0	0	0	4.52509E-05	0	0	0	0	0	0	0	0	0	4.52509E-05	0	0	0	0	0	0
ASV6244	0	0	0	0	0	0	0	0	0	0	0	0	0	0	0	0	0	0	4.52509E-05	0	4.52509E-05	0	0	0	0	0	0
ASV6245	0	0	0	0	0	0	0	0	0	0	0	0	0	0	0	0	0	0	0	0	4.52509E-05	0	0	0	0	0	0
ASV6246	0	0	0	0	0	0	0	0	0	0	0	0	0	0	0	0	0	0	0	0	9.05018E-05	0	0	0	0	0	0
ASV6247	0	0	0	0	0	0	0	0	0	0	0	0	0	0	0	0	0	0	0	0	9.05018E-05	0	0	0	0	0	0
ASV6248	0	0	0	0	0	0	0	0	0	0	0	0	0	0	0	4.52509E-05	4.52509E-05	0	0	0	0	0	0	0	0	0	0
ASV6249	0	0	0	0	0	0	0	0	0	0	0	0	0	0	0	0	0.000181004	0	0	0	0	0	0	0	0	0	0
ASV6250	0	0	0	0	0	0	0	0	0	0	0	0	0	0	0	0	9.05018E-05	0	0	0	0	0	0	0	0	0	0
ASV6251	0	0	0	0	0	0	0	0	0	0	0	0	0	0	0	0	0.000135753	0	0	0	0	0	0	0	0	0	0
ASV6252	0	0	0	0	0	0	0	0	0	0	0	0	0	0	0	0	4.52509E-05	0	0	0	0	0	0	0	0	0	0
ASV6253	0	0	0	4.52509E-05	0	0	0	0	0	0	0	0	0	0	0	0	0	0	0	0	0	0	0	0	4.52509E-05	0	0
ASV6254	0	0	0	0	0	0	0	4.52509E-05	0	0	0	0	0	0	0	0	4.52509E-05	0	0	0	0	0	0	0	0	0	0
ASV6255	0	0	0	0	0	0	0	0	0	0	0	0	0	0	0	0	9.05018E-05	0	0	0	0	0	0	0	0	0	0
ASV6256	0	0	0	0	0	0	0	0	0	0	0	0	0	0	0	4.52509E-05	0	0	0	0	0	0	0	0	0	0	0
ASV6257	0	0	0	0	0	0	0	0	0	0	0	0	0	0	0	0	9.05018E-05	0	0	0	0	0	0	0	0	0	0
ASV6259	0	0	4.52509E-05	0	0	0	0	0	0	0	0	0	0	0	0	0	0	0	0	0	0	0	0	0	0	0	0
ASV6260	0	0	0	0	0	0	0	0	0	0	0	0	0	0	0	0	0	0	0	0	0	0	0	0.000226255	0	0	0
ASV6261	0	0	0	0	0	0	0	0	0	0.000135753	0	0	0	0	0	0	0	0	0	0	0	0	0	0	0	0	0
ASV6262	0	0	0	0	0	0	0	0	0	4.52509E-05	0	0	0	0	0	0	0	0	0	0	0	0	0	0	0	0	0
ASV6263	0	0	0	0	0	0	0	0	0	9.05018E-05	0	0	0	0	0	0	0	0	0	0	0	0	0	0	0	0	0
ASV6264	0	4.52509E-05	0	0	0	0	0	0	0	4.52509E-05	0	0	0	0	0	0	0	0	0	0	0	0	0	0	0	0	0
ASV6265	0	0	0	0	0	0	0	0	9.05018E-05	4.52509E-05	0	0	0	0	0	0	0	0	0	0	0	0	0	0	0	0	0
ASV6266	0	0	0	0	0	0	0	0	0	4.52509E-05	0	0	0	0	4.52509E-05	0	0	0	0	0	0	0	0	0	0	0	0
ASV6267	0	0	0	0	0	0	0	0	0	9.05018E-05	0	0	0	0	0	0	0	0	0	0	0	0	0	0	0	0	0
ASV6268	0	0	0	0	0	0	0	0	0	9.05018E-05	0	0	0	0	0	0	0	0	0	0	0	0	0	0	0	0	0
ASV6269	0	0	0	0	0	0	0	0	0	9.05018E-05	0	0	0	0	0	0	0	0	0	0	0	0	0	0	0	0	0
ASV6270	0	0	0	0	0	0	0	0	0	4.52509E-05	0	0	0	0	0	0	0	9.05018E-05	0	0	0	0	0	0	0	0	0
ASV6271	0	0	0	0	0	0	0	0	0	0	4.52509E-05	0	0	0	0	0	0	0	0	0	0	0	0	0	0	0	0
ASV6272	0	0	0	0	0	0	0	0	0	9.05018E-05	0	0	0	0	0	0	0	0	0	0	0	0	0	0	0	0	0
ASV6273	0	0	0	0	0	0	0	0	0	4.52509E-05	0	0	0	4.52509E-05	0	0	0	0	0	0	0	0	0	0	0	0	0
ASV6274	0	0	0	0	0	0	0	0	4.52509E-05	4.52509E-05	0	0	0	0	0	0	0	0	0	0	0	0	0	0	0	0	0
ASV6275	0	0	0	0	0	0	9.05018E-05	0	0	9.05018E-05	0	0	0	0	0	0	0	0	0	0	0	0	0	0	0	0	0
ASV6276	0	0	4.52509E-05	0	0	0	0	0	0	0	0	0	0	0	0	0	0	0	0	0	0	0	0	0	0	0	0
ASV6277	0	0	0	0	0	0	0	0	0	4.52509E-05	0	0	0	0	0.000226255	0	0	0	0	0	0	0	0	0	0	0	0
ASV6278	0	0	0	0	0	0	0	0	0	9.05018E-05	0	0	0	0	0	0	0	0	0	0	0	0	0	0	0	0	0
ASV6284	0	0	9.05018E-05	0	0	0	0	0	0	0	0	0	0	0	0	0	0	0	0	0	0	0	0	0	0	0	0
ASV6285	0	0	9.05018E-05	0	0	0	0	0	0	0	0	0	0	0	0	0	0	0	0	0	0	0	0	0	0	0	0
ASV6286	0	0	0.000135753	0	0	0	0	0	0	0	0	0	0	0	0	0	0	0	0	0	0	0	0	0	0	0	0
ASV6287	0	0	9.05018E-05	0	0	0	0	0	0	0	0	0	0	0	0	0	0	0	0	0	0	0	0	0	0	0	0
ASV6288	0	0	9.05018E-05	0	0	0	0	0	0	0	0	0	0	0	0	0	0	0	0	0	0	0	0	0	0	0	0
ASV6289	0	0	9.05018E-05	0	0	0	0	0	0	0	0	0	0	0	0	0	0	0	0	0	0	0	0	0	0	0	0
ASV6290	0	0	0	0	0	0	0	0	0	0	0	0	0	0	0	0	9.05018E-05	0	0	0	0	0	0	0	0	0	0
ASV6291	0	0	0	0	0	0	0	0	0	0	0	0	0	0	0	0	4.52509E-05	0	4.52509E-05	0	0	0	0	0	0	0	0
ASV6292	0	0	0	0	0	0	0	0	0	0	0	0	0	0	0	0	9.05018E-05	0	0	0	0	0	0	0	0	0	0
ASV6321	0	0	0	0	0	0	0	0	0	0	0	0	0	0	0	9.05018E-05	0	0	0	0	0	0	0	0	0	0	0
ASV6324	0	0	0	0	0	0	0	0	0	0	0	0	0	0	0	0	0.000135753	0	0	0	0	0	0	0	0	0	0
ASV6353	0	0	0	0	0	0	0	0	0	0	0	0	0	0	0	0	0	0	0	0	0	0	0	0	0	0	9.05018E-05
ASV6354	0	0	0	0	0	0	0	0	0	0	0	0	0	0	0	0	0	0	0	0	0	9.05018E-05	0	0	0	0	0
ASV6356	0	0	0	0	0	0	0	0	0	0	0	0	0	0	0	0	0	0	0	0	0	4.52509E-05	0	0	4.52509E-05	0	0
ASV6357	0	0	0	0	0	0	0	0	4.52509E-05	0	0	0	0	0	0	0	0	0	0	0	0	0	0	0	0	0	0
ASV6358	0	0	0	0	4.52509E-05	0	0	0	0	0	4.52509E-05	0	0	0	0	0	0	0	0	0	0	0	0	0	0	0	0
ASV6359	0	0	0	0	0	0	0	0	0	0	0.000135753	0	0	0	0	0	0	0	0	0	0	0	0	0	0	0	0
ASV6360	0	0	0	0	0	0	0	0	0	0	4.52509E-05	0	0	0	0	0	0	0	0	9.05018E-05	0	0	0	0	0	0	0
ASV6361	0	0	0	0	0	0	0	0	0	0	4.52509E-05	0	0	0	0	0	0	0	0	0	0	0	0	0	0	0	0
ASV6362	0	0	0	0	0	0	0	0	0	0	0.000135753	0	0	0	0	0	0	0	0	0	0	0	0	0	0	0	0
ASV6363	0	0	0	0	0	0	0	0	0	0	0.000135753	0	0	0	0	0	0	0	0	0	0	0	0	0	0	0	0
ASV6364	0	0	0	0	0	0	0	0	0	0	9.05018E-05	4.52509E-05	0	0	0	0	0	0	0	0	0	0	0	0	0	0	0
ASV6365	0	0	0	0	0	0	0	0	0	0	0.000135753	0	0	0	0	0	0	0	0	0	0	0	0	0	0	0	0
ASV6366	0	0	0	0	0	0	0	0	0	0	0	0	0	0	0	0	0	0.000135753	0	0	0	0	0	0	0	0	0
ASV6367	0	0	0	0	0	0	0	0	0	0	0	0	0	0	0	0	0	9.05018E-05	0	0	0	0	0	0	0	0	0
ASV6368	0	0	0	0	0	0	0	0	0	0	0	0	0	0	0	0	0	0.000226255	0	0	0	0	0	0	0	0	0
ASV6369	0	0	0	0	0	0	0	0	0	0	0	0	0	0	0	9.05018E-05	0	4.52509E-05	0	0	0	0	0	0	0	0	0
ASV6370	0	0	0	0	0	0	0	0	0	0	0	0	0	0	0	0	0	9.05018E-05	0	0	0	0	0	0	0	0	0
ASV6371	0	0	0	0	0	0	0	0	0	0	0	0	0	0	0	0	0	9.05018E-05	0	0	0	0	0	0	0	0	0
ASV6372	0	0	0	0	0	0	0	0	0	0	0	0	0	9.05018E-05	0	0	0	4.52509E-05	0	0	0	0	0	0	0	0	0
ASV6373	0	0	0	0	0	0	0	0	0	0	0	0	0	0	0	0	0	0.000181004	0	0	0	0	0	0	0	0	0
ASV6374	0	0	0	0	0	0	0	0	0	0	0	0	0	0	0	0	0	9.05018E-05	0	0	0	0	0	0	0	0	0
ASV6375	0	0	0	0	0	0	0	0	0	0	0	0	0	0	0	0	0	4.52509E-05	4.52509E-05	0	0	0	0	0	0	0	0
ASV6376	0	0	0	0	0	0	0	0	0	0	0	0	0	0	0	0	0	0.000135753	0	0	0	0	0	0	0	0	0
ASV6377	0	0	0	0	0	0	0	0	0	0	0	0	0	0	0	0	0	0.000135753	0	0	0	0	0	0	0	0	0
ASV6378	0	0	0	0	0	0	0	0	0	0	0	0	0	0	0	0	0	9.05018E-05	0	0	0	0	0	0	0	0	0
ASV6379	0	0.000135753	0	0	0	0	0	0	0	0	0	0	0	0	0	0	0	0	0	0	0	0	0	0	0	0	0
ASV6380	0	9.05018E-05	0	0	0	0	0	0	0	0	0	0	0	0	0	0	0	0	0	0	0	0	0	0	0	0	0
ASV6381	0	9.05018E-05	0	0	0	0	0	0	0	0	0	0	0	0	0	0	0	0	0	0	0	0	0	0	0	0	0
ASV6382	0	9.05018E-05	0	0	0	0	0	0	0	0	0	0	0	0	0	0	0	0	0	0	0	0	0	0	0	0	0
ASV6383	0	4.52509E-05	0	0	0	0	0	0	0	0	0	0	0	0	0	0	0	0	0	0	0	0	0	0	0	0	0
ASV6384	0	9.05018E-05	0	0	0	0	0	0	0	0	0	0	0	0	0	0	0	0	0	0	0	0	0	0	0	0	0
ASV6385	0	9.05018E-05	0	0	0	0	0	0	0	0	0	0	0	0	0	0	0	0	0	0	0	0	0	0	0	0	0
ASV6386	0	0.000135753	0	0	0	0	0	0	0	0	0	0	0	0	0	0	0	0	0	0	0	0	0	0	0	0	0
ASV6387	0	0	0	0	0	0	0	0	0	0	0.000135753	0	0	0	0	0	0	0	0	0	0	0	0	0	0	0	0
ASV6388	0	0	0	0	0	0	0	0	0	0	0.000135753	0	0	0	0	0	0	0	0	0	0	0	0	0	0	0	0
ASV6389	0	0	0	0	0	0	0	0	0	0	0.000135753	0	0	0	0	0	0	0	0	0	0	0	0	0	0	0	0
ASV6390	0	0	0	0	0	0	0	0	0	0	0	0	0	0	0	0	0	0	0	9.05018E-05	0	0	0	0	0	0	0
ASV6391	0	0	0	0	0	0	0	0	0	0	0	0	0	0	0	9.05018E-05	0	0	0	0	0	0	0	0	0	0	0
ASV6392	0	0	0	0	0	0	0	0	0	0	0	0	0	0	0	0	0	0	0	0	0	9.05018E-05	0	0	0	0	0
ASV6393	0	0	0	0	0	0	0	0	0	0	0	0	0	0	0	4.52509E-05	0	0	0	0	0	0	0	0	0	0	0
ASV6394	0	0	0	0	0	0	0	0	0	0	0	0	0	0	0	9.05018E-05	0	0	0	0	0	0	0	0	0	0	0
ASV6395	0	0	0	0	0	0	0	0	0	0	0	0	0	0	0	9.05018E-05	0	0	0	0	0	0	0	0	0	0	0
ASV6396	0	0	0	0	0	0	0	0	0	0	0	0	0	0	0	9.05018E-05	0	0	0	0	0	0	0	0	0	0	0
ASV6397	0	0	0	0	0	0	0	0	0	0	0	0	0	0	0	0	0	0	0	0	0	0	0	9.05018E-05	0	0	0
ASV6398	0	0	0	0	0	0	0	0	0	0	0	0	0	0	0	0	0	0	0	0	0	0	0	0.000135753	0	0	0
ASV6399	0	0	0	0	0	0	0	0	0	0	0	0	0	0	0	0	0	0	0	0	0	0	0	9.05018E-05	4.52509E-05	0	0
ASV6400	0	0	0	0	0	0	0	0	0	0	0	0	0	0	0	0	0	0	0	9.05018E-05	0	0	0	0	0	0	0
ASV6401	0	0	0	0	0	0	0	0	0	0	0	0	0	0	0	0	0	0	0	9.05018E-05	0	0	0	0	0	0	0
ASV6402	0	0	0	0	0	0	0	0	0	0	0	0	0	0	0	0	0	0	0	0.000135753	0	0	0	0	0	0	0
ASV6403	0	0	0	0	0	0	0	0	0	0	0	0	0	0	0	0	0	0	0	0.000135753	0	0	0	0	0	0	0
ASV6404	0	0	0	9.05018E-05	0	0	0	0	0	0	0	0	0	0	0	0	0	0	0	0	0	0	0	0	0	0	0
ASV6405	0	0	0	0	0	0	0	0	0	0	0.000135753	0	0	0	0	0	0	0	0	0	0	0	0	0	0	0	0
ASV6406	0	0	0	9.05018E-05	0	0	0	0	0	0	0	0	0	0	0	0	0	0	0	0	0	0	0	0	0	0	0
ASV6407	0	0	0	9.05018E-05	0	0	0	0	0	0	0	0	0	0	0	0	0	0	0	0	0	0	0	0	0	0	0
ASV6408	0	0	0	9.05018E-05	0	0	0	0	0	0	0	0	0	0	0	0	0	0	0	0	0	0	0	0	0	0	0
ASV6409	0	0	0	9.05018E-05	0	0	0	0	0	0	0	0	0	0	0	0	0	0	0	0	0	0	0	0	0	0	0
ASV6410	0	0	0	0	0	0	0	0	0	0	0	4.52509E-05	0	0	0	0	0	0	0	0	0	0	0	0	0	0	0
ASV6411	0	0	0	9.05018E-05	0	0	0	0	0	0	0	0	0	0	0	0	0	0	0	0	0	0	0	0	0	0	0
ASV6412	0	0	0	4.52509E-05	0	0	0	0	0	0	0	0	0	0	0	0	0	0	4.52509E-05	0	0	0	0	0	0	0	0
ASV6413	0	0	0	9.05018E-05	0	0	0	0	0	0	0	0	0	0	0	0	0	0	0	0	0	0	0	0	0	0	0
ASV6414	0	0	0	0	0	0	0	0	0	0	0	0	0	0	0	0	0	0	0	0	0	0	0.000135753	0	0	0	0
ASV6415	0	0	0	0	0	0	0	0	0	0	0	0	0	0	0	0	0	0	0	0	0	0	9.05018E-05	0	0	0	0
ASV6416	0	0	0	0	0	0	0	0	0	0	0	0	0	0	0	0	0	0	0	0	0	0	0.000135753	0	0	0	0
ASV6417	0	0	0	0	0	0	0	0	0	0	0	0	0	0	0	0	0	0	0	0	0	0	0.000135753	0	0	0	0
ASV6418	0	0	0	0	0	0	0	0	0	0	0	0	0	0	0	0	0	0	0	4.52509E-05	0	0	0	0	0	0	0
ASV6419	0	9.05018E-05	0	0	0	0	0	0	0	0	0	4.52509E-05	0	0	0	0	0	0	0	0	0	0	0	0	0	0	0
ASV6420	0	0	0	0	0	0	0	0	0	0	0	0	0	0	0	0	0	0	0	0	0	0	9.05018E-05	0	0	0	0
ASV6421	0	4.52509E-05	0	0	0	0	0	0	0	0	0	0	0	0	0	0	0	0	0	0	0	0	0	0	0	0	0
ASV6422	0	0	0	0	0	0	0	0	0	0	0	0	0	0	9.05018E-05	0	0	4.52509E-05	0	0	0	0	0	0	0	0	0
ASV6423	0	0	0	0	0	0	0	0	0	0	0	0	0	4.52509E-05	0	0	0	0	0	0	0	0	0	0	0	0	9.05018E-05
ASV6424	0	0	0	0	0	0	0	0	4.52509E-05	0	0	0	0	0	0	0	0	0	0	0	0	0	0	0	0	0	4.52509E-05
ASV6425	0	0	0	0	0	0	0	0	0	0	4.52509E-05	4.52509E-05	0	0	0	0	0	0	0	0	0	0	0	0	0	0	9.05018E-05
ASV6426	0	0	0	0	0	0	0	0	0	0	0	0	0	0	0	0	0	0	0	0	0	0	0	0	0	0	0.000135753
ASV6427	0	0	0	0	0	0	0	0	0	0	0	0	0	0	0	0	0	0	0	0	0	0	0	0	0	0	9.05018E-05
ASV6428	0	0	0	0	0	0	0	0	0	0	0	0	0	0	0	0	0	0	0	0	0	0	0	0	0	0	9.05018E-05
ASV6429	0	0	0	0	0	0	0	0	0	0	0	0	0	0	0	0	0	0	0	0	0	0	0	0	0	0	0.000135753
ASV6430	0	0	0	0	0	0	0	0	0	0	0	0	0	0	0	0	0	0	0	0	0	0	0	9.05018E-05	0	0	4.52509E-05
ASV6431	0	0	0	0	0	0	0	0	0	0	0	0	0	0	0	0	0	0	0	0	0	0	0	0	0	0	0.000135753
ASV6432	0	0	0	0	0	0	0	0	0	0	0	0	0	0	0	0	0	0	0	0	0	0	0	0	0	0.000135753	0
ASV6433	0	0	0	0	0	0	0	0	0	0	0	0	0	0	0	0	0	0	0	0	0	0	0	0	0	0.000135753	0
ASV6434	0	0	0	0	0	0	0	0	0	0	0	0	0	0	0	0	0	0	0	0	0	0	0	0	0	0.000135753	0
ASV6435	0	0	0	0	0	0	0	0	0	0	0	0	0	0	0	0	0	0	0	0	0	0	0	0	0	0.000135753	0
ASV6436	0	0	0	0	0	0	0	0	0	0	0	0	0	0	0.000135753	0	0	0	0	0	0	0	0	0	0	0	0
ASV6437	0	0	0	0	0	0	0	0	0	0	0	0	0	0	0	0	0	0	0	0	0	0	0	0	0	0	9.05018E-05
ASV6438	0	0	0	0	0	0	0	0	0	0	0	0	0	0	0.000135753	0	0	0	0	0	0	0	0	0	0	0	0
ASV6439	0	0	0	0	0	0	0	0	0	0	0	0	0	0	9.05018E-05	0	0	0	0	0	0	0	0	0	0	0	0
ASV6440	0	0	0	0	0	0	0	0	0	0	0	0	0	0	9.05018E-05	0	0	0	0	0	0	0	0	0	0	0	0
ASV6441	0	0	0	0	0	0	0	0	0	0	0	0	0	0	9.05018E-05	0	0	0	0	0	0	0	0	0	0	0	0
ASV6442	0	0	0	0	0	0	0	0	0	0	0	0	0	0	0	0	0	0	0	0	0	9.05018E-05	0	0	0	0	0
ASV6443	0	0	0	0	0	0	0	0	0	0	0	0	0	0	0	0	0	0	0	0	0	0.000226255	0	0	0	0	0
ASV6444	0	0	0	0	0	0	0	0	0	0	0	0	0	0	0	0	0	0	0	0	0	9.05018E-05	0	0	0	0	0
ASV6445	0	0	0	0	0	0	0	0	0	0	0	0	0	0	0	0	0	0	0	0	0	9.05018E-05	0	0	0	0	0
ASV6446	0	0	0	0	0	4.52509E-05	0	0	0	0	0	0	0	0	0	0	0	0	0	0	0	9.05018E-05	0	0	0	0	0
ASV6447	0	0	0	0	0	0	0	0	0	0	0	0	0	0	0	0	0	0	0	0	0	0.000135753	0	0	0	0	0
ASV6448	0	9.05018E-05	0	0	0	0	0	0	0	0	0	0	0	0	0	0	0	0	0	0	0	0	0	0	0	0	0
ASV6449	0	0	0	0	0	0	0	0	0	0	0	0	0	0	0	0	0	0	0	4.52509E-05	0	4.52509E-05	0	0	0	0	0
ASV6450	0	0	0	0	0	0	0	0	0	0	0	0	0	0	0	0	0	0	0	9.05018E-05	0	0	0	0	0	0	0
ASV6451	0	0	0	0	0	0	0	0	0	0	0	0	0	0	0	0	0	0	0	0	0	0	0	0	0	0	0.000135753
ASV6452	0	0	0	0	0	0	0	0	0	0	0	0	0	0	0	0	0	0	0	0	0	0	0	0	0	4.52509E-05	4.52509E-05
ASV6453	0	0	0	0	0	0	0	0	0	0	0	0	0	0	0	0	0	0	0	0	0	0	0	0	0	0	9.05018E-05
ASV6454	0	0	0	0	0	0	0	0	0	0	0	4.52509E-05	4.52509E-05	0	0	0	0	0	0	0	0	0	0	0	0	0	0
ASV6455	0	0	0	0	0	4.52509E-05	0	0	0	0	0	0	0	0	0	0	0	0	0	0	0	0	0	0	0	0	0
ASV6456	0	0	0	0	0	9.05018E-05	0	0	0	0	0	0	0	0	0	0	0	0	0	0	0	0	0	0	0	0	0
ASV6457	0	0	0	0	0	0	0	0	0	0	0	0	0	0	0	0	0	0	0	9.05018E-05	0	0	0	0	0	0	0
ASV6458	0	0	0	0	0	0.000135753	0	0	0	0	0	0	0	0	0	0	0	0	0	0	0	0	0	0	0	0	0
ASV6459	0	0	0	0	0.000135753	4.52509E-05	0	0	0	0	0	0	0	0	0	0	0	0	0	0	0	0	0	0	0	0	0
ASV6460	0	0	0	0	4.52509E-05	4.52509E-05	0	0	0	0	0	0	0	0	0	0	0	0	0	0	0	0	0	0	0	0	0
ASV6461	0	0	0	0	0	4.52509E-05	0	0	0	0	0	0	0	0	0	0	0	9.05018E-05	0	0	0	0	0	0	0	0	0
ASV6462	0	0	0	0	0	4.52509E-05	9.05018E-05	0	0	0	0	0	0	0	0	0	0	0	0	0	0	0	0	0	0	0	0
ASV6463	0	0	0	0	0	4.52509E-05	0	0	0	0	0	0	0	4.52509E-05	0	0	0	0	0	0	0	0	0	0	0	0	0
ASV6464	0	0	0	0	0	9.05018E-05	0	0	0	0	0	0	0	0	0	0	0	0	0	0	0	0	0	0	0	0	0
ASV6465	0	0	0	0	0	9.05018E-05	0	0	0	0	0	0	0	0	0	0	0	0	0	0	0	0	0	0	0	0	0
ASV6466	0	0	0	0	0	0	0	0	0	0	0	0	9.05018E-05	0	0	0	0	0	0	0	0	0	0	0	0	0	0
ASV6467	0	0	0	0	0	0	0	0	0	0	0	0	4.52509E-05	0	0	0	0	0	4.52509E-05	0	0	0	0	0	0	0	0
ASV6468	0	0	0	0	0	0	0	0	0	0	0	0	4.52509E-05	0	0	0	0	0	0	0	0	0	0	0	0	0	0
ASV6469	0	0	0	0	0	9.05018E-05	0	0	0	0	0	0	0	0	0	0	0	0	0	0	0	0	0	0	0	0	0
ASV6470	0	0	0	0	0	0.000135753	0	9.05018E-05	0	0	0	0	0	0	0	0	0	0	0	0	0	0	0	0	0	0	0
ASV6471	0	0	0	0	0	0	0	0	0	0	0	0	0.000135753	0	0	0	0	0	0	0	0	0	0	0	0	0	0
ASV6472	0	0	0	0	0	0	0	0	0	0	0	0	4.52509E-05	0	0	4.52509E-05	0	0	0	0	0	0	0	0	0	0	0
ASV6473	0	0	0	0	0	0	0	0	0	0	0	0	0.000135753	0	0	0	0	0	0	0	0	0	0	0	0	0	0
ASV6474	0	0	0	0	0	0	0	0	0	0	4.52509E-05	0	4.52509E-05	0	0	0	0	0	0	0	0	0	0	0	0	0	0
ASV6475	0	0	0	0	4.52509E-05	0	0	4.52509E-05	0	0	0	0	0	0	0	0	0	0	0	0	0	0	0	0	0	0	0
ASV6476	0	0	0	0	0	0	0	0	0	0	0	0	9.05018E-05	0	0	0	0	0	0	0	0	0	0	0	0	0	0
ASV6477	0	0	0	0	0	0	0	0	0	0	0	0	0.000135753	0	0	0	0	0	0	0	0	0	0	0	0	0	0
ASV6478	0	0	0	0	0	0	0	0.000135753	0	0	0	0	0	0	0	0	0	0	0	0	0	0	0	0	0	0	0
ASV6479	0	0	0	0	0	0	0	4.52509E-05	0	0	0	0	0	0	0	0	0	0	0	0	0	0	4.52509E-05	0	0	0	0
ASV6480	0	0	0	0	0	0	0	9.05018E-05	0	0	0	0	0	0	0	0	0	0	0	0	0	0	0	0	0	0	0
ASV6481	0	0	0	0	0	0	0	4.52509E-05	0	0	0	0	0	0	0	0	0	0	0	0	0	0	0	4.52509E-05	0	0	0
ASV6560	0	0	0	0	0	0	0	0	0	0	0	9.05018E-05	0	0	0	0	0	0	0	0	0	0	0	0	0	0	0
ASV6562	0	0	0	0	0	0	0	0	0	0	0	0	0	0	0	0	0	0	9.05018E-05	0	0	0	0	0	0	0	0
ASV6563	0	0	0	0	0	0	0	0	0	0	0	0	0	0	0	0	0	0	9.05018E-05	0	0	0	0	0	0	0	0
ASV6564	0	0	0	0	0	0	0	0	0	0	0	0	0	0	0	0	0	0	9.05018E-05	0	0	0	0	0	0	0	0
ASV6565	0	0	0	0	0	0	0	0	0	0	0	0	0	0	0	0	0	0	9.05018E-05	0	0	0	0	0	0	0	0
ASV6566	0	0	0	0	0	0	0	0	0	0	0	0	0	0	0	0	0	0	9.05018E-05	0	0	0	0	0	0	0	0
ASV6567	0	0	0	0	0	0	0	0	0	0	0	0	0	0	0	0	0	0	9.05018E-05	0	0	0	0	0	0	0	0
ASV6568	0	0	0	0	0	0	0	0	0	0	0	0	0	0	0	0	0	0	9.05018E-05	0	0	0	0	0	0	0	0
ASV6569	0	0	0	0	0	0	0	0	0	0	0	0	0	0	0	0	0	0	9.05018E-05	0	0	0	0	0	0	0	0
ASV6570	0	0	0	0	4.52509E-05	0	0	0	0	0	0	0	0	0	0	0	0	0	0	0	0	0	0	0	0	0	0
ASV6571	0	0	0	0	0	0	0	0	0	0	0	0	0	0	0	0	0	0	9.05018E-05	0	0	0	0	0	0	0	0
ASV6572	0	0	0	0	4.52509E-05	0	0	0	0	0	0	0	0	0	0	0	0	0	0	0	0	0	0	0	0	0	0
ASV6573	0	0	0	0	9.05018E-05	0	0	0	0	0	0	0	0	0	0	0	0	0	0	0	0	0	0	0	0	0	0
ASV6574	0	0	0	0	9.05018E-05	0	0	0	0	0	0	0	0	0	0	0	0	0	0	0	0	0	0	0	0	0	0
ASV6575	0	0	0	0	9.05018E-05	0	0	0	0	0	0	0	0	0	0	0	0	0	0	0	0	0	0	0	0	0	0
ASV6576	0	0	0	0	9.05018E-05	0	0	0	0	0	0	0	0	0	0	0	0	0	0	0	0	0	0	0	0	0	0
ASV6577	0	0	0	0	9.05018E-05	0	0	0	0	0	0	0	0	0	0	0	0	0	0	0	0	0	0	0	0	0	0
ASV6578	0	0	0	0	9.05018E-05	0	0	0	0	0	0	0	0	0	0	0	0	0	0	0	0	0	0	0	0	0	0
ASV6580	0	0	0	0	0	0	0	0	0	0	0	0	0	0	0	0	0	0	9.05018E-05	0	0	0	0	0	0	0	0
ASV6582	0	0	0	0	0	0	0	0	0	0	0	9.05018E-05	0	0	0	0	0	0	0	0	0	0	0	0	0	0	0
ASV6583	0	0	0	0	0	0	4.52509E-05	0	0	0	0	0	0	0	0	0	0	0	0	0	0	0	0	0	0	0	0
ASV6585	0	0	0	0	0	0	0.000135753	0	0	0	0	0	0	0	0	0	0	0	0	0	0	0	0	0	0	0	0
ASV6586	0	0	0	0	0	0	4.52509E-05	0	0	0	0	0	0	0	0	0	0	0	0	0	0	0	0	0	0	0	0
ASV6587	0	0	0	0	0	0	9.05018E-05	0	0	0	0	0	0	0	0	0	0	0	0	0	0	0	0	0	0	0	0
ASV6588	0	0	0	0	0	0	4.52509E-05	0	0	0	0	0	0	0	0	0	0	0	0	0	0	0	0	0	0	0	0
ASV6589	0	0	0	0	0	0	0.000135753	0	0	0	0	0	0	0	0	0	0	0	0	0	0	0	0	0	0	0	0
ASV6590	0	0	0	0	0	0	0	0	0	0	0	0.000135753	0	0	0	0	0	0	0	0	0	0	0	0	0	0	0
ASV6591	0	0	0	0	0	0	0	0	0	0	0	9.05018E-05	0	0	0	0	0	0	0	0	0	0	0	0	0	0	0
ASV6592	0	0	0	0	0	0	0	0	0	0	0	9.05018E-05	0	0	0	0	0	0	0	0	0	0	0	0	0	0	0
ASV6593	0	0	0	0	0	0	0	0	0	0	0	9.05018E-05	0	0	0	0	0	0	0	0	0	0	0	0	0	0	0
ASV6594	0	0	0	0	0	0	0	0	0	0	0	0.000135753	0	0	0	0	0	0	0	0	0	0	0	0	0	0	0
ASV6595	0	0	0	0	0	0	0	0	0	0	0	0.000135753	0	0	0	0	0	0	0	0	0	0	0	0	0	0	0
ASV6596	0	0	0	0	0	0	0	0	0	0	0	9.05018E-05	0	0	0	0	0	0	0	0	0	0	0	0	0	0	0
ASV6597	0	0	0	0	0	0	0	0	0	0	0	9.05018E-05	0	0	0	0	0	0	0	0	0	0	0	0	0	0	0
ASV6598	0	0	0	0	0	0	0	0	0	0	0	0.000135753	0	0	0	0	0	0	0	0	0	0	0	0	0	0	0
ASV6698	0	0	0	0	0	0	4.52509E-05	0	0	0	0	0	0	0	0	0	0	0	0	0	0	0	0	0	0	0	0
ASV6799	0	0	0	0	0	0	0.000135753	0	0	0	0	0	0	0	0	0	0	0	0	0	0	0	0	0	0	0	0
ASV6801	0	0	0	0	0	0	4.52509E-05	0	0	0	0	0	0	0	0	0	0	0	0	0	0	0	0	0	0	0	0
ASV6802	0	0	4.52509E-05	0	0	0	0	0	0	0	0	0	0	0	0	0	0	0	0	0	0	0	0	0	0	0	4.52509E-05
ASV6803	0	0	0	0	0	0	0	0	0	0	0	0	0	0	0	0	0	0	0	0	9.05018E-05	0	0	0	0	0	0
ASV6804	0	0	0	0	0	0	0	0	0	0	0	0	0	0	0	0	0	0	0	0	4.52509E-05	0	0	0	0	0	0
ASV6805	0	0	0	0	0	0	0	0	0	0	0	0	0	0	0	0	0	4.52509E-05	0	0	0	0	0	0	0	0	0
ASV6806	0	0	0	0	0	0	0	0	0	0	0	0	0	0	0	0	0	0	0	0	9.05018E-05	0	0	0	0	0	0
ASV6807	0	0	4.52509E-05	0	0	0	0	4.52509E-05	0	0	0	0	0	0	0	0	0	0	0	0	0	0	0	0	0	0	0
ASV6808	0	0	0.000135753	0	0	0	0	0	0	0	0	0	0	0	0	0	0	0	0	0	0	0	0	0	0	0	0
ASV6809	0	0	9.05018E-05	0	0	0	0	0	0	0	0	0	0	0	0	0	0	0	0	0	0	0	0	0	0	0	0
ASV6810	0	0	4.52509E-05	0	0	0	0	0	0	0	0	4.52509E-05	0	0	0	0	0	0	0	0	0	0	0	0	0	0	0
ASV6811	0	0	0	0	0	0	0	0	0	0	0	0	0	0	0	0	0	0	0	0	4.52509E-05	0	0	0	0	0	0
ASV6812	0	0	4.52509E-05	0	0	0	0	0	0	0	0	0	0	0	0	0	0	0	0	0	0	0	0	0	0	0	0
ASV6813	0	0	4.52509E-05	0	0	0	0	0	0	0	0	0	0	0	0	0	0	0	0	0	0	0	0	0	0	0	0
ASV6814	0	0	4.52509E-05	0	0	0	0	0	0	0	0	0	0	0	0	0	0	0	0	4.52509E-05	0	0	0	0	0	0	0
ASV6816	0	0	0	0	0	0	0	4.52509E-05	0	0	0	0	0	0	0	0	0	0	0	0	0	0	0	0	0	0	0
ASV6817	0	0	9.05018E-05	0	0	0	0	0	0	0	0	0	0	0	0	0	0	0	0	0	0	0	0	0	0	0	0
ASV6819	0	0	0	0	0	0	0	0	0	0	0	0	0	0	0	0	0	0	0	0	4.52509E-05	0	0	0	0	0	0
ASV6820	0	0	0	0	0	0	0	0	0	0	0	0	0	0	0	0	0	0	0	0	4.52509E-05	0	0	0	0	0	0
ASV6822	0	0	0	0	0	0	0	0	0	0	0	0	0	0	0	0	9.05018E-05	0	0	0	0	0	0	0	0	0	0
ASV6823	0	4.52509E-05	0	0	0	0	0	0	0	0	0	0	0	0	0	0	4.52509E-05	0	0	0	0	0	0	0	0	0	0
ASV6824	0	0	0	0	0	0	0	0	0	0	0	0	0	0	0	0	9.05018E-05	0	0	0	0	0	0	0	0	0	0
ASV6825	0	0	0	0	0	0	0	0	0	0	0	0	0	0	0	0	9.05018E-05	0	0	0	0	0	0	0	0	0	0
ASV6826	0	0	0	0	0	0	0	0	0	0	0	0	0	0	0	0	4.52509E-05	0	0	0	0	0	0	0	0	0	0
ASV6827	0	0	0	0	0	0	0	0	0	0	0	0	0	0	0	0	0	0	0	0	4.52509E-05	0	0	0	0	0	0
ASV6828	0	0	0	0	0	0	0	0	0	0	0	0	0	0	9.05018E-05	0	4.52509E-05	0	0	0	0	0	0	0	0	0	0
ASV6829	0	0	0	0	0	0	0	0	0	0	0	0	0	0	0	0	9.05018E-05	0	0	0	0	0	0	0	0	0	0
ASV6830	0	0	0	0	0	0	0	0	0	0	0	0	0	0	0	0	9.05018E-05	0	0	0	0	0	0	0	0	0	0
ASV6831	0	0	0	0	0	0	0	0	0	0	0	0	0	0	0	0	0	0	0	0	4.52509E-05	0	0	0	4.52509E-05	0	0
ASV6832	0	0	0	0	0	0	0	0	0	0	0	0	0	0	0	0	9.05018E-05	0	0	0	0	0	0	0	0	0	0
ASV6833	0	0	0	0	0	0	0	0	0	0	0	0	0	0	0	0	0	0	0	0	4.52509E-05	0	0	0	0	0	0
ASV6834	0	0	0	0	0	0	0	0	0	0	0	0	0	0	0	0	0	0	0	0	9.05018E-05	0	0	0	0	0	0
ASV6835	0	0	0	0	0	0	0	0	0	0	0	0	0	0	0	0	0	0	0	0	4.52509E-05	0	0	0	0	0	0
ASV6836	0	0	0	0	0	0	0	0	0	0	0	0	0	0	0	0	0	0	0	0	9.05018E-05	0	0	0	0	0	0
ASV6837	0	0	0	0	0	0	0	0	0	0	0	0	0	0	0	0	0	0	0	0	4.52509E-05	0	0	0	0	0	0
ASV6838	0	0	0	0	0	0	0	0	0	0	0	0	0	0	0	0	0	0	0	0	0.000226255	0	0	0	0	0	0
ASV6842	0	0	0	0	0	0	0	0	0	0	0	0	0	0	9.05018E-05	0	0	0	0	0	0	0	0	0	0	0	0
ASV6843	0	0	0	0	0	0	0	0	0	0	0	0	0	0	0	0	0	0	0	0	0	4.52509E-05	9.05018E-05	0	0	0	0
ASV6844	0	0	0	0	0	0	0	0	0	0	0	0	0	0	0	0	0	0	0	0	0	4.52509E-05	0	0	0	0	0
ASV6845	0	0	0	0	0	0	0	0	0	0	0	0	0	0	0	0	0	0	0	0	0	9.05018E-05	0	0	0	0	0
ASV6846	0	0	0	0	0	0	0	0	0	0	0	0	0	0	0	0	0	0	0	0	0	9.05018E-05	0	0	0	0	0
ASV6847	0	0	0	0	0	0	0	0	0	0	0	0	0	0	4.52509E-05	0	0	0	0	0	0	0	0	0	0	0	0
ASV6848	0	0	0	0	0	0	0	0	0	0	0	0	0	0	9.05018E-05	0	0	0	0	0	0	0	0	0	0	0	0
ASV6849	0	0	0	0	0	0	0	0	0	0	0	0	0	0	4.52509E-05	0	0	0	0	0	0	0	0	0	0	0	0
ASV6850	0	0	0	0	0	0	0	0	0	0	0	0	0	0	0.000135753	0	0	0	0	0	0	0	0	0	0	0	0
ASV6851	0	0	0	0	0	0	0	0	0	9.05018E-05	0	0	0	0	0	0	0	0	0	0	0	0	0	0	0	0	0
ASV6852	0	0	0	0	0	0	0	0	0	0	0	0	0	0	9.05018E-05	0	0	0	0	0	0	0	0	0	0	0	0
ASV6853	0	0	0	0	0	0	0	0	0	0	0	0	0	0	4.52509E-05	0	0	0	0	0	0	0	0	0	0	0	0
ASV6854	0	0	0	0	0	0	0	0	0	0	0	0	0	0	9.05018E-05	0	0	0	0	0	0	0	0	0	0	0	0
ASV6855	0	0	0	0	0	0	0	0	0	0	0	0	0	0	9.05018E-05	0	0	0	0	0	0	0	0	0	0	0	0
ASV6856	0	0	0	0	0	0	0	0	0	0	0	0	0	0	0.000135753	0	0	0	0	0	0	0	0	0	0	0	0
ASV6857	0	0	0	0	0	0	0	0	0	0	0	0	0	0	0.000135753	0	0	0	0	0	0	0	0	0	0	0	0
ASV6858	0	0	0	0	0	0	0	0	0	0	0	0	0	0	9.05018E-05	0	0	0	0	0	0	0	0	0	0	0	0
ASV6859	0	0	0	0	0	0	0	0	0	0	0	0	0	0	0	0	0	0	0	0	0	9.05018E-05	0	0	0	0	0
ASV6860	0	0	0	0	0	0	0	0	0	0.000135753	0	0	0	0	0	0	0	0	0	0	0	0	0	0	0	0	0
ASV6871	0	0	0	0	0	0	0	0	0	4.52509E-05	0	0	0	0	0	0	0	0	0	0	0	0	0	0	0	0	0
ASV6872	0	0	0	0	0	0	0	0	0	9.05018E-05	0	0	0	0	0	0	0	0	0	0	0	0	0	0	0	0	0
ASV6873	0	0	0	0	0	0	0	0	0	9.05018E-05	0	0	0	0	0	0	0	0	0	0	0	0	0	0	0	0	0
ASV6874	0	0	0	0	0	0	0	0	0	9.05018E-05	0	0	0	0	0	0	0	0	0	0	0	0	0	0	0	0	0
ASV6875	0	0	0	0	0	0	0	0	0	0	0	0	0	0	0	0	0	0	0	4.52509E-05	0	0	0	0	0	0	0
ASV6876	0	0	0	0	0	0	0	0	0	4.52509E-05	0	0	0	0	0	0	0	0	0	0	0	0	0	4.52509E-05	0	0	0
ASV6877	0	0	0	0	0	0	0	0	0	9.05018E-05	0	0	0	0	0	0	0	0	0	0	0	0	0	0	0	0	0
ASV6878	0	0	0	0	0	0	0	0	0	4.52509E-05	4.52509E-05	0	0	0	0	0	0	0	0	0	0	0	0	0	0	0	0
ASV6881	0	0	0	0	0	0	0	0	0	0	0	0	0	0	0	0	0	0	0	0	0	0	0	0	0	9.05018E-05	0
ASV6903	0	0	0	0	0	0	9.05018E-05	0	0	0	0	0	0	0	0	0	0	0	0	0	0	0	0	0	0	0	0
ASV6915	0	0	0	0	0	0	0	0	0	0	0	0	4.52509E-05	0	0	0	0	0	0	0	0	0	0	0	0	0	0
ASV6952	0	0	0	0	0	0	0	0	0	0	0	0	0	0	0	0	0	0	0	0	0	0	0	0	4.52509E-05	0	0
ASV6953	0	0	0	0	0	0	0	0	0	0	0	0	0	0	0	4.52509E-05	0	0	0	0	0	0	0	0	0	0	0
ASV6959	0	0	0	0	0	0	0	0	0	0	0	0	0	0	0	0	0	0	0	0	0	0	0	0	0	9.05018E-05	0
ASV6961	0	0	0	0	0	0	0	0	0	0	0	0	0	0	0	0	0	0	0	0	0	0	0	0	0	9.05018E-05	0
ASV6962	0	0	0	0	0	0	0	0	0	0	0	0	0	0	0	0.000135753	0	0	0	0	0	0	0	0	0	0	0
ASV6963	0	0	0	0	0	0	0	0	0	0	0	0	0	0	0	0	0	0	0	4.52509E-05	0	0	0	0	0	0	0
ASV6964	0	0	0	0	0	0	0	0	0	0	0	0	0	0	0	0	0	0	0	0	0	0	0	9.05018E-05	4.52509E-05	0	0
ASV6965	0	0	0	0	0	0	0	0	0	0	0	0	0	0	0	0	0	0	0	0	0	0	0	9.05018E-05	0	0	0
ASV6966	0	0	0	0	0	0	0	0	0	0	0	0	0	0	0	0	0	0	0	0	0	0	0	0	4.52509E-05	0	0
ASV6967	0	0	0	0	0	0	0	0	0	0	0	0	0	0	0	0	0	0	0	0	0	0	0	0.000135753	0	0	0
ASV6968	0	0	0	0	0	0	0	0	0	0	0	0	0	0	0	0	0	0	0	0	0	0	0	9.05018E-05	0	0	0
ASV6969	0	0	0	0	0	0	0	0	0	0	0	0	0	0	0	0	0	0	0	0	0	0	0	0	4.52509E-05	0	0
ASV6970	0	0	0	0	0	0	0	0	0	0	0	0	0	0	0	4.52509E-05	0	0	0	0	0	0	0	0	0	0	0
ASV6971	0	0	0	0	0	0	0	0	0	0	0	0	0	0	0	0	0	0	0	9.05018E-05	0	0	0	0	0	0	0
ASV6972	0	0	0	0	0	0	0	0	0	0	0	0	0	0	0	0.000181004	0	0	0	0	0	0	0	0	0	0	0
ASV6973	0	0	0	0	0	0	0	0	0	0	0	0	0	0	0	9.05018E-05	0	0	0	0	0	0	0	0	0	0	0
ASV6974	0	0	0	0	0	0	0	0	0	0	0	0	0	0	0	0.000135753	0	0	0	0	0	0	0	0	0	0	0
ASV6975	0	0	0	0	0	0	0	0	0	0	0	0	0	0	0	4.52509E-05	0	0	0	0	0	0	0	0	0	0	0
ASV6976	0	0	0	0	0	0	0	0	0	0	0	0	0	0	0	9.05018E-05	0	0	0	0	0	0	0	0	0	0	0
ASV6977	0	0	0	0	0	0	0	0	0	0	0	0	0	0	0	0.000135753	0	0	0	0	0	0	0	0	0	0	0
ASV6978	0	0	0	0	0	0	0	0	9.05018E-05	0	0	0	0	0	0	0	0	0	0	0	0	0	0	0	0	0	0
ASV6979	0	0	0	0	0	0	0	0	0	0	0	0	0	0	0	4.52509E-05	0	0	0	9.05018E-05	0	0	0	0	0	0	0
ASV6980	0	0	0	0	0	0	4.52509E-05	0	0	0	0	0	0	0	0	0	0	0	0	0	0	0	0	0	0	0	0
ASV6981	0	0	0	0	0	0	0	0	9.05018E-05	0	0	0	0	0	0	0	0	0	0	0	0	0	0	0	0	0	0
ASV6982	0	0	0	9.05018E-05	0	0	0	0	0	0	0	0	0	0	0	0	0	0	0	0	0	0	0	0	0	0	0
ASV6983	0	0	0	9.05018E-05	0	0	0	0	0	0	0	0	0	0	0	0	0	0	0	0	0	0	0	0	0	0	0
ASV6984	0	0	0	9.05018E-05	4.52509E-05	0	0	0	0	0	0	0	0	0	0	0	0	0	0	0	0	0	0	0	0	0	0
ASV6985	0	0	0	0.000181004	0	0	0	0	0	0	0	0	0	0	0	0	0	0	0	0	0	0	0	0	0	0	0
ASV6986	0	0	0	9.05018E-05	0	0	0	0	0	0	0	0	0	0	0	0	0	0	0	0	0	0	0	0	0	0	0
ASV6987	0	0	0	9.05018E-05	0	0	0	0	0	0	0	4.52509E-05	0	0	0	0	0	0	0	0	0	0	0	0	0	0	0
ASV6988	0	0	0	4.52509E-05	0	0	4.52509E-05	0	0	0	0	0	0	0	0	0	0	0	0	0	0	0	0	0	0	0	0
ASV6989	0	0	0	4.52509E-05	0	0	0	0	0	0	0	0	0	0	0	0	0	0	0	0	0	0	0	0	0	0	0
ASV6990	0	0	0	0.000135753	0	0	0	0	0	0	0	0	0	0	0	0	0	0	0	0	0	0	0	0	0	0	0
ASV6991	0	0	0	0	0	0	0	0	0	0	0	0	0	0	0	0	0	0	9.05018E-05	4.52509E-05	0	0	0	0	0	0	0
ASV6992	0	0	0	0	0	0	0	0	0	0	0	0	0	0	0	0	0	0	0	0	0	0	0	4.52509E-05	0	0	0
ASV6993	0	0	0	0	0	0	0	0	0	0	0	0	0	0	0	0	0	0	0	0.000135753	0	0	0	0	0	0	0
ASV6994	0	0	0	0	0	0	0	0	0	0	0	0	0	0	0	0	0	0	0	4.52509E-05	0	0	0	0	0	0	0
ASV6995	0	0	0	0	0	0	0	0	0	0	0	0	0	0	0	0	0	0	0	4.52509E-05	0	0	0	0	0	0	0
ASV6996	0	0	0	0	0	0	0	0	0	0	0	0	0	0	0	0	0	0	0	0.000135753	0	0	0	0	0	0	0
ASV6997	0	0	0	0	0	0	0	0	0	0	0	0	0	0	0	0	0	0	0	9.05018E-05	0	0	0	0	0	0	0
ASV6998	0	0	0	0	0	0	0	0	0	0	0	0	0	0	0	0	0	0	0	9.05018E-05	0	0	0	0	0	0	0
ASV6999	0	0	0	0	0	0	0	0	9.05018E-05	0	0	0	0	0	0	0	0	0	0	0	0	0	0	0	0	0	0
ASV7000	0	0	0	0	0	0	0	0	0.000135753	0	0	0	0	0	0	0	0	0	0	0	0	0	0	0	0	0	0
ASV7001	0	0	0	0	0	0	0	0	0	0	0	0	0	0	0	0	0	0	0	0	0	0	0.000181004	0	0	0	0
ASV7002	0	0	0	0	0	0	0	0	0	0	0	0	0	0	0	0	0	0	0	0	0	0	0	0	4.52509E-05	0	0
ASV7003	0	0	0	0	0	0	0	0	0	0	0	0	0	0	0	0	0	0	0	0	0	0	0	0	9.05018E-05	0	0
ASV7005	0	0	0	0	0	0	0	0	0	0	0	0	0	0	0	0	0	0	0.000135753	0	0	0	0	0	0	0	0
ASV7006	0	0	0	0	0	0	0	0	0	0	0	0	0	0	0	0	0	0	0	0	0	0	0	0	4.52509E-05	0	0
ASV7007	0	0	0	0	0	0	0	0	0	0	0	0	0	0	0	0	0	0	0	0	0	0	0	0	4.52509E-05	0	0
ASV7008	0	0	0	0	0	0	0	0	0	0	0	0	0	0	0	0	0	0	0	0	0	0	0	0	4.52509E-05	0	0
ASV7009	0	0	0	0	0	0	0	0	0	0	0	0	0	0	0	0	0	0	0	0	0	0	0	0	4.52509E-05	0	0
ASV7010	0	0	0	0	0	0	0	0	0	0	0	0	0	0	0	0	0	0	0	0	0	0	0	0	0.000181004	0	0
ASV7011	0	0	0	0	0	0	0	0	0	0	0	0	0	0	0	0	0	0	0	0	0	0	0	0	4.52509E-05	0	0
ASV7012	0	0	0	0	0	0	0	0	0	0	0	0	0	0	0	0	0	0	0	0	0	0	0	0	9.05018E-05	0	0
ASV7013	0	0	0	0	0	0	0	0	0	0	0	0	0	0	0	0	0	0	0	0	0	0	0	0	0.000135753	0	0
ASV7014	0	0	0	0	0	0	4.52509E-05	0	0	0	0	0	0	0	0	0	0	0	0	0	0	0	0	0	0	0	0
ASV7015	0	0	0	0	0	0	4.52509E-05	0	0	0	0	0	0	0	0	0	0	0	0	0	0	0	0	0	0	0	0
ASV7016	0	0	0	0	0	0	9.05018E-05	0	0	0	0	0	0	0	0	0	0	0	0	0	0	0	0	0	0	0	0
ASV7017	0	0	0	0	0	0	0	0	0	0	0	0	0	0	0	0	0	0	0	0	0	0	0	0	0	0.000135753	0
ASV7018	0	0	0	0	0	0	9.05018E-05	0	0	0	0	0	0	0	0	0	0	0	0	0	0	0	0	0	0	0	0
ASV7019	0	0	0	0	0	0	0	0	0	0	0	0	0	0	0	0	0	0	0	0	0	0	0	0	4.52509E-05	0	0
ASV7020	0	0	0	0	0	0	0	0	0	0	0	0	0	0	0	0	0	0	0	0	0	0	0	0	4.52509E-05	0	0
ASV7021	0	0	0	0	0	0	0	0	9.05018E-05	0	0	0	0	0	0	0	0	0	0	0	0	0	0	0	0	0	0
ASV7022	0	0	0	0	0	0	0	0	0	0	0	0	0	9.05018E-05	0	0	0	0	0	0	0	0	0	0	0	0	0
ASV7023	0	0	0	0	0	0	0	0	9.05018E-05	0	0	0	0	0	0	0	0	0	0	0	0	0	0	0	0	0	0
ASV7024	0	0	0	0	0	0	0	0	0.000135753	0	0	0	0	0	0	0	0	0	0	0	0	0	0	0	0	0	0
ASV7025	0	0	0	0	0	0	0	0	0.000135753	0	0	0	0	0	0	0	0	0	0	0	0	0	0	0	0	0	0
ASV7026	0	0	0	0	0	0	0	0	0.000135753	0	0	0	0	0	0	0	0	0	0	0	0	0	0	0	0	0	0
ASV7027	0	0	0	0	0	0	0	0	0.000135753	0	0	0	0	0	0	0	0	0	0	0	0	0	0	0	0	0	0
ASV7028	0	0	0	0	0	0	0	0	0.000135753	0	0	0	0	0	0	0	0	0	0	0	0	0	0	0	0	0	0
ASV7029	0	0	0	0	0	0	0	0	4.52509E-05	0	0	0	0	0	0	0	0	0	9.05018E-05	0	0	0	0	0	0	0	0
ASV7030	0	0	0	0	0	0	0	0	0	0	0	0	0	9.05018E-05	0	0	0	0	0	0	0	0	0	0	0	0	0
ASV7031	0	0	0	0	0	0	0	0	0	0	0	0	0	0	0	0	0	0	0	0	0	0	0	0	4.52509E-05	0	0
ASV7032	0	0	0	0	0	0	0	0	0	0	0	0	0	9.05018E-05	0	0	0	0	0	0	0	0	0	0	0	0	0
ASV7033	0	0	0	0	0	0	0	0	0	0	0	0	0	9.05018E-05	0	0	0	0	0	0	0	0	0	0	0	0	0
ASV7034	0	0	0	0	0	0	0	0	0	0	0	0	0	9.05018E-05	0	0	0	0	0	0	0	0	0	0	0	0	0
ASV7035	0	0	0	0	0	0	0	0	0	0	0	0	0	9.05018E-05	0	0	0	0	0	0	0	0	0	0	0	0	0
ASV7036	0	0	0	0	0	0	0	0	0	0	0	0	0	9.05018E-05	0	0	0	0	0	0	0	0	0	0	0	0	0
ASV7037	0	0	0	0	0	0	0	0	0	0	0	0	0	9.05018E-05	0	0	0	0	0	0	0	0	0	0	0	0	0
ASV7038	0	0	0	0	0	0	0	0	0	0	0	0	0	9.05018E-05	0	0	0	0	0	0	0	0	0	0	0	0	0
ASV7039	0	0	0	0	0	0	0	0	0	0	0	0	0	0	0	0	0	0	0	0	0	0	9.05018E-05	0	0	0	0
ASV7040	0	0	0	0	0	0	0	0	9.05018E-05	0	0	0	0	0	0	0	0	0	0	0	0	0	0	0	0	0	0
ASV7041	0	0	0	0	0	0	0	0	0	0	0	0	0	0	0	0	0	0	0	0	0	0	4.52509E-05	0	0	0	0
ASV7042	0	0	0	0	0	9.05018E-05	0	0	0	0	0	0	0	0	0	0	0	0	0	0	0	0	0	0	0	0	0
ASV7043	0	0	0	0	0	0	0	4.52509E-05	0	0	0	0	0	0	0	0	0	0	0	0	0	0	0	0	0	0	0
ASV7044	0	0	0	0	0	0	0	4.52509E-05	0	0	0	0	0	0	0	0	0	0	0	0	0	0	0	0	0	0	0
ASV7045	0	0	0	0	0	0	0	9.05018E-05	0	0	0	0	0	0	0	0	0	0	0	0	0	0	0	0	0	0	0
ASV7046	0	0	0	0	0	0	0	4.52509E-05	0	0	0	0	4.52509E-05	0	0	0	0	0	0	0	0	0	0	0	0	0	0
ASV7047	0	0	0	0	0	0	0	0	9.05018E-05	0	0	0	0	0	0	0	0	0	0	0	0	0	0	0	0	0	0
ASV7048	0	0	0	0	0	0	0	4.52509E-05	0	0	4.52509E-05	0	0	0	0	0	0	0	0	0	0	0	0	0	0	0	0
ASV7049	0	0	0	0	0	0	0	4.52509E-05	0	0	0	0	0	0	0	0	0	0	0	0	0	0	0	0	0	0	0
ASV7050	0	0	0	0	0	0	0	4.52509E-05	0	0	0	0	0	0	0	0	0	0	0	0	0	0	0	0	0	0	0
ASV7051	0	0	0	0	0	0	0	9.05018E-05	0	0	0	0	0	0	0	0	0	0	0	0	0	0	0	0	0	0	0
ASV7052	0	0	0	0	0	0	0	0	0	0	0	0	4.52509E-05	4.52509E-05	0	0	0	0	0	0	0	0	0	0	0	0	0
ASV7053	0	0	0	0	0	0	0	0	0	0	0	0	9.05018E-05	0	0	0	0	0	0	0	0	0	0	0	0	0	0
ASV7054	0	0	0	0	0	0	0	0	0	0	0	0	9.05018E-05	0	0	0	0	0	0	0	0	0	0	0	0	0	0
ASV7055	0	0	0	0	0	0	0	0	0	0	0	0	4.52509E-05	0	0	0	0	0	0	0	0	0	0	0	0	0	0
ASV7056	0	0	0	0	0	0	0	0	0	0	0	0	9.05018E-05	0	0	0	0	0	0	0	0	0	0	0	0	0	0
ASV7057	0	0	0	0	0	0	0	0	0	0	0	0	9.05018E-05	0	0	0	0	0	0	0	0	0	0	0	0	0	0
ASV7058	0	0	0	0	0	0	0	0	0	0	0	0	0.000135753	0	0	0	0	0	0	0	0	0	0	0	0	0	0
ASV7059	0	0	0	0	0	0	0	0	0	0	0	0	9.05018E-05	0	0	0	0	0	0	0	0	0	0	0	0	0	0
ASV7060	0	0	0	0	0	0	0	4.52509E-05	0	0	0	0	0	0	0	0	0	0	0	0	0	0	0	0	0	0	0
ASV7061	0	0	0	0	0	0	0	4.52509E-05	0	0	0	0	0	0	0	0	0	0	0	0	0	0	0	0	0	0	0
ASV7062	0	0	0	0	0	0	0	0	0	0	0	0	0	0	0	0	0	0	0	0	0	0	0	0	0	0	9.05018E-05
ASV7063	0	0	0	0	0	0	0	0	0	0	0	0	0	0	0	0	0	0	0	0	0	0	0	0	0	0	9.05018E-05
ASV7064	0	0	0	0	0	0	0	0	0	0	0	0	0	0	0	0	0	0	9.05018E-05	0	0	0	0	0	0	4.52509E-05	0
ASV7065	0	0	0	0	0	0	0	0	0	0	0	0	0	0	0	0	0	0	0	0	0	0	0	0	0	0.000135753	0
ASV7066	0	0	0	0	0	0	0	0	0	0	0	0	0	0	0	0	0	0	0	0	0	0	9.05018E-05	0	0	0	0
ASV7067	0	0	0	0	0	0	0	0	0	0	0	0	0	0	0	0	0	0	0	0	0	0	0	0	0	0.000135753	0
ASV7068	0	0	0	0	0	0	0	0	0	0	0	0	0	0	0	0	0	0	0	0	0	0	0	0	0	4.52509E-05	0
ASV7069	0	0	0	0	0	0	0	0	0	0	0	0	0	0	0	0	0	0	0	0	0	0	0	0	0	0	9.05018E-05
ASV7070	0	0	0	0	0	0	0	0	0	0	0	0	0	0	0	0	0	0	0	0	0	0	0	0	0	0	9.05018E-05
ASV7071	0	0	0	0	0	0	0	0	0	0	0	0	0	0	0	0	0	0	0	0	0	0	0	0	0	0	4.52509E-05
ASV7072	0	0	0	0	0	0	0	0	0	0	0	0	0	0	0	0	0	0	0	0	0	0	0	0	0	0	0.000135753
ASV7073	0	0	0	0	0	0	0	0	0	0	0	0	0	0	0	0	0	0	0	0	0	0	0	0	0	0	9.05018E-05
ASV7074	0	0	0	0	0	0	0	0	0	0	0	0	0	0	0	0	0	0	0	0	0	0	0	0	0	0	9.05018E-05
ASV7075	0	0	0	0	0	0	0	0	0	0	0	0	0	0	0	0	0	0	0	0	0	0	0	0	0	0	0.000135753
ASV7076	0	0	0	0	0	0	0	0	0	0	0	0	0	0	0	0	0	0	0	0	0	0	0	0	0	0	9.05018E-05
ASV7077	0	0	0	0	0	0	0	0	0	0	0	0	0	0	0	0	0	0	0	0	0	0	0	0	0	0	4.52509E-05
ASV7078	0	0	0	0	0	0	0	0	0	0	0	0	0	0	0	0	0	0	0	0	0	0	0	0	0	0	9.05018E-05
ASV7079	0	0	0	0	0	0	0	0	0	0	0	0	0	0	0	0	0	0	0	0	0	0	0	0	0	0	9.05018E-05
ASV7080	0	0	0	0	0	0	0	0	0	0	0	0	9.05018E-05	0	0	0	0	0	0	0	0	0	0	0	0	0	0
ASV7081	0	0	0	0	0	0	0	0	0	0	0	0	0	0	0	0	0	0	0	0	0	0	0	0	0	0	9.05018E-05
ASV7082	0	0	0	0	0	9.05018E-05	0	0	0	0	0	0	0	0	0	0	0	0	0	0	0	0	0	0	0	0	0
ASV7083	0	0	0	0	0	0	0	0	0	0	9.05018E-05	0	0	0	0	0	0	0	0	0	0	0	0	0	0	0	0
ASV7084	0	0	0	0	0	0	0	0	0	0	0	0	0	0	0	0	0	9.05018E-05	0	0	0	0	0	0	0	0	0
ASV7085	0	0	0	0	0	0	0	0	0	0	0	0	0	0	0	0	0	9.05018E-05	0	0	0	0	0	0	0	0	0
ASV7086	0	0	0	0	0	0	0	0	0	0	0	0	0	0	0	0	0	9.05018E-05	0	0	0	0	0	0	0	0	0
ASV7087	0	0	0	0	0	0	0	0	0	0	0	0	0	0	0	0	0	9.05018E-05	0	0	0	0	0	0	0	0	0
ASV7088	0	0	0	0	0	0	0	0	0	0	0	0	0	0	0	0	0	9.05018E-05	0	0	0	0	0	0	0	0	0
ASV7089	0	0	0	0	0	0	0	0	0	0	9.05018E-05	0	0	0	0	0	0	0	0	0	0	0	0	0	0	0	0
ASV7090	0	0	0	0	0	0	0	0	0	0	9.05018E-05	0	0	0	0	0	0	0	0	0	0	0	0	0	0	0	0
ASV7091	0	0	0	0	0	0	0	0	0	0	0.000135753	0	0	0	0	0	0	0	0	0	0	0	0	0	0	0	0
ASV7092	0	0.000135753	0	0	0	0	0	0	0	0	0	0	0	0	0	0	0	0	0	0	0	0	0	0	0	0	0
ASV7093	0	0	0	0	0	0	0	0	0	0	0.000135753	0	0	0	0	0	0	0	0	0	0	0	0	0	0	0	0
ASV7094	0	0	0	0	0	0	0	0	0	0	4.52509E-05	0	0	0	0	0	0	0	0	0	0	0	0	0	0	0	0
ASV7095	0	0	0	0	0	0	0	0	0	0	9.05018E-05	0	0	0	0	0	0	0	0	0	0	0	0	0	0	0	0
ASV7096	0	0	0	0	0	0	0	0	0	0	0.000135753	0	0	0	0	0	0	0	0	0	0	0	0	0	0	0	0
ASV7097	0	0	0	0	0	9.05018E-05	0	0	0	0	0	0	0	0	0	0	0	0	0	0	0	0	0	0	0	0	0
ASV7098	0	0	0	0	0	0	0	0	0	0	0	0	0	0	0	0	0	0	0	0	0	0	9.05018E-05	0	0	0	0
ASV7099	0	0	0	0	0	0	0	0	0	0	0	0	0	0	0	0	0	0	0	0	0	0	0.000135753	0	0	0	0
ASV7100	0	0	0	0	0	0	0	0	0	0	0	0	0	0	0	0	0	0.000135753	0	0	0	0	0	0	0	0	0
ASV7101	0	0	0	0	0	0	0	0	0	0	4.52509E-05	0	0	0	0	0	0	0	0	4.52509E-05	0	0	0	0	0	0	0
ASV7102	0	9.05018E-05	0	0	0	0	0	0	0	0	0	0	0	0	0	0	0	0	0	0	0	0	0	0	0	0	0
ASV7103	0	0	0	0	0	9.05018E-05	0	0	0	0	0	0	0	0	0	0	0	0	0	0	0	0	0	0	0	0	0
ASV7104	0	0	0	0	0	0	0	0	0	0	0	0	0	0	0	0	0	0	0	0	0	0	0	0	4.52509E-05	0	0
ASV7105	0	0	0	0	0	9.05018E-05	0	0	0	0	0	0	0	0	0	0	0	0	0	0	0	0	0	0	0	0	0
ASV7106	0	0	0	0	0	9.05018E-05	0	0	0	0	0	0	0	0	0	0	0	0	0	0	0	0	0	0	0	0	0
ASV7107	0	9.05018E-05	0	0	0	0	0	0	0	0	0	0	0	0	0	0	0	0	0	0	0	0	0	0	0	0	0
ASV7108	0	0	0	0	0	0	0	0	4.52509E-05	0	0	0	0	0	0	0	0	0	0	0	0	0	0	0	0	0	0
ASV7109	0	0	0	0	0	4.52509E-05	0	0	0	0	0	0	0	0	0	0	0	0	0	0	0	0	0	0	0	0	0
ASV7110	0	0	0	0	0	9.05018E-05	0	0	0	0	0	0	0	0	0	0	0	0	0	0	0	0	0	0	0	0	0
ASV7111	0	0	0	0	0	9.05018E-05	0	0	0	0	0	0	0	0	0	0	0	0	0	0	0	0	0	0	0	0	0
ASV7112	0	0	0	0	0	0	0	0	0	0	0	0	0	0	0	0	0	0	0	0	0	0	9.05018E-05	0	0	0	0
ASV7113	0	0	0	0	0	9.05018E-05	0	0	0	0	0	0	0	0	0	0	0	0	0	0	0	0	0	0	0	0	0
ASV7114	0	0	0	0	0	9.05018E-05	0	0	0	0	0	0	0	0	0	0	0	0	0	0	0	0	0	0	0	0	0
ASV7115	0	9.05018E-05	0	0	0	0	0	0	0	0	0	0	0	0	0	0	0	0	0	0	0	0	0	0	0	0	0
ASV7116	0	9.05018E-05	0	0	0	0	0	0	0	0	0	0	0	0	0	0	0	0	0	0	0	0	0	0	0	0	0
ASV7117	0	9.05018E-05	0	0	0	0	0	0	0	0	0	0	0	0	0	0	0	0	0	0	0	0	0	0	0	0	0
ASV7118	0	4.52509E-05	0	9.05018E-05	0	0	0	0	0	0	0	0	0	0	0	0	0	0	0	0	0	0	0	0	0	0	0
ASV7222	0	0	0	0	0	0	0	0	0	0	0	0	0	0	0	0	0	0	0	0	0	0	0	0	9.05018E-05	0	0
ASV7224	0	0	0	0	0	0	0	0	0	0	0	9.05018E-05	0	0	0	0	0	0	0	0	0	0	0	0	0	0	0
ASV7225	0	0	0	0	0	0	4.52509E-05	0	0	0	0	0	0	0	0	0	0	0	0	0	0	0	0	0	0	0	0
ASV7226	0	0	0	0	0	0	4.52509E-05	0	0	0	0	0	0	0	0	0	0	0	0	0	0	0	0	0	0	0	0
ASV7227	0	0	0	0	0	0	4.52509E-05	0	0	0	0	0	0	0	0	0	0	0	0	0	0	0	0	0	0	0	0
ASV7228	0	0	0	0	0	0	0.000135753	0	0	0	0	0	0	0	0	0	0	0	0	0	0	0	0	0	0	0	0
ASV7229	0	0	0	0	0	0	4.52509E-05	0	0	0	0	0	0	0	0	0	0	0	0	0	0	0	0	0	0	0	0
ASV7230	0	0	0	0	0	0	4.52509E-05	0	0	0	0	0	0	0	0	0	0	0	0	0	0	0	0	0	0	0	0
ASV7231	0	0	0	0	0	0	4.52509E-05	0	0	0	0	0	0	0	0	0	0	0	0	0	0	0	0	0	0	0	0
ASV7232	0	0	0	0	0	0	4.52509E-05	0	0	0	0	0	0	0	0	0	0	0	0	0	0	0	0	0	0	0	0
ASV7233	0	0	0	0	0	0	4.52509E-05	0	0	0	0	0	0	0	0	0	0	0	0	0	0	0	0	0	0	0	0
ASV7234	0	0	0	0	0	0	9.05018E-05	0	0	0	0	0	0	0	0	0	0	0	0	0	0	0	0	0	0	0	0
ASV7235	0	0	0	0	0	0	4.52509E-05	0	0	0	0	0	0	0	0	0	0	0	0	0	0	0	0	0	0	0	0
ASV7236	0	0	0	0	0	0	9.05018E-05	0	0	0	0	0	0	0	0	0	0	0	0	0	0	0	0	0	0	0	0
ASV7237	0	0	0	0	0	0	4.52509E-05	0	0	0	0	0	0	0	0	0	0	0	0	0	0	0	0	0	0	0	0
ASV7238	0	0	0	0	0	0	9.05018E-05	0	0	0	0	0	0	0	0	0	0	0	0	0	0	0	0	0	0	0	0
ASV7239	0	0	0	0	0	0	9.05018E-05	0	0	0	0	0	0	0	0	0	0	0	0	0	0	0	0	0	0	0	0
ASV7240	0	0	0	0	0	0	4.52509E-05	0	0	0	0	0	0	0	0	0	0	0	0	0	0	0	0	0	0	0	0
ASV7241	0	0	0	0	0	0	0	0	0	0	0	4.52509E-05	0	0	0	0	0	0	0	0	0	0	0	0	0	0	0
ASV7242	0	0	0	0	0	0	0	0	0	0	0	4.52509E-05	0	0	0	0	0	0	0	0	0	0	0	0	0	0	0
ASV7243	0	0	0	0	0	0	0	0	0	0	0	4.52509E-05	0	0	0	0	0	0	0	0	0	0	0	0	0	0	0
ASV7244	0	0	0	0	0	0	0	0	0	0	0	9.05018E-05	0	0	0	0	0	0	0	0	0	0	0	0	0	0	0
ASV7245	0	0	0	0	0	0	0	0	0	0	0	4.52509E-05	0	0	0	0	0	0	0	0	0	0	0	0	0	0	0
ASV7246	0	0	0	0	0	0	0	0	0	0	0	4.52509E-05	0	0	0	0	0	0	0	0	0	0	0	0	0	0	0
ASV7247	0	0	0	0	0	0	0	0	0	0	0	9.05018E-05	0	0	0	0	0	0	0	0	0	0	0	0	0	0	0
ASV7248	0	0	0	0	0	0	0	0	0	0	0	0	0	0	0	0	0	0	0	0	0	0	0	0	4.52509E-05	0	0
ASV7249	0	0	0	0	0	0	0	0	0	0	0	0	0	0	0	0	0	0	0	0	0	0	0	0	9.05018E-05	0	0
ASV7250	0	0	0	0	0	0	0	0	0	0	0	0	0	0	0	0	0	0	0	0	0	0	0	0	9.05018E-05	0	0
ASV7251	0	0	0	0	0	0	0	0	0	0	0	0	0	0.000135753	0	0	0	0	0	0	0	0	0	0	0	0	0
ASV7253	0	0	0	0	0	0	0	0	0.000181004	0	0	0	0	0	0	0	0	0	0	0	0	0	0	0	0	0	0
ASV7254	0	0	0	0	0	0	0	0	9.05018E-05	0	0	0	0	0	0	0	0	0	0	0	0	0	0	0	0	0	0
ASV7255	0	0	0	0	0	0	0	0	0	0	0	0	0	9.05018E-05	0	0	0	0	0	0	0	0	0	0	0	0	0
ASV7256	0	0	0	0	0	0	0	0	0	0	0	0	0	4.52509E-05	0	0	0	0	0	0	0	0	0	0	0	0	0
ASV7257	0	0	0	0	0	0	0	0	0	0	0	0	0	4.52509E-05	0	0	0	0	0	0	0	0	0	0	0	0	0
ASV7258	0	0	0	0	0	0	0	0	0	0	0	0	0	4.52509E-05	0	0	0	0	0	0	0	0	0	0	0	0	0
ASV7259	0	0	0	0	0	0	0	0	0	0	0	0	0	4.52509E-05	0	0	0	0	0	0	0	0	0	0	0	0	0
ASV7260	0	0	0	0	0	0	0	0	0	0	0	0	0	4.52509E-05	0	0	0	0	0	0	0	0	0	0	0	0	0
ASV7261	0	0	0	0	0	0	0	0	0	0	0	0	0	4.52509E-05	0	0	0	0	0	0	0	0	0	0	0	0	0
ASV7262	0	0	0	0	0	0	0	0	0	0	0	0	0	9.05018E-05	0	0	0	0	0	0	0	0	0	0	0	0	0
ASV7264	0	0	0	0	0	0	0	0	0	0	0	0	0	9.05018E-05	0	0	0	0	0	0	0	0	0	0	0	0	0
ASV7265	0	0	0	0	0	0	0	0	0	0	0	0	0	9.05018E-05	0	0	0	0	0	0	0	0	0	0	0	0	0
ASV7266	0	0	0	0	0	0	0	0	0	0	0	0	0	0.000135753	0	0	0	0	0	0	0	0	0	0	0	0	0
ASV7267	0	0	0	0	0	0	0	0	0	0	0	0	0	4.52509E-05	0	0	0	0	0	0	0	0	0	0	0	0	0
ASV7268	0	0	0	0	0	0	0	0	0	0	0	0	0	0	0	0	0	0	0	0	0	0	0	0	4.52509E-05	0	0
ASV7269	0	0	0	0	0	0	0	0	0	0	0	0	0	0	0	0	0	0	0	0	0	0	0	0	4.52509E-05	0	0
ASV7270	0	0	0	0	0	0	0	0	0	0	0	0	0	0	0	0	0	0	0	0	0	0	0	0	4.52509E-05	0	0
ASV7271	0	0	0	0	0	0	0	0	0	0	0	0	0	0	0	0	0	0	0	0	0	0	0	0	9.05018E-05	0	0
ASV7272	0	0	0	0	0	0	0	0	0	0	0	0	0	0	0	0	0	0	0	0	0	0	0	0	4.52509E-05	0	0
ASV7273	0	0	0	0	0	0	0	0	0	0	0	0	0	0	0	0	0	0	0	0	0	0	0	0	9.05018E-05	0	0
ASV7274	0	0	0	0	0	0	0	0	0	0	0	0.000181004	0	0	0	0	0	0	0	0	0	0	0	0	0	0	0
ASV7275	0	0	0	0	0	0	0	0	0	0	0	9.05018E-05	0	0	0	0	0	0	0	0	0	0	0	0	0	0	0
ASV7277	0	0	0	0	0	0	0	0	0	0	0	9.05018E-05	0	0	0	0	0	0	0	0	0	0	0	0	0	0	0
ASV7301	0	0	0	0	0.000181004	0	0	0	0	0	0	0	0	0	0	0	0	0	0	0	0	0	0	0	0	0	0
ASV7302	0	0	0	0	4.52509E-05	0	0	0	0	0	0	0	0	0	0	0	0	0	0	0	0	0	0	0	0	0	0
ASV7303	0	0	0	0	9.05018E-05	0	0	0	0	0	0	0	0	0	0	0	0	0	0	0	0	0	0	0	0	0	0
ASV7304	0	0	0	0	0	0	0	0	0	0	0	0	0	0	0	0	0	0	9.05018E-05	0	0	0	0	0	0	0	0
ASV7305	0	0	0	0	0	0	0	0	0	0	0	9.05018E-05	0	0	0	0	0	0	0	0	0	0	0	0	0	0	0
ASV7306	0	0	0	0	0	0	0	0	0	0	0	0	0	0	0	0	0	0	9.05018E-05	0	0	0	0	0	0	0	0
ASV7307	0	0	0	0	0	0	0	0	0	0	0	0	0	0	0	0	0	0	9.05018E-05	0	0	0	0	0	0	0	0
ASV7308	0	0	0	0	0	0	0	0	0	0	0	0	0	0	0	0	0	0	4.52509E-05	0	0	0	0	0	0	0	0
ASV7309	0	0	0	0	0	0	0	0	0	0	0	0	0	0	0	0	0	0	4.52509E-05	0	0	0	0	0	0	0	0
ASV7310	0	0	0	0	0	0	0	0	0	0	0	0	0	0	0	0	0	0	4.52509E-05	0	0	0	0	0	0	0	0
ASV7311	0	0	0	0	0	0	0	0	0	0	0	0	0	0	0	0	0	0	4.52509E-05	0	0	0	0	0	0	0	0
ASV7312	0	0	0	0	0	0	0	0	0	0	0	0	0	0	0	0	0	0	4.52509E-05	0	0	0	0	0	0	0	0
ASV7313	0	0	0	0	0	0	0	0	0	0	0	0	0	0	0	0	0	0	9.05018E-05	0	0	0	0	0	0	0	0
ASV7314	0	0	0	0	0	0	0	0	0	0	0	0	0	0	0	0	0	0	9.05018E-05	0	0	0	0	0	0	0	0
ASV7315	0	0	0	0	0	0	0	0	0	0	0	0	0	0	0	0	0	0	0.000135753	0	0	0	0	0	0	0	0
ASV7316	0	0	0	0	4.52509E-05	0	0	0	0	0	0	0	0	0	0	0	0	0	0	0	0	0	0	0	0	0	0
ASV7317	0	0	0	0	0	0	0	0	0	0	0	0	0	0	0	0	0	0	4.52509E-05	0	0	0	0	0	0	0	0
ASV7318	0	0	0	0	9.05018E-05	0	0	0	0	0	0	0	0	0	0	0	0	0	0	0	0	0	0	0	0	0	0
ASV7319	0	0	0	0	0.000135753	0	0	0	0	0	0	0	0	0	0	0	0	0	0	0	0	0	0	0	0	0	0
ASV7320	0	0	0	0	4.52509E-05	0	0	0	0	0	0	0	0	0	0	0	0	0	0	0	0	0	0	0	0	0	0
ASV7321	0	0	0	0	9.05018E-05	0	0	0	0	0	0	0	0	0	0	0	0	0	0	0	0	0	0	0	0	0	0
ASV7322	0	0	0	0	4.52509E-05	0	0	0	0	0	0	0	0	0	0	0	0	0	0	0	0	0	0	0	0	0	0
ASV7323	0	0	0	0	9.05018E-05	0	0	0	0	0	0	0	0	0	0	0	0	0	0	0	0	0	0	0	0	0	0
ASV7324	0	0	0	0	4.52509E-05	0	0	0	0	0	0	0	0	0	0	0	0	0	0	0	0	0	0	0	0	0	0
ASV7325	0	0	0	0	4.52509E-05	0	0	0	0	0	0	0	0	0	0	0	0	0	0	0	0	0	0	0	0	0	0
ASV7326	0	0	0	0	4.52509E-05	0	0	0	0	0	0	0	0	0	0	0	0	0	0	0	0	0	0	0	0	0	0
ASV7330	0	0	0	0	0	0	0	0	9.05018E-05	0	0	0	0	0	0	0	0	0	0	0	0	0	0	0	0	0	0
ASV7539	0	0	0	0	0	0	0	0	0.000135753	0	0	0	0	0	0	0	0	0	0	0	0	0	0	0	0	0	0
ASV7541	0	0	0	0	0	0	0	0	0.000135753	0	0	0	0	0	0	0	0	0	0	0	0	0	0	0	0	0	0
ASV7542	0	0	0	0	0	0	4.52509E-05	0	0	0	0	0	0	0	0	0	0	0	0	0	0	0	0	0	0	0	0
ASV7543	0	0	0	0	0	0	0	0	0	0	0	0	0	0	0	0	0	0	0	0	9.05018E-05	0	0	0	0	0	0
ASV7544	0	0	0	0	0	0	0	0	0	0	0	0	0	0	0	0	0	0	0	0	4.52509E-05	0	0	0	0	0	0
ASV7545	0	0	0	0	0	0	0	0	0	0	0	0	0	0	0	0	0	0	0	0	4.52509E-05	0	0	0	0	0	0
ASV7546	0	0	0	0	0	0	0	0	0	0	0	0	0	0	0	0	0	0	0	0	4.52509E-05	0	0	0	0	0	0
ASV7547	0	0	0	0	0	0	0	0	0	0	0	0	0	0	0	0	0	0	0	0	4.52509E-05	0	0	0	0	0	0
ASV7548	0	0	0	0	0	9.05018E-05	0	0	0	0	0	0	0	0	0	0	0	0	0	0	0	0	0	0	0	0	0
ASV7549	0	0	0	0	0	0	0	0	0	0	0	0	0	0	0	0	0	0	0	0	0.000135753	0	0	0	0	0	0
ASV7550	0	0	0	0	0	0	0	0	0	0	0	0	0	0	0	0	0	0	0	0	9.05018E-05	0	0	0	0	0	0
ASV7551	0	0	0	0	0	0	0	0	0	0	0	0	0	0	0	0	0	0	0	0	4.52509E-05	0	0	0	0	0	0
ASV7552	0	0	0	0	0	0	0	0	0	0	0	0	0	4.52509E-05	0	0	0	0	0	0	4.52509E-05	0	0	0	0	0	0
ASV7553	0	0	0	0	0	0	0	0	0	0	0	0	0	0	0	0	0	0	0	0	4.52509E-05	0	0	0	0	0	0
ASV7554	0	0	0	0	0	0	0	0	0	0	0	4.52509E-05	0	0	0	0	0	0	0	0	4.52509E-05	0	0	0	0	0	0
ASV7555	0	0	0	0	0	0	0	0	0	0	0	0	0	0	0	0	0	0	0	0	9.05018E-05	0	0	0	0	0	0
ASV7556	0	0	0	0	0	0	0	0	0	0	0	0	0	0	0	0	0	0	0	0	9.05018E-05	0	0	0	0	0	0
ASV7557	0	0	0	0	0	0	0	0	0	0	0	0	0	0	0	0	0	0	0	0	4.52509E-05	0	0	0	0	0	0
ASV7558	0	0	0	0	0	0	0	0	0	0	0	0	0	0	0	0	0	0	0	0	9.05018E-05	0	0	0	0	0	0
ASV7559	0	0	0	0	0	0	0	0	0	0	0	0	0	0	0	0	0	0	0	0	4.52509E-05	0	0	0	0	0	0
ASV7560	0	0	0	0	0	0	0	0	0	0	0	0	0	0	0	0	0	0	0	0	4.52509E-05	0	0	0	0	0	0
ASV7561	0	0	0	0	0	0	0	0	0	0	0	0	0	0	0	0	0	0	0	0	4.52509E-05	0	0	0	0	0	0
ASV7562	0	0	9.05018E-05	0	0	0	0	0	0	0	0	0	0	0	0	0	0	0	0	0	0	0	0	0	0	0	0
ASV7563	0	0	4.52509E-05	0	0	0	0	0	0	0	0	0	0	0	0	0	0	0	0	0	0	0	0	0	0	0	0
ASV7564	0	0	4.52509E-05	0	0	0	0	0	0	0	0	0	0	0	0	0	0	0	0	0	0	0	0	0	0	0	0
ASV7565	0	0	4.52509E-05	0	0	0	0	0	0	0	0	0	0	0	0	0	0	0	0	0	0	0	0	0	0	0	0
ASV7566	0	0	0	0	0	0	0	0	0	0	0	0	0	0	0	0	0	0	0	0	9.05018E-05	0	0	0	0	0	0
ASV7567	0	0	0	0	0	0	0	0	0	0	0	0	0	0	0	0	0.000135753	0	0	0	0	0	0	0	0	0	0
ASV7568	0	0	0	0	0	0	0	0	0	0	0	0	0	0	0	0	9.05018E-05	0	0	0	0	0	0	0	0	0	0
ASV7569	0	0	0	0	0	0	0	0	0	0	0	0	0	0	0	0	4.52509E-05	0	0	0	0	0	0	0	0	0	0
ASV7578	0	0	0	0	0	0	0	0	0	0	0	0	0	0	0	0	0	0	0	0	0	0	0	0	0	0	4.52509E-05
ASV7579	0	0	0	0	0	0	0	0	0	0	0	0	0	0	0	0	4.52509E-05	0	0	0	4.52509E-05	0	0	0	0	0	0
ASV7580	0	0	0	0	0	0	0	0	0	0	0	9.05018E-05	0	0	0	0	0.000135753	0	0	0	0	0	0	0	0	0	0
ASV7581	0	0	0	0	0	0	0	0	0	0	0	0	0	0	0	0	9.05018E-05	0	0	0	0	0	0	0	0	0	0
ASV7582	0	0	0	0	0	0	0	0	0	0	0	0	0	0	0	0	9.05018E-05	0	0	0	0	0	0	0	0	0	0
ASV7583	0	0	0	0	0	0	0	0	0	0	0	0	0	0	0	0	9.05018E-05	0	0	0	0	0	0	0	0	0	0
ASV7585	0	0	0	0	0	0	0	0	0	0	0	0	0	0	0	0	0.000226255	0	0	0	0	0	0	0	0	0	0
ASV7586	0	0	0	0	0	0	0	0	0	0	0	0	0	0	0	0	4.52509E-05	0	0	0	0	0	0	0	0	0	0
ASV7587	0	0	0	0	0	0	0	0	0	0	0	0	0	0	0	0	4.52509E-05	0	0	0	0	0	0	0	0	0	0
ASV7588	0	0	0	0	0	0	0	0	0	0	0	0	0	0	0	0	4.52509E-05	0	0	0	0	0	0	0	0	0	0
ASV7589	0	0	0	0	0	0	0	0	0	0	0	0	0	0	0	0	4.52509E-05	0	0	0	0	0	0	0	0	0	0
ASV7590	0	0	0	0	0	0	0	0	0	0	0	0	0	0	0	0	4.52509E-05	0	0	0	0	0	0	0	0	0	0
ASV7591	0	0	0	0	0	0	0	0	0	0	0	0	0	0	0	0	0.000181004	0	0	0	0	0	0	0	0	0	0
ASV7592	0	0	4.52509E-05	0	0	0	0	0	0	0	0	0	0	0	0	0	0	0	0	0	0	0	0	0	0	0	0
ASV7593	0	0	4.52509E-05	0	0	0	0	0	0	0	0	0	0	0	0	0	0	0	0	0	0	0	0	0	0	0	0
ASV7595	0	0	9.05018E-05	0	0	0	0	0	0	0	0	0	0	0	0	0	0	0	0	0	0	0	0	0	0	0	0
ASV7596	0	0	0	0	0	0	0	0	0	0	0	0	0	0	0	0	0	0	0	4.52509E-05	0	0	0	0	0	0	0
ASV7597	0	0	0	0	0	0	0	0	0	9.05018E-05	0	0	0	0	0	0	0	0	0	0	0	0	0	0	0	0	0
ASV7598	0	0	0	0	0	0	0	0	0	4.52509E-05	0	0	0	0	0	0	0	0	0	0	0	0	0	0	0	0	0
ASV7599	0	0	0	0	0	0	0	0	0	0.000135753	0	0	0	0	0	0	0	0	0	0	0	0	0	0	0	0	0
ASV7600	0	0	0	0	0	0	0	0	0	9.05018E-05	0	0	0	0	0	0	0	0	0	0	0	0	0	0	0	0	0
ASV7601	0	0	0	0	0	0	0	0	0	9.05018E-05	0	0	0	0	0	0	0	0	0	0	0	0	0	0	0	0	0
ASV7602	0	0	0	0	0	0	0	0	0	4.52509E-05	0	0	0	0	0	0	0	0	0	0	0	0	0	0	0	0	0
ASV7603	0	0	0	0	0	0	0	0	0	0	0	0	0	0	0	0	0	0	0	0	0	9.05018E-05	0	0	0	0	0
ASV7604	0	0	0	0	0	0	0	0	0	0	0	0	0	0	0	0	0	0	0	0	0	4.52509E-05	0	0	0	0	0
ASV7606	0	0	0	0	0	0	0	0	0	0	0	0	0	0	0	0	0	0	0	0	0	4.52509E-05	0	0	0	0	0
ASV7607	0	0	0	0	0	0	0	0	0	0	0	0	0	0	0	0	0	0	0	0	0	4.52509E-05	0	0	0	0	0
ASV7608	0	0	0	0	0	0	0	0	0	0	0	0	0	0	0	0	0	0	0	0	0	9.05018E-05	0	0	0	0	0
ASV7609	0	0	0	0	0	0	0	0	0	0	0	0	0	0	0	0	0	0	0	0	0	4.52509E-05	0	0	0	0	0
ASV7610	0	0	0	0	0	0	0	0	0	0	0	0	0	0	0	0	0	0	0	0	0	0.000226255	0	0	0	0	0
ASV7611	0	0	0	0	0	0	0	0	0	0	0	0	0	0	0	0	0	0	0	0	0	9.05018E-05	0	0	0	0	0
ASV7612	0	0	0	0	0	0	0	0	0	0	0	0	0	0	0	0	0	0	0	0	0	9.05018E-05	0	0	0	0	0
ASV7613	0	0	0	0	0	0	0	0	0	0	0	0	0	0	0	0	0	0	0	0	0	4.52509E-05	0	0	0	0	0
ASV7614	0	0	0	0	0	0	0	0	0	0	0	0	0	0	0	0	0	0	0	0	0	0.000135753	0	0	0	0	0
ASV7615	0	0	0	0	0	0	0	0	0	0	0	0	0	0	0	0	0	0	0	0	0	4.52509E-05	0	0	0	0	0
ASV7616	0	0	0	0	0	0	0	0	0	0	0	0	0	0	0	0	0	0	0	0	0	0.000135753	0	0	0	0	0
ASV7617	0	0	0	0	0	0	0	0	0	0	0	0	0	0	0	0	0	0	0	0	0	9.05018E-05	0	0	0	0	0
ASV7618	0	0	0	0	0	0	0	0	0	0	0	0	0	0	0	0	0	0	0	0	0	4.52509E-05	0	0	0	0	0
ASV7619	0	0	0	0	0	0	0	0	0	4.52509E-05	0	0	0	0	0	0	0	0	0	0	0	0	0	0	0	0	0
ASV7620	0	0	0	0	0	0	0	0	0	4.52509E-05	0	0	0	0	0	0	0	0	0	0	0	0	0	0	0	0	0
ASV7621	0	0	0	0	0	0	0	0	0	4.52509E-05	0	0	0	0	0	0	0	0	0	0	0	0	0	0	0	0	0
ASV7623	0	0	4.52509E-05	0	0	0	0	0	0	0	0	0	0	0	0	0	0	0	0	0	0	0	0	0	0	0	0
ASV7624	0	0	4.52509E-05	0	0	0	0	0	0	0	0	0	0	0	0	0	0	0	0	0	0	0	0	0	0	0	0
ASV7625	0	0	0.000135753	0	0	0	0	0	0	0	0	0	0	0	0	0	0	0	0	0	0	0	0	0	0	0	0
ASV7626	0	0	4.52509E-05	0	0	0	0	0	0	0	0	0	0	0	0	0	0	0	0	0	0	0	0	0	0	0	0
ASV7627	0	0	4.52509E-05	0	0	0	0	0	0	0	0	0	0	0	0	0	0	0	0	0	0	0	0	0	0	0	0
ASV7628	0	0	9.05018E-05	0	0	0	0	0	0	0	0	0	0	0	0	0	0	0	0	0	0	0	0	0	0	0	0
ASV7629	0	0	0.000135753	0	0	0	0	0	0	0	0	0	0	0	0	0	0	0	0	0	0	0	0	0	0	0	0
ASV7630	0	0	9.05018E-05	0	0	0	0	0	0	0	0	0	0	0	0	0	0	0	0	0	0	0	0	0	0	0	0
ASV7631	0	0	4.52509E-05	0	0	0	0	0	0	0	0	0	0	0	0	0	0	0	0	0	0	0	0	0	0	0	0
ASV7632	0	0	4.52509E-05	0	0	0	0	0	0	0	0	0	0	0	0	0	0	0	0	0	0	0	0	0	0	0	0
ASV7634	0	0	0	0	0	0	0	0	0	9.05018E-05	0	0	0	0	0	0	0	0	0	0	0	0	0	0	0	0	0
ASV7638	0	0	0	0	0	0	0	0	0	0	0	0	0	0	0	0	0	0	0	0	0	0	0	0	0	4.52509E-05	0
ASV7644	0	0	0	0	0	0	0	0	0	4.52509E-05	0	0	0	0	0	0	0	0	0	0	0	0	0	0	0	0	0
ASV7647	0	0	0	0	0	0	0	0	0	0	0	0	0	0	4.52509E-05	0	0	0	0	0	0	0	0	0	0	0	0
ASV7676	0	0	0	0	0	0	0	0	4.52509E-05	0	0	0	0	0	0	0	0	0	0	0	0	0	0	0	0	0	0
ASV7695	0	0	0	0	0	0	0	0	0	0	0	0	0	0	0	0	0	0	0	0	4.52509E-05	0	0	0	0	0	0
ASV7753	0	0	0	0	0	0	0	0	0	0	0	0	0	0	4.52509E-05	0	0	0	0	0	0	0	0	0	0	0	0
ASV7754	0	0	0	0	0	0	0	0	0	0	0	0	0	0	0	0	0	0	0	9.05018E-05	0	0	0	0	0	0	0
ASV7755	0	0	0	0	0	0	0	0	0	0	0	0	0	0	0	0	0	0	0	0	0	0	4.52509E-05	0	0	0	0
ASV7756	0	0	0	0	0	0	0	0	0	0	0	0	0	0	0	0	0	0	0	0	0	0	4.52509E-05	0	0	0	0
ASV7757	0	0	0	0	0	0	0	0	0	0	0	0	0	0	0	0	0	0	0	0	0	0	0.000181004	0	0	0	0
ASV7758	0	0	0	0	0	0	0	0	0	0	0	0	0	0	0	0	0	0	0	0	0	0	4.52509E-05	0	0	0	0
ASV7759	0	0	0	0	0	0	0	0	0	0	0	0	0	0	0	0	0	0	0	0	0	0	9.05018E-05	0	0	0	0
ASV7761	0	0	0	0	0	0	0	0	0	0	0	0	0	0	0	0	0	0	0	0	0	0	4.52509E-05	0	0	0	0
ASV7762	0	0	0	9.05018E-05	0	0	0	0	0	0	0	0	0	0	0	0	0	0	0	0	0	0	0	0	0	0	0
ASV7763	0	0	0	4.52509E-05	0	0	0	0	0	0	0	0	0	0	0	0	0	0	0	0	0	0	0	0	0	0	0
ASV7764	0	0	0	9.05018E-05	0	0	0	0	0	0	0	0	0	0	0	0	0	0	0	0	0	0	0	0	0	0	0
ASV7765	0	0	0	0.000135753	0	0	0	0	0	0	0	0	0	0	0	0	0	0	0	0	0	0	0	0	0	0	0
ASV7766	0	0	0	0.000135753	0	0	0	0	0	0	0	0	0	0	0	0	0	0	0	0	0	0	0	0	0	0	0
ASV7767	0	0	0	9.05018E-05	0	0	0	0	0	0	0	0	0	0	0	0	0	0	0	0	0	0	0	0	0	0	0
ASV7768	0	0	0	9.05018E-05	0	0	0	0	0	0	0	0	0	0	0	0	0	0	0	0	0	0	0	0	0	0	0
ASV7769	0	0	0	4.52509E-05	0	0	0	0	0	0	0	0	0	0	0	0	0	0	0	0	0	0	0	0	0	0	0
ASV7770	0	0	0	0.000135753	0	0	0	0	0	0	0	0	0	0	0	0	0	0	0	0	0	0	0	0	0	0	0
ASV7771	0	0	0	0	4.52509E-05	0	0	0	0	0	0	0	0	0	0	0	0	0	0	0	0	0	0	0	0	0	0
ASV7772	0	0	0	4.52509E-05	0	0	0	0	0	0	0	0	0	0	0	0	0	0	0	0	0	0	0	0	0	0	0
ASV7773	0	0	0	9.05018E-05	0	0	0	0	0	0	0	0	0	0	0	0	0	0	0	0	0	0	0	0	0	0	0
ASV7774	0	0	0	0.000135753	0	0	0	0	0	0	0	0	0	0	0	0	0	0	0	0	0	0	0	0	0	0	0
ASV7775	0	0	0	0	0	0	0	0	0	0	0	0	0	0	0	0	0	0	0	4.52509E-05	0	0	0	0	0	0	0
ASV7776	0	0	0	0	0	0	0	0	0	0	0	0	0	0	0	0	0	0	0	4.52509E-05	0	0	0	0	0	0	0
ASV7777	0	0	0	0	0	0	0	0	0	0	0	0	0	0	0	0	0	0	0	4.52509E-05	0	0	0	0	0	0	0
ASV7778	0	0	0	0	0	0	0	0	0	0	0	0	0	0	0	0	0	0	0	0	0	0	0.000135753	0	0	0	0
ASV7779	0	0	0	0	0	0	0	0	0	0	0	0	0	0	0	0	0	0	0	0	0	0	9.05018E-05	0	0	0	0
ASV7781	0	0	0	0	0	0	0	0	0	0	9.05018E-05	0	0	0	0	0	0	0	0	0	0	0	0	0	0	0	0
ASV7782	0	0	0	0	0	0	0	0	0	0	0	0	0	0	0	0	0	0.000181004	0	0	0	0	0	0	0	0	0
ASV7783	0	0	0	0	0	0	0	0	0	0	0	0	0	0	0	0	0	4.52509E-05	0	0	0	0	0	0	0	0	0
ASV7784	0	0	0	0	0	0	0	0	0	0	0	0	0	0	0	0	0	4.52509E-05	0	0	0	0	0	0	0	0	0
ASV7785	0	0	0	0	0	0	0	0	0	0	0	0	0	0	0	0	0	4.52509E-05	0	0	0	0	0	0	0	0	0
ASV7786	0	0	0	0	0	0	0	0	0	0	0	0	0	0	0	0	0	4.52509E-05	0	0	0	0	0	0	0	0	0
ASV7787	0	0	0	0	0	0	0	0	0	0	0	0	0	0	0	0	0	9.05018E-05	0	0	0	0	0	0	0	0	0
ASV7788	0	0	0	0	0	0	0	0	0	0	9.05018E-05	0	0	0	0	0	0	0	0	0	0	0	0	0	0	0	0
ASV7789	0	0	0	0	0	0	0	0	0	0	9.05018E-05	0	0	0	0	0	0	0	0	0	0	0	0	0	0	0	0
ASV7790	0	0	0	0	0	0	0	0	0	0	9.05018E-05	0	0	0	0	0	0	0	0	0	0	0	0	0	0	0	0
ASV7791	0	0	0	0	0	0	0	0	0	0	4.52509E-05	0	0	0	0	0	0	0	0	0	0	0	4.52509E-05	0	0	0	0
ASV7792	0	0	0	0	0	0	0	0	0	0	9.05018E-05	0	0	0	0	0	0	0	0	0	0	0	0	0	0	0	0
ASV7793	0	0	0	0	0	0	0	0	0	0	0	0	0	0	0	0	0	0	0	0	0	0	9.05018E-05	0	0	0	0
ASV7794	0	0	0	0	0	0	0	0	0	0	9.05018E-05	0	0	0	0	0	0	0	0	0	0	0	0	0	0	0	0
ASV7795	0	0	0	0	0	0	0	0	0	0	0.000135753	0	0	0	0	0	0	0	0	0	0	0	0	0	0	0	0
ASV7796	0	0	0	0	0	0	0	0	0	0	9.05018E-05	0	0	0	0	0	0	0	0	0	0	0	0	0	0	0	0
ASV7797	0	0	0	0	0	0	0	0	0	0	9.05018E-05	0	0	0	0	0	0	0	0	0	0	0	0	0	0	0	0
ASV7798	0	0	0	0	0	0	0	0	0	0	9.05018E-05	0	0	0	0	0	0	0	0	0	0	0	0	0	0	0	0
ASV7799	0	0	0	0	0	0	0	0	0	0	9.05018E-05	0	0	0	0	0	0	0	0	0	0	0	0	0	0	0	0
ASV7800	0	0	0	0	0	0	0	0	0	0	0	0	0	0	0	0	0	0	0	0	0	0	4.52509E-05	0	0	0	0
ASV7801	0	0	0	0	0	0	0	0	0	0	0	0	0	0	0	0	0	0	0	0	0	0	4.52509E-05	0	0	0	0
ASV7802	0	0	0	0	0	0	0	0	0	0	0	0	0	0	0	0	0	0	0	0	0	0	4.52509E-05	0	0	0	0
ASV7803	0	0	0	0	0	0	0	0	0	0	0	0	0	0	0	0	0	0	0	0	0	0	0.000226255	0	0	0	0
ASV7804	0	0	0	0	0	0	0	0	0	0	0	0	0	0	0	0	0	0	0	4.52509E-05	0	0	0	0	0	0	0
ASV7805	0	0	0	0	0	0	0	0	0	0	0	0	0	0	0	0	0	0	0	9.05018E-05	0	0	0	0	0	0	0
ASV7806	0	0	0	0	0	0	0	0	0	0	0	0	0	0	0	0	0	9.05018E-05	0	0	0	0	0	0	0	0	0
ASV7807	0	0	0	0	0	0	0	0	0	0	0	0	0	0	0	0	0	0	0	9.05018E-05	0	0	0	0	0	0	0
ASV7808	0	0	0	0	0	0	0	0	0	0	0	0	0	0	0	4.52509E-05	0	0	0	0	0	0	0	0	0	0	0
ASV7809	0	0	0	0	0	0	0	0	0	0	0	0	0	0	0	4.52509E-05	0	0	0	0	0	0	0	0	0	0	0
ASV7810	0	0	0	0	0	0	0	0	0	0	0	0	0	0	0	9.05018E-05	0	0	0	0	0	0	0	0	0	0	0
ASV7811	0	0	0	0	0	0	0	0	0	0	0	0	0	0	0	4.52509E-05	0	0	0	0	0	0	0	0	0	0	0
ASV7812	0	0	0	0	0	0	0	0	0	0	0	0	0	0	0	4.52509E-05	0	0	0	0	0	0	0	0	0	0	0
ASV7813	0	0	0	0	0	0	0	0	0	0	0	0	0	0	0	4.52509E-05	0	0	0	0	0	0	0	0	0	0	0
ASV7814	0	0	0	0	0	0	0	0	0	0	0	0	0	0	0	4.52509E-05	0	0	0	0	0	0	0	0	0	0	0
ASV7815	0	0	0	0	0	0	0	0	0	0	0	0	0	0	0	4.52509E-05	0	0	0	0	0	0	0	0	0	0	0
ASV7816	0	0	0	0	0	0	0	0	4.52509E-05	0	0	0	0	0	0	0	0	0	0	0	0	0	0	0	0	0	0
ASV7817	0	0	0	0	0	0	0	0	4.52509E-05	0	0	0	0	0	0	0	0	0	0	0	0	0	0	0	0	0	0
ASV7818	0	0	0	0	0	0	0	0	4.52509E-05	0	0	0	0	0	0	0	0	0	0	0	0	0	0	0	0	0	0
ASV7819	0	0	0	0	0	0	0	0	9.05018E-05	0	0	0	0	0	0	0	0	0	0	0	0	0	0	0	0	0	0
ASV7820	0	0	0	0	0	0	0	0	4.52509E-05	0	0	0	0	0	0	0	0	0	0	0	0	0	0	0	0	0	0
ASV7821	0	0	0	0	0	0	0	0	0.000135753	0	0	0	0	0	0	0	0	0	0	0	0	0	0	0	0	0	0
ASV7822	0	0	0	0	0	0	0	0	4.52509E-05	0	0	0	0	0	0	0	0	0	0	0	0	0	0	0	0	0	0
ASV7823	0	0	0	0	0	0	0	0	0.000135753	0	0	0	0	0	0	0	0	0	0	0	0	0	0	0	0	0	0
ASV7824	0	0	0	0	0	0	0	0	9.05018E-05	0	0	0	0	0	0	0	0	0	0	0	0	0	0	0	0	0	0
ASV7825	0	0	0	0	0	0	0	0	9.05018E-05	0	0	0	0	0	0	0	0	0	0	0	0	0	0	0	0	0	0
ASV7826	0	0	0	0	0	0	0	0	4.52509E-05	0	0	0	0	0	0	0	0	0	0	0	0	0	0	0	0	0	0
ASV7827	0	0	0	0	0	0	0	0	9.05018E-05	0	0	0	0	0	0	0	0	0	0	0	0	0	0	0	0	0	0
ASV7828	0	0	0	0	0	0	0	0	4.52509E-05	0	0	0	0	0	0	0	0	0	0	0	0	0	0	0	0	0	0
ASV7829	0	0	0	0	0	0	0	0	0	0	0	0	0	0	0.000135753	0	0	0	0	0	0	0	0	0	0	0	0
ASV7830	0	0	0	0	0	0	0	0	0.000181004	0	0	0	0	0	0	0	0	0	0	0	0	0	0	0	0	0	0
ASV7831	0	0	0	0	0	0	0	0	0	0	0	0	0	0	0	4.52509E-05	0	0	0	0	0	0	0	0	0	0	0
ASV7832	0	0	0	0	0	0	0	0	0	0	0	0	0	0	0	4.52509E-05	0	0	0	0	0	0	0	0	0	0	0
ASV7833	0	0	0	0	0	0	0	0	0	0	0	0	0	0	0	4.52509E-05	0	0	0	0	0	0	0	0	0	0	0
ASV7834	0	0	0	0	0	0	0	0	0	0	0	0	0	0	0	0	0	0	0	0	0	0	0	4.52509E-05	0	0	0
ASV7835	0	0	0	0	0	0	0	0	0	0	0	0	0	0	0	0	0	0	0	9.05018E-05	0	0	0	0	0	0	0
ASV7836	0	0	0	0	0	0	0	0	0	0	0	0	0	0	0	0	0	0	0	4.52509E-05	0	0	0	0	0	0	0
ASV7837	0	0	0	0	0	0	0	0	0	0	0	0	0	0	0	0	0	0	0	4.52509E-05	0	0	0	0	0	0	0
ASV7838	0	0	0	0	0	0	0	0	0	0	0	0	0	0	0	0	0	0	0	4.52509E-05	0	0	0	0	0	0	0
ASV7839	0	0	0	0	0	0	0	0	0	0	0	0	0	0	0	0	0	0	0	0	0	0	0	4.52509E-05	0	0	0
ASV7840	0	0	0	0	0	0	0	0	0	0	0	0	0	0	0	0	0	0	0	0	0	0	0	4.52509E-05	0	0	0
ASV7842	0	0	0	0	0	0	0	0	0	0	0	0	0	0	0	0	0	0	0	0	0	0	0	9.05018E-05	0	0	0
ASV7843	0	0	0	0	0	0	0	0	0	0	0	0	0	0	0	0	0	0	0	0	0	0	0	9.05018E-05	0	0	0
ASV7844	0	0	0	0	0	0	0	0	0	0	0	0	0	0	0	0	0	0	0	0	0	0	0	9.05018E-05	0	0	0
ASV7845	0	0	0	0	0	0	0	0	0	0	0	0	0	0	0	0	0	0	0	0	0	0	0	4.52509E-05	0	0	0
ASV7846	0	0	0	0	0	0	0	0	0.000135753	0	0	0	0	0	0	0	0	0	0	0	0	0	0	0	0	0	0
ASV7847	0	0	0	0	0	0	0	0	0	0	0	0	0	0	0	0	0	0	0	0	0	0	0	9.05018E-05	0	0	0
ASV7848	0	0	0	0	0	0	0	0	0	0	0	0	0	0	0	0	0	0	0	0	0	0	0	4.52509E-05	0	0	0
ASV7849	0	0	0	0	0	0	0	0	0	0	0	0	0	0	0	0	0	0	0	0	0	0	0	9.05018E-05	0	0	0
ASV7850	0	0	0	0	0	0	0	0	0	0	0	0	0	0	0	0	0	0	0	0	0	0	0	9.05018E-05	0	0	0
ASV7851	0	0	0	0	0	0	0	0	0	0	0	0	0	0	0	4.52509E-05	0	0	0	0	0	0	0	0	0	0	0
ASV7852	0	0	0	0	0	0	0	0	0	0	0	0	0	0	0	4.52509E-05	0	0	0	0	0	0	0	0	0	0	0
ASV7853	0	0	0	0	0	0	0	0	0	0	0	0	0	0	0	4.52509E-05	0	0	0	0	0	0	0	0	0	0	0
ASV7854	0	0	0	0	0	0	0	0	0	0	0	0	0	0	0	9.05018E-05	0	0	0	0	0	0	0	0	0	0	0
ASV7855	0	0	0	0	0	0	0	0	0	0	0	0	0	0	0	9.05018E-05	0	0	0	0	0	0	0	0	0	0	0
ASV7856	0	0	0	0	0	0	0	0	0	0	0	0	0	0	0	4.52509E-05	0	0	0	0	0	0	0	0	0	0	0
ASV7857	0	0	0	0	0	0	0	0	0	0	0	0	0	0	0	0	0	9.05018E-05	0	0	0	0	0	0	0	0	0
ASV7858	0	0	0	0	0	0	0	0	0	0	0	0	0	0	0	4.52509E-05	0	0	0	0	0	0	0	0	0	0	0
ASV7859	0	0	0	0	0	0	0	0	0	0	0	0	0	0	0	0	0	9.05018E-05	0	0	0	0	0	0	0	0	0
ASV7860	0	0	0	0	0	0	0	4.52509E-05	0	0	0	0	0	0	0	0	0	0	0	0	0	0	0	0	0	0	0
ASV7861	0	0	0	0	0	0	0	0	0	0	0	0	0	0	0	0	0	0	0	0	0	0	0	0	0	0	4.52509E-05
ASV7862	0	0	0	0	0	0	0	0	0	0	0	0	0	0	0	0	0	0	0	0	0	0	0	0	0	0	4.52509E-05
ASV7863	0	0	0	0	0	0	0	0	0	0	0	0	0	0	0	0	0	0	0	0	0	0	0	0	0	0	9.05018E-05
ASV7864	0	0	0	0	0	0	0	0	0	0	0	0	0	0	0	0	0	0	0	0	0	0	0	0	0	0	4.52509E-05
ASV7865	0	0	0	0	0	0	0	0	0	0	0	0	0	0	0	0	0	0	9.05018E-05	0	0	0	0	0	0	0	4.52509E-05
ASV7866	0	0	0	0	0	0	0	0	0	0	0	0	0	0	0	0	0	0	0	0	0	0	0	0	0	0	9.05018E-05
ASV7867	0	0	0	0	0	0	0	0	0	0	0	0	0	0	0	0	0	0	0	0	0	0	0	0	0	0	4.52509E-05
ASV7868	0	0	0	0	0	0	0	0	0	0	0	0	0	0	0	0	0	0	0	0	0	0	0	0	0	0	4.52509E-05
ASV7869	0	0	0	0	0	0	0	0	0	0	0	0	0	0	0	0	0	0	0	0	0	0	0	0	0	0	4.52509E-05
ASV7870	0	0	0	0	0	0	0	0	0	0	0	0	0	0	0	0	0	0	0	0	0	0	0	0	0	0	0.000135753
ASV7871	0	0	0	0	0	0	0	0	0	0	0	0	0	0	0	0	0	0	0	0	0	0	0	0	0	0	9.05018E-05
ASV7872	0	0	0	0	0	0	0	0	0	0	0	0	0	0	0	0	0	0	0	0	0	0	0	0	0	0	4.52509E-05
ASV7874	0	0	0	0	0	0	0	4.52509E-05	0	0	0	0	0	0	0	0	0	0	0	0	0	0	0	0	0	0	0
ASV7875	0	0	0	0	0	0	0	4.52509E-05	0	0	0	0	0	0	0	0	0	0	0	0	0	0	0	0	0	0	0
ASV7876	0	0	0	0	0	0	0	4.52509E-05	0	0	0	0	0	0	0	0	0	0	0	0	0	0	0	0	0	0	0
ASV7877	0	0	0	0	0	0	0	0.000135753	0	0	0	0	0	0	0	0	0	0	0	0	0	0	0	0	0	0	0
ASV7878	0	0	0	0	0	0	0	9.05018E-05	0	0	0	0	0	0	0	0	0	0	0	0	0	0	0	0	0	0	0
ASV7879	0	0	0	0	0	0	0	4.52509E-05	0	0	0	0	0	0	0	0	0	0	0	0	0	0	0	0	0	0	0
ASV7880	0	0	0	0	0	0	0	4.52509E-05	0	0	0	0	0	0	0	0	0	0	0	0	0	0	0	0	0	0	0
ASV7881	0	0	0	0	0	0	0	4.52509E-05	0	0	0	0	4.52509E-05	0	0	0	0	0	0	0	0	0	0	0	0	0	0
ASV7882	0	0	0	0	0	0	0	4.52509E-05	0	0	0	0	0	0	0	0	0	0	0	0	0	0	0	0	0	0	0
ASV7883	0	0	0	0	0	0	0	4.52509E-05	0	0	0	0	0	0	0	0	0	0	0	0	0	0	0	0	0	0	0
ASV7884	0	0	0	0	0	0	0	0	0	0	0	0	0	0	0	0	0	0	0	0	0	0	0	0	0	0	0.000135753
ASV7885	0	0	0	0	0	0	0	0	0	0	0	0	0	0	0	0	0	0	0	0	0	0	0	0	0	0	4.52509E-05
ASV7886	0	0	0	0	0	0	0	0	0	0	0	0	0	0	0	0	0	0	0	0	0	0	0	0	0	0	4.52509E-05
ASV7887	0	0	0	0	0	0	0	0	0	0	0	0	0	0	0	0	0	0	0	0	0	0	0	0	0	9.05018E-05	0
ASV7888	0	0	0	0	0	0	0	0	0	0	0	0	0	0	0.000135753	0	0	0	0	0	0	0	0	0	0	0	0
ASV7889	0	0	0	0	0	0	0	0	0	0	0	0	0	0	4.52509E-05	0	0	0	0	0	0	0	0	0	0	0	0
ASV7890	0	0	0	0	0	0	0	0	0	0	0	0	0	0	0	0	0	4.52509E-05	0	0	0	0	0	0	0	0	0
ASV7891	0	0	0	0	0	0	0	0	0	0	0	0	0	0	9.05018E-05	0	0	0	0	0	0	0	0	0	0	0	0
ASV7892	0	0	0	0	0	0	9.05018E-05	0	0	0	0	0	0	0	4.52509E-05	0	0	0	0	0	0	0	0	0	0	0	0
ASV7893	0	0	0	0	0	0	0	0	0	0	0	0	0	0	0.000135753	0	0	0	0	0	0	0	0	0	0	0	0
ASV7894	0	0	0	0	0	0	0	0	0	0	0	0	0	0	9.05018E-05	0	0	0	0	0	0	0	0	0	0	0	0
ASV7895	0	0	0	0	0	0	0	0	0	0	0	0	0	0	4.52509E-05	0	0	0	0	0	0	0	0	0	0	0	0
ASV7896	0	0	0	0	0	0	0	0	0	0	0	0	0	0	0.000135753	0	0	0	0	0	0	0	0	0	0	0	0
ASV7897	0	0	0	0	0	0	0	0	0	0	0	0	0	0	0	0	0	0	0	0	0	0	0	0	0	9.05018E-05	0
ASV7898	0	0	0	0	0	0	0	0	0	0	0	0	0	0	0	0	0	0	0	0	0	0	0	0	0	9.05018E-05	0
ASV7899	0	0	0	0	0	0	0	0	0	0	0	0	0	0	0	0	0	0	0	0	0	0	0	0	0	0	9.05018E-05
ASV7900	0	0	0	0	0	0	0	0	0	0	0	0	0	0	0	0	0	0	0	0	0	0	0	0	0	4.52509E-05	0
ASV7901	0	0	0	0	0	0	0	0	0	0	0	0	0	0	0	0	0	0	0	0	0	0	0	0	0	9.05018E-05	0
ASV7902	0	0	0	0	0	0	0	0	0	0	0	0	0	0	0	0	0	0	0	0	0	0	0	0	0	9.05018E-05	0
ASV7903	0	0	0	0	0	0	0	0	0	0	0	0	0	0	0	0	0	0	0	0	0	0	0	0	0	9.05018E-05	0
ASV7904	0	0	0	0	0	0	0	0	0	0	0	0	0	0	0	0	0	0	0	0	0	0	0	0	0	9.05018E-05	0
ASV7905	0	0	0	0	0	0	0	0	0	0	0	0	0	0	0	0	0	0	0	0	0	0	0	0	0	0	4.52509E-05
ASV7906	0	0	0	0	0	0	0	0	0	0	0	0	0	0	0	0	0	0	0	0	0	0	0	0	0	0	4.52509E-05
ASV7907	0	0	0	0	0	0	0	0	0	0	0	0	0	0	0	0	0	0	0	0	0	0	0	0	0	0	0.000135753
ASV7908	0	0	0	0	0	0	0	0	0	0	0	0	0	0	0	0	0	0	0	0	0	0	0	0	0	0	4.52509E-05
ASV7909	0	0	0	0	0	0	0	0	0	0	0	0	0	0	0	0	0	0	0	0	0	0	0	0	0	0	4.52509E-05
ASV7910	0	0	0	0	0	0	0	9.05018E-05	0	0	0	0	0	0	0	0	0	0	0	0	0	0	0	0	0	0	0
ASV7911	0	0	0	0	0	0	0	0	0	0	0	0	0	0	0	0	0	0	0	0	0	0	0	0	0	0	4.52509E-05
ASV7912	0	0	0	0	0	0	0	4.52509E-05	0	0	0	0	0	0	0	0	0	0	0	0	0	0	0	0	0	0	0
ASV7913	0	0	0	0	0	4.52509E-05	0	0	0	0	0	0	0	0	0	0	0	0	0	0	0	0	0	0	0	0	0
ASV7914	0	0	0	0	0	4.52509E-05	0	0	0	0	0	0	0	0	0	0	0	0	0	0	0	0	0	0	0	0	0
ASV7915	0	0	0	0	0	4.52509E-05	0	0	0	0	0	0	0	0	0	0	0	0	0	0	0	0	0	0	0	0	0
ASV7916	0	0	0	0	0	9.05018E-05	0	0	0	0	0	0	0	0	0	0	0	0	0	0	0	0	0	0	0	0	0
ASV7917	0	0	0	0	0	9.05018E-05	0	0	0	0	0	0	0	0	0	0	0	0	0	0	0	0	0	0	0	0	0
ASV7918	0	0	0	0	0	4.52509E-05	0	0	0	0	0	0	0	0	0	0	0	0	0	0	0	0	0	0	0	0	0
ASV7919	0	0	0	0	0	4.52509E-05	0	0	0	0	0	0	0	0	0	0	0	0	0	0	0	0	0	0	0	0	0
ASV7920	0	0	0	0	0	4.52509E-05	0	0	0	0	0	0	0	0	0	0	0	0	0	0	0	0	0	0	0	0	0
ASV7921	0	9.05018E-05	0	0	0	0	0	0	0	0	0	0	0	0	0	0	0	0	0	0	0	0	0	0	0	0	0
ASV7922	0	9.05018E-05	0	0	0	0	0	0	0	0	0	0	0	0	0	0	0	0	0	0	0	0	0	0	0	0	0
ASV7923	0	4.52509E-05	0	0	0	0	0	0	0	0	0	0	0	0	0	0	0	0	0	0	0	0	0	0	0	0	0
ASV7924	0	0.000135753	0	0	0	0	0	0	0	0	0	0	0	0	0	0	0	0	0	0	0	0	0	0	0	0	0
ASV7925	0	9.05018E-05	0	0	0	0	0	0	0	0	0	0	0	0	0	0	0	0	0	0	0	0	0	0	0	0	0
ASV7926	0	4.52509E-05	0	0	0	0	0	0	0	0	0	0	0	0	0	0	0	0	0	0	0	0	0	0	0	0	0
ASV7927	0	4.52509E-05	0	0	0	0	0	0	0	0	0	0	0	0	0	0	0	0	0	0	0	0	0	0	0	0	0
ASV7928	0	0	0	0	0	0	0	0	0	0	0	0	0	0	0	0	0	9.05018E-05	0	0	0	0	0	0	0	0	0
ASV7929	0	0	0	0	0	0	0	0	0	0	0	0	0	0	0	0	0	9.05018E-05	0	0	0	0	0	0	0	0	0
ASV7930	0	0	0	0	0	0	0	0	0	0	0	0	0	0	0	0	0	4.52509E-05	0	0	0	0	0	0	0	0	0
ASV7931	0	0	0	0	0	0	0	0	0	0	0	0	0	0	0	0	0	4.52509E-05	0	0	0	0	0	0	0	0	0
ASV7932	0	0	0	0	0	0	0	0	0	0	0	0	0	0	0	0	0	4.52509E-05	0	0	0	0	0	0	0	0	0
ASV7933	0	0	0	0	0	0	0	0	0	0	0	0	0	0	0	0	0	4.52509E-05	0	0	0	0	0	0	0	0	0
ASV7934	0	0	0	4.52509E-05	0	0	0	0	0	0	0	0	0	0	0	0	0	0	0	0	0	0	0	0	0	0	0
ASV7935	0	0	0	0	0	0	0	0	0	0	0	0	0	9.05018E-05	0	0	0	9.05018E-05	0	0	0	0	0	0	0	0	0
ASV7936	0	0	0	0	0	0	0	0	0	0	0	0	0	0	0	0	0	0.000135753	0	0	0	0	0	0	0	0	0
ASV7937	0	0	0	0	0	9.05018E-05	0	0	0	0	0	0	0	0	0	0	0	0	0	0	0	0	0	0	0	0	0
ASV7938	0	4.52509E-05	0	0	0	0	0	0	0	0	0	0	0	0	0	0	0	0	0	0	0	0	0	0	0	0	0
ASV7939	0	0	0	0	0	4.52509E-05	0	0	0	0	0	0	0	0	0	0	0	0	0	0	0	0	0	0	0	0	0
ASV7940	0	0	0	0	0	0	0	0	0	0	0	0	4.52509E-05	0	0	0	0	0	0	0	0	0	0	0	0	0	0
ASV7941	0	0	0	0	0	0	0	9.05018E-05	0	0	0	0	0	0	0	0	0	0	0	0	0	0	0	0	0	0	0
ASV7942	0	0	0	0	0	0	0	4.52509E-05	0	0	0	0	0	0	0	0	0	0	0	0	0	0	0	0	0	0	0
ASV7943	0	0	0	0	0	0	0	4.52509E-05	0	0	0	0	0	0	0	0	0	0	0	0	0	0	0	0	0	0	0
ASV7944	0	0	0	0	0	9.05018E-05	0	0	0	0	0	0	0	0	0	0	0	0	0	0	0	0	0	0	0	0	0
ASV7945	0	0	0	0	0	0	0	4.52509E-05	0	0	0	0	0	0	0	0	0	0	0	0	0	0	0	0	0	0	0
ASV7946	0	0	0	0	0	0	0	9.05018E-05	0	0	0	0	0	0	0	0	0	0	0	0	0	0	0	0	0	0	0
ASV7947	0	0	0	0	0	0	0	9.05018E-05	0	0	0	0	0	0	0	0	0	0	0	0	0	0	0	0	0	0	0
ASV7948	0	0	0	0	0	0	0	4.52509E-05	0	0	0	0	0	0	0	0	0	0	0	0	0	0	0	0	0	0	0
ASV7949	0	0	0	0	0	0	0	0	0	0	0	0	4.52509E-05	0	0	0	0	0	0	0	0	0	0	0	0	0	0
ASV7950	0	0	0	0	0	0	0	0	0	0	0	0	4.52509E-05	0	0	0	0	0	0	0	0	0	0	0	0	0	0
ASV7951	0	0	0	0	0	0	0	0	0	0	0	0	4.52509E-05	0	0	0	0	0	0	0	0	0	0	0	0	0	0
ASV7952	0	0	0	0	0	0	0	4.52509E-05	0	0	0	0	0	0	0	0	0	0	0	0	0	0	0	0	0	0	0
ASV7953	0	0	0	0	0	0	0	0	0	0	0	0	9.05018E-05	0	0	0	0	0	0	0	0	0	0	0	0	0	0
ASV7954	0	0	0	0	0	0	0	0	0	0	0	0	4.52509E-05	0	0	0	0	0	0	0	0	0	0	0	0	0	0
ASV7956	0	0	0	0	0	0	0	0	0	0	0	0	4.52509E-05	0	0	0	0	0	0	0	0	0	0	0	0	0	0
ASV7957	0	0	0	0	0	0	0	0	0	0	0	0	4.52509E-05	0	0	0	0	0	0	0	0	0	0	0	0	0	0
ASV7958	0	0	0	0	0	0	0	0	0	0	0	0	9.05018E-05	0	0	0	0	0	0	0	0	0	0	0	0	0	0
ASV7959	0	0	0	0	0	0	0	0	0	0	0	0	9.05018E-05	0	0	0	0	0	0	0	0	0	0	0	0	0	0
ASV7960	0	0	0	0	0	0	0	0	0	0	0	0	4.52509E-05	0	0	0	0	0	0	0	0	0	0	0	0	0	0
ASV7961	0	0	0	0	0	0	0	0	0	0	0	0	4.52509E-05	0	0	0	0	0	0	0	0	0	0	0	0	0	0
ASV8108	0	0	0	0	0	0	4.52509E-05	0	0	0	0	0	0	0	0	0	0	0	0	0	0	0	0	0	0	0	0
ASV8110	0	0	0	0	0	0	9.05018E-05	0	0	0	0	0	0	0	0	0	0	0	0	0	0	0	0	0	0	0	0
ASV8111	0	0	0	0	0	0	4.52509E-05	0	0	0	0	0	0	0	0	0	0	0	0	0	0	0	0	0	0	0	0
ASV8112	0	0	0	0	0	0	4.52509E-05	0	0	0	0	0	0	0	0	0	0	0	0	0	0	0	0	0	0	0	0
ASV8113	0	0	0	0	0	0	4.52509E-05	0	0	0	0	0	0	0	0	0	0	0	0	0	0	0	0	0	0	0	0
ASV8114	0	0	0	0	0	0	9.05018E-05	0	0	0	0	0	0	0	0	0	0	0	0	0	0	0	0	0	0	0	0
ASV8115	0	0	0	0	0	0	9.05018E-05	0	0	0	0	0	0	0	0	0	0	0	0	0	0	0	0	0	0	0	0
ASV8116	0	0	0	0	0	0	4.52509E-05	0	0	0	0	0	0	0	0	0	0	0	0	0	0	0	0	0	0	0	0
ASV8117	0	0	0	0	0	0	4.52509E-05	0	0	0	0	0	0	0	0	0	0	0	0	0	0	0	0	0	0	0	0
ASV8118	0	0	0	0	0	0	4.52509E-05	0	0	0	0	0	0	0	0	0	0	0	0	0	0	0	0	0	0	0	0
ASV8119	0	0	0	0	0	0	4.52509E-05	0	0	0	0	0	0	0	0	0	0	0	0	0	0	0	0	0	0	0	0
ASV8120	0	0	0	0	0	0	4.52509E-05	0	0	0	0	0	0	0	0	0	0	0	0	0	0	0	0	0	0	0	0
ASV8121	0	0	0	0	0	0	4.52509E-05	0	0	0	0	0	0	0	0	0	0	0	0	0	0	0	0	0	0	0	0
ASV8122	0	0	0	0	0	0	4.52509E-05	0	0	0	0	0	0	0	0	0	0	0	0	0	0	0	0	0	0	0	0
ASV8123	0	0	0	0	0	0	4.52509E-05	0	0	0	0	0	0	0	0	0	0	0	0	0	0	0	0	0	0	0	0
ASV8124	0	0	0	0	0	0	4.52509E-05	0	0	0	0	0	0	0	0	0	0	0	0	0	0	0	0	0	0	0	0
ASV8125	0	0	0	0	0	0	4.52509E-05	0	0	0	0	0	0	0	0	0	0	0	0	0	0	0	0	0	0	0	0
ASV8126	0	0	0	0	0	0	0.000135753	0	0	0	0	0	0	0	0	0	0	0	0	0	0	0	0	0	0	0	0
ASV8127	0	0	0	0	0	0	4.52509E-05	0	0	0	0	0	0	0	0	0	0	0	0	0	0	0	0	0	0	0	0
ASV8128	0	0	0	0	0	0	0	0	0	0	0	4.52509E-05	0	0	0	0	0	0	0	0	0	0	0	0	0	0	0
ASV8129	0	0	0	0	0	0	0	0	0	0	0	4.52509E-05	0	0	0	0	0	0	0	0	0	0	0	0	0	0	0
ASV8130	0	0	0	0	0	0	0	0	0	0	0	4.52509E-05	0	0	0	0	0	0	0	0	0	0	0	0	0	0	0
ASV8131	0	0	0	0	0	0	0	0	0	0	0	4.52509E-05	0	0	0	0	0	0	0	0	0	0	0	0	0	0	0
ASV8132	0	0	0	0	0	0	0	0	0	0	0	4.52509E-05	0	0	0	0	0	0	0	0	0	0	0	0	0	0	0
ASV8133	0	0	0	0	0	0	0	0	0	0	0	4.52509E-05	0	0	0	0	0	0	0	0	0	0	0	0	0	0	0
ASV8134	0	0	0	0	0	0	0	0	0	0	0	0.000135753	0	0	0	0	0	0	0	0	0	0	0	0	0	0	0
ASV8135	0	0	0	0	0	0	0	0	0	0	0	4.52509E-05	0	0	0	0	0	0	0	0	0	0	0	0	0	0	0
ASV8136	0	0	0	0	0	0	0	0	0	0	0	4.52509E-05	0	0	0	0	0	0	0	0	0	0	0	0	0	0	0
ASV8137	0	0	0	0	0	0	0	0	0	0	0	4.52509E-05	0	0	0	0	0	0	0	0	0	0	0	0	0	0	0
ASV8138	0	0	0	0	0	0	0	0	0	0	0	9.05018E-05	0	0	0	0	0	0	0	0	0	0	0	0	0	0	0
ASV8139	0	0	0	0	0	0	0	0	0	0	0	4.52509E-05	0	0	0	0	0	0	0	0	0	0	0	0	0	0	0
ASV8140	0	0	0	0	0	0	0	0	0	0	0	9.05018E-05	0	0	0	0	0	0	0	0	0	0	0	0	0	0	0
ASV8141	0	0	0	0	0	0	0	0	0	0	0	4.52509E-05	0	0	0	0	0	0	0	0	0	0	0	0	0	0	0
ASV8142	0	0	0	0	0	0	0	0	0	0	0	4.52509E-05	0	0	0	0	0	0	0	0	0	0	0	0	0	0	0
ASV8143	0	0	0	0	0	0	0	0	0	0	0	4.52509E-05	0	0	0	0	0	0	0	0	0	0	0	0	0	0	0
ASV8144	0	0	0	0	0	0	4.52509E-05	0	0	0	0	0	0	0	0	0	0	0	0	0	0	0	0	0	0	0	0
ASV8145	0	0	0	0	0	0	4.52509E-05	0	0	0	0	0	0	0	0	0	0	0	0	0	0	0	0	0	0	0	0
ASV8147	0	0	0	0	0	0	0	0	0	0	0	0	0	0	0	0	0	0	0	0	0	0	0	0	4.52509E-05	0	0
ASV8148	0	0	0	0	0	0	0	0	0	0	0	0	0	4.52509E-05	0	0	0	0	0	0	0	0	0	0	0	0	0
ASV8149	0	0	0	0	0	0	0	0	0	0	0	0	0	4.52509E-05	0	0	0	0	0	0	0	0	0	0	0	0	0
ASV8150	0	0	0	0	0	0	0	0	0	0	0	0	0	9.05018E-05	0	0	0	0	0	0	0	0	0	0	0	0	0
ASV8151	0	0	0	0	0	0	0	0	0	0	0	0	0	4.52509E-05	0	0	0	0	0	0	0	0	0	0	0	0	0
ASV8152	0	0	0	0	0	0	0	0	0	0	0	0	0	9.05018E-05	0	0	0	0	0	0	0	0	0	0	0	0	0
ASV8153	0	0	0	0	0	0	0	0	0	0	0	0	0	4.52509E-05	0	0	0	0	0	0	0	0	0	0	0	0	0
ASV8154	0	0	0	0	0	0	0	0	0	0	0	0	0	4.52509E-05	0	0	0	0	0	0	0	0	0	0	0	0	0
ASV8155	0	0	0	0	0	0	0	0	0	0	0	0	0	4.52509E-05	0	0	0	0	0	0	0	0	0	0	0	0	0
ASV8156	0	0	0	0	0	0	0	0	0	0	0	0	0	9.05018E-05	0	0	0	0	0	0	0	0	0	0	0	0	0
ASV8157	0	0	0	0	0	0	0	0	0	0	0	0	0	4.52509E-05	0	0	0	0	0	0	0	0	0	0	0	0	0
ASV8158	0	0	0	0	0	0	0	0	0	0	0	0	0	4.52509E-05	0	0	0	0	0	0	0	0	0	0	0	0	0
ASV8159	0	0	0	0	0	0	0	0	0	0	0	0	0	9.05018E-05	0	0	0	0	0	0	0	0	0	0	0	0	0
ASV8160	0	0	0	0	0	0	0	0	0	0	0	0	0	4.52509E-05	0	0	0	0	0	0	0	0	0	0	0	0	0
ASV8161	0	0	0	0	0	0	0	0	0	0	0	0	0	4.52509E-05	0	0	0	0	0	0	0	0	0	0	0	0	0
ASV8163	0	0	0	0	0	0	0	0	0	0	0	0	0	0	0	0	0	0	0	0	0	0	0	0	4.52509E-05	0	0
ASV8164	0	0	0	0	0	0	0	0	0	0	0	0	0	0	0	0	0	0	0	0	0	0	0	0	9.05018E-05	0	0
ASV8165	0	0	0	0	0	0	0	0	0	0	0	0	0	0	0	0	0	0	0	0	0	0	0	0	4.52509E-05	0	0
ASV8166	0	0	0	0	0	0	0	0	0	0	0	0	0	0	0	0	0	0	0	0	0	0	0	0	4.52509E-05	0	0
ASV8167	0	0	0	0	0	0	0	0	0	0	0	0	0	0	0	0	0	0	0	0	0	0	0	0	4.52509E-05	0	0
ASV8168	0	0	0	0	0	0	0	0	0	0	0	0	0	0	0	0	0	0	0	0	0	0	0	0	4.52509E-05	0	0
ASV8169	0	0	0	0	0	0	0	0	0	0	0	0	0	0	0	0	0	0	0	0	0	0	0	0	4.52509E-05	0	0
ASV8170	0	0	0	0	0	0	0	0	0	0	0	0	0	0	0	0	0	0	0	0	0	0	0	0	4.52509E-05	0	0
ASV8171	0	0	0	0	0	0	0	0	0	0	0	0	0	0	0	0	0	0	0	0	0	0	0	0	9.05018E-05	0	0
ASV8172	0	0	0	0	0	0	0	0	0	0	0	0	0	0	0	0	0	0	0	0	0	0	0	0	4.52509E-05	0	0
ASV8173	0	0	0	0	0	0	0	0	0	0	0	0	0	0	0	0	0	0	0	0	0	0	0	0	4.52509E-05	0	0
ASV8174	0	0	0	0	0	0	0	0	0	0	0	0	0	0	0	0	0	0	0	0	0	0	0	0	4.52509E-05	0	0
ASV8175	0	0	0	0	0	0	0	0	0	0	0	0	0	0	0	0	0	0	0	0	0	0	0	0	4.52509E-05	0	0
ASV8176	0	0	0	0	0	0	0	0	0	0	0	0	0	0	0	0	0	0	0	0	0	0	0	0	4.52509E-05	0	0
ASV8177	0	0	0	0	0	0	0	0	0	0	0	0	0	0	0	0	0	0	0	0	0	0	0	0	4.52509E-05	0	0
ASV8178	0	0	0	0	0	0	0	0	0	0	0	0	0	0	0	0	0	0	0	0	0	0	0	0	4.52509E-05	0	0
ASV8179	0	0	0	0	0	0	0	0	0	0	0	0	0	0	0	0	0	0	0	0	0	0	0	0	4.52509E-05	0	0
ASV8180	0	0	0	0	0	0	0	0	0	0	0	0	0	0	0	0	0	0	0	0	0	0	0	0	4.52509E-05	0	0
ASV8181	0	0	0	0	0	0	0	0	0	0	0	4.52509E-05	0	0	0	0	0	0	0	0	0	0	0	0	0	0	0
ASV8182	0	0	0	0	0	0	0	0	0	0	0	9.05018E-05	0	0	0	0	0	0	0	0	0	0	0	0	0	0	0
ASV8183	0	0	0	0	0	0	0	0	0	0	0	4.52509E-05	0	0	0	0	0	0	0	0	0	0	0	0	0	0	0
ASV8184	0	0	0	0	0	0	0	0	0	0	0	4.52509E-05	0	0	0	0	0	0	0	0	0	0	0	0	0	0	0
ASV8192	0	0	0	0	4.52509E-05	0	0	0	0	0	0	0	0	0	0	0	0	0	0	0	0	0	0	0	0	0	0
ASV8193	0	0	0	0	9.05018E-05	0	0	0	0	0	0	0	0	0	0	0	0	0	0	0	0	0	0	0	0	0	0
ASV8194	0	0	0	0	4.52509E-05	0	0	0	0	0	0	0	0	0	0	0	0	0	0	0	0	0	0	0	0	0	0
ASV8195	0	0	0	0	4.52509E-05	0	0	0	0	0	0	0	0	0	0	0	0	0	0	0	0	0	0	0	0	0	0
ASV8196	0	0	0	0	4.52509E-05	0	0	0	0	0	0	0	0	0	0	0	0	0	0	0	0	0	0	0	0	0	0
ASV8197	0	0	0	0	4.52509E-05	0	0	0	0	0	0	0	0	0	0	0	0	0	0	0	0	0	0	0	0	0	0
ASV8198	0	0	0	0	4.52509E-05	0	0	0	0	0	0	0	0	0	0	0	0	0	0	0	0	0	0	0	0	0	0
ASV8199	0	0	0	0	4.52509E-05	0	0	0	0	0	0	0	0	0	0	0	0	0	0	0	0	0	0	0	0	0	0
ASV8218	0	0	0	0	4.52509E-05	0	0	0	0	0	0	0	0	0	0	0	0	0	0	0	0	0	0	0	0	0	0
ASV8219	0	0	0	0	4.52509E-05	0	0	0	0	0	0	0	0	0	0	0	0	0	0	0	0	0	0	0	0	0	0
ASV8220	0	0	0	0	4.52509E-05	0	0	0	0	0	0	0	0	0	0	0	0	0	0	0	0	0	0	0	0	0	0
ASV8221	0	0	0	0	0	0	0	0	0	0	0	0	0	0	0	0	0	0	4.52509E-05	0	0	0	0	0	0	0	0
ASV8222	0	0	0	0	0	0	0	0	0	0	0	0	0	0	0	0	0	0	0.000135753	0	0	0	0	0	0	0	0
ASV8223	0	0	0	0	0	0	0	0	0	0	0	0	0	0	0	0	0	0	4.52509E-05	0	0	0	0	0	0	0	0
ASV8224	0	0	0	0	0	0	0	0	0	0	0	0	0	0	0	0	0	0	4.52509E-05	0	0	0	0	0	0	0	0
ASV8225	0	0	0	0	0	0	0	0	0	0	0	0	0	0	0	0	0	0	4.52509E-05	0	0	0	0	0	0	0	0
ASV8226	0	0	0	0	0	0	0	0	0	0	0	0	0	0	0	0	0	0	4.52509E-05	0	0	0	0	0	0	0	0
ASV8227	0	0	0	0	0	0	0	0	0	0	0	0	0	0	0	0	0	0	4.52509E-05	0	0	0	0	0	0	0	0
ASV8228	0	0	0	0	0	0	0	0	0	0	0	0	0	0	0	0	0	0	9.05018E-05	0	0	0	0	0	0	0	0
ASV8229	0	0	0	0	0	0	0	0	0	0	0	0	0	0	0	0	0	0	4.52509E-05	0	0	0	0	0	0	0	0
ASV8230	0	0	0	0	0	0	0	0	0	0	0	0	0	0	0	0	0	0	4.52509E-05	0	0	0	0	0	0	0	0
ASV8231	0	0	0	0	0	0	0	0	0	0	0	0	0	0	0	0	0	0	9.05018E-05	0	0	0	0	0	0	0	0
ASV8232	0	0	0	0	0	0	0	0	0	0	0	4.52509E-05	0	0	0	0	0	0	0	0	0	0	0	0	0	0	0
ASV8233	0	0	0	0	0	0	0	0	0	0	0	4.52509E-05	0	0	0	0	0	0	0	0	0	0	0	0	0	0	0
ASV8234	0	0	0	0	0	0	0	0	0	0	0	4.52509E-05	0	0	0	0	0	0	0	0	0	0	0	0	0	0	0
ASV8235	0	0	0	0	0	0	0	0	0	0	0	4.52509E-05	0	0	0	0	0	0	0	0	0	0	0	0	0	0	0
ASV8236	0	0	0	0	0	0	0	0	0	0	0	0	0	0	0	0	0	0	4.52509E-05	0	0	0	0	0	0	0	0
ASV8237	0	0	0	0	0	0	0	0	0	0	0	0	0	0	0	0	0	0	9.05018E-05	0	0	0	0	0	0	0	0
ASV8238	0	0	0	0	9.05018E-05	0	0	0	0	0	0	0	0	0	0	0	0	0	0	0	0	0	0	0	0	0	0
ASV8239	0	0	0	0	0	0	0	0	0	0	0	0	0	0	0	0	0	0	4.52509E-05	0	0	0	0	0	0	0	0
ASV8240	0	0	0	0	4.52509E-05	0	0	0	0	0	0	0	0	0	0	0	0	0	0	0	0	0	0	0	0	0	0
ASV8241	0	0	0	0	4.52509E-05	0	0	0	0	0	0	0	0	0	0	0	0	0	0	0	0	0	0	0	0	0	0
ASV8242	0	0	0	0	9.05018E-05	0	0	0	0	0	0	0	0	0	0	0	0	0	0	0	0	0	0	0	0	0	0
ASV8243	0	0	0	0	4.52509E-05	0	0	0	0	0	0	0	0	0	0	0	0	0	0	0	0	0	0	0	0	0	0
ASV8244	0	0	0	0	0	0	0	0	0	0	0	0	0	0	0	0	0	0	4.52509E-05	0	0	0	0	0	0	0	0
ASV8245	0	0	0	0	0	0	0	0	0	0	0	0	0	0	0	0	0	0	9.05018E-05	0	0	0	0	0	0	0	0
ASV8246	0	0	0	0	0	0	0	0	0	0	0	0	0	0	0	0	0	0	4.52509E-05	0	0	0	0	0	0	0	0
ASV8247	0	0	0	0	0	0	0	0	0	0	0	0	0	0	0	0	0	0	4.52509E-05	0	0	0	0	0	0	0	0
ASV8248	0	0	0	0	0	0	0	0	0	0	0	0	0	0	0	0	0	0	4.52509E-05	0	0	0	0	0	0	0	0
ASV8249	0	0	0	0	0	0	0	0	0	0	0	0	0	0	0	0	0	0	4.52509E-05	0	0	0	0	0	0	0	0
ASV8250	0	0	0	0	0	0	0	0	0	0	0	0	0	0	0	0	0	0	9.05018E-05	0	0	0	0	0	0	0	0
ASV8251	0	0	0	0	0	0	0	0	0	0	0	0	0	0	0	0	0	0	0.000135753	0	0	0	0	0	0	0	0
ASV8252	0	0	0	0	0	0	0	0	0	0	0	0	0	0	0	0	0	0	4.52509E-05	0	0	0	0	0	0	0	0
ASV8253	0	0	0	0	0	0	0	0	0	0	0	0	0	0	0	0	0	0	4.52509E-05	0	0	0	0	0	0	0	0
ASV8475	0	0	0	0	0	0	0	0	0	0	0	0	0	4.52509E-05	0	0	0	0	0	0	0	0	0	0	0	0	0
ASV8548	0	0	0	0	0	0	0	0	0	0	0	0	0	4.52509E-05	0	0	0	0	0	0	0	0	0	0	0	0	0
ASV8549	0	0	0	0	0	0	0	0	0	4.52509E-05	0	0	0	0	0	0	0	0	0	0	0	0	0	0	0	0	0
ASV8550	0	0	0	0	0	0	0	0	0	0	0	0	0	4.52509E-05	0	0	0	0	0	0	0	0	0	0	0	0	0
ASV8551	0	0	4.52509E-05	0	0	0	0	0	0	0	0	0	0	0	0	0	0	0	0	0	0	0	0	0	0	0	0
ASV8558	0	0	4.52509E-05	0	0	0	0	0	0	0	0	0	0	0	0	0	0	0	0	0	0	0	0	0	0	0	0
ASV8559	0	0	4.52509E-05	0	0	0	0	0	0	0	0	0	0	0	0	0	0	0	0	0	0	0	0	0	0	0	0
ASV8560	0	0	4.52509E-05	0	0	0	0	0	0	0	0	0	0	0	0	0	0	0	0	0	0	0	0	0	0	0	0
ASV8561	0	0	4.52509E-05	0	0	0	0	0	0	0	0	0	0	0	0	0	0	0	0	0	0	0	0	0	0	0	0
ASV8562	0	0	4.52509E-05	0	0	0	0	0	0	0	0	0	0	0	0	0	0	0	0	0	0	0	0	0	0	0	0
ASV8563	0	0	4.52509E-05	0	0	0	0	0	0	0	0	0	0	0	0	0	0	0	0	0	0	0	0	0	0	0	0
ASV8564	0	0	4.52509E-05	0	0	0	0	0	0	0	0	0	0	0	0	0	0	0	0	0	0	0	0	0	0	0	0
ASV8565	0	0	4.52509E-05	0	0	0	0	0	0	0	0	0	0	0	0	0	0	0	0	0	0	0	0	0	0	0	0
ASV8566	0	0	4.52509E-05	0	0	0	0	0	0	0	0	0	0	0	0	0	0	0	0	0	0	0	0	0	0	0	0
ASV8570	0	0	0	0	0	0	0	0	0	4.52509E-05	0	0	0	0	0	0	0	0	0	0	0	0	0	0	0	0	0
ASV8571	0	0	0	0	0	0	0	0	0	9.05018E-05	0	0	0	0	0	0	0	0	0	0	0	0	0	0	0	0	0
ASV8572	0	0	0	0	0	0	0	0	0	4.52509E-05	0	0	0	0	0	0	0	0	0	0	0	0	0	0	0	0	0
ASV8573	0	0	0	0	0	0	0	0	0	9.05018E-05	0	0	0	0	0	0	0	0	0	0	0	0	0	0	0	0	0
ASV8574	0	0	0	0	0	0	0	0	0	4.52509E-05	0	0	0	0	0	0	0	0	0	0	0	0	0	0	0	0	0
ASV8575	0	0	0	0	0	0	0	0	0	9.05018E-05	0	0	0	0	0	0	0	0	0	0	0	0	0	0	0	0	0
ASV8576	0	0	0	0	0	0	0	0	0	4.52509E-05	0	0	0	0	0	0	0	0	0	0	0	0	0	0	0	0	0
ASV8577	0	0	0	0	0	0	0	0	0	9.05018E-05	0	0	0	0	0	0	0	0	0	0	0	0	0	0	0	0	0
ASV8579	0	0	0	0	0	0	0	0	0	4.52509E-05	0	0	0	0	0	0	0	0	0	0	0	0	0	0	0	0	0
ASV8580	0	0	0	0	0	0	0	0	0	4.52509E-05	0	0	0	0	0	0	0	0	0	0	0	0	0	0	0	0	0
ASV8581	0	0	0	0	0	0	0	0	0	4.52509E-05	0	0	0	0	0	0	0	0	0	0	0	0	0	0	0	0	0
ASV8585	0	0	4.52509E-05	0	0	0	0	0	0	0	0	0	0	0	0	0	0	0	0	0	0	0	0	0	0	0	0
ASV8586	0	0	9.05018E-05	0	0	0	0	0	0	0	0	0	0	0	0	0	0	0	0	0	0	0	0	0	0	0	0
ASV8587	0	0	0	0	0	0	0	0	0	0	0	0	0	0	0	0	4.52509E-05	0	0	0	0	0	0	0	0	0	0
ASV8588	0	0	4.52509E-05	0	0	0	0	0	0	0	0	0	0	0	0	0	0	0	0	0	0	0	0	0	0	0	0
ASV8589	0	0	0	0	0	0	0	0	0	0	0	0	0	0	0	0	0	0	0	0	9.05018E-05	0	0	0	0	0	0
ASV8590	0	0	0	0	0	0	0	0	0	0	0	0	0	0	0	0	0	0	0	0	4.52509E-05	0	0	0	0	0	0
ASV8591	0	0	0	0	0	0	0	0	0	0	0	0	0	0	0	0	0	0	0	0	4.52509E-05	0	0	0	0	0	0
ASV8592	0	0	0	0	0	0	0	0	0	0	0	0	0	0	0	0	0	0	0	0	4.52509E-05	0	0	0	0	0	0
ASV8593	0	0	0	0	0	0	0	0	0	0	0	0	0	0	0	0	0	0	0	0	4.52509E-05	0	0	0	0	0	0
ASV8594	0	0	0	0	0	0	0	0	0	0	0	0	0	0	0	0	0	0	0	0	4.52509E-05	0	0	0	0	0	0
ASV8595	0	0	0	0	0	0	0	0	0	0	0	0	0	0	0	0	0	0	0	0	4.52509E-05	0	0	0	0	0	0
ASV8596	0	0	0	0	0	0	0	0	0	0	0	0	0	0	0	0	0	0	0	0	4.52509E-05	0	0	0	0	0	0
ASV8597	0	0	0	0	0	0	0	0	0	0	0	0	0	0	0	0	0	0	0	0	4.52509E-05	0	0	0	0	0	0
ASV8598	0	0	0	0	0	0	0	0	0	0	0	0	0	0	0	0	0	0	0	0	4.52509E-05	0	0	0	0	0	0
ASV8599	0	0	0	0	0	0	0	0	0	0	0	0	0	0	0	0	0	0	0	0	4.52509E-05	0	0	0	0	0	0
ASV8600	0	0	0	0	0	0	0	0	0	0	0	0	0	0	0	0	0	0	0	0	4.52509E-05	0	0	0	0	0	0
ASV8601	0	0	0	0	0	0	0	0	0	0	0	0	0	0	0	0	0	0	0	0	4.52509E-05	0	0	0	0	0	0
ASV8602	0	0	0	0	0	0	0	0	0	0	0	0	0	0	0	0	4.52509E-05	0	0	0	0	0	0	0	0	0	0
ASV8603	0	0	0	0	0	0	0	0	0	0	0	0	0	0	0	0	9.05018E-05	0	0	0	0	0	0	0	0	0	0
ASV8604	0	0	0	0	0	0	0	0	0	0	0	0	0	0	0	0	0	0	0	0	4.52509E-05	0	0	0	0	0	0
ASV8605	0	0	0	0	0	0	0	0	0	0	0	0	0	0	0	0	0	0	0	0	4.52509E-05	0	0	0	0	0	0
ASV8606	0	0	0	0	0	0	0	0	0	0	0	0	0	0	0	0	0	0	0	0	4.52509E-05	0	0	0	0	0	0
ASV8607	0	0	4.52509E-05	0	0	0	0	0	0	0	0	0	0	0	0	0	0	0	0	0	0	0	0	0	0	0	0
ASV8608	0	0	4.52509E-05	0	0	0	0	0	0	0	0	0	0	0	0	0	0	0	0	0	0	0	0	0	0	0	0
ASV8609	0	0	4.52509E-05	0	0	0	0	0	0	0	0	0	0	0	0	0	0	0	0	0	0	0	0	0	0	0	0
ASV8610	0	0	4.52509E-05	0	0	0	0	0	0	0	0	0	0	0	0	0	0	0	0	0	0	0	0	0	0	0	0
ASV8611	0	0	4.52509E-05	0	0	0	0	0	0	0	0	0	0	0	0	0	0	0	0	0	0	0	0	0	0	0	0
ASV8612	0	0	4.52509E-05	0	0	0	0	0	0	0	0	0	0	0	0	0	0	0	0	0	0	0	0	0	0	0	0
ASV8613	0	0	4.52509E-05	0	0	0	0	0	0	0	0	0	0	0	0	0	0	0	0	0	0	0	0	0	0	0	0
ASV8614	0	0	4.52509E-05	0	0	0	0	0	0	0	0	0	0	0	0	0	0	0	0	0	0	0	0	0	0	0	0
ASV8615	0	0	0	0	0	0	0	0	0	0	0	0	0	0	0	0	0	0	0	0	4.52509E-05	0	0	0	0	0	0
ASV8616	0	0	4.52509E-05	0	0	0	0	0	0	0	0	0	0	0	0	0	0	0	0	0	0	0	0	0	0	0	0
ASV8617	0	0	9.05018E-05	0	0	0	0	0	0	0	0	0	0	0	0	0	0	0	0	0	0	0	0	0	0	0	0
ASV8618	0	0	4.52509E-05	0	0	0	0	0	0	0	0	0	0	0	0	0	0	0	0	0	0	0	0	0	0	0	0
ASV8619	0	0	4.52509E-05	0	0	0	0	0	0	0	0	0	0	0	0	0	0	0	0	0	0	0	0	0	0	0	0
ASV8620	0	0	0	0	0	0	0	0	0	0	0	0	0	0	0	0	0	0	0	0	4.52509E-05	0	0	0	0	0	0
ASV8621	0	0	0	0	0	0	0	0	0	0	0	0	0	0	0	0	0	0	0	0	4.52509E-05	0	0	0	0	0	0
ASV8622	0	0	0	0	0	0	0	0	0	4.52509E-05	0	0	0	0	0	0	0	0	0	0	0	0	0	0	0	0	0
ASV8623	0	0	0	0	0	0	0	0	0	4.52509E-05	0	0	0	0	0	0	0	0	0	0	0	0	0	0	0	0	0
ASV8624	0	0	0	0	0	0	0	0	0	4.52509E-05	0	0	0	0	0	0	0	0	0	0	0	0	0	0	0	0	0
ASV8625	0	0	0	0	0	0	0	0	0	4.52509E-05	0	0	0	0	0	0	0	0	0	0	0	0	0	0	0	0	0
ASV8626	0	0	0	0	0	0	0	0	0	0	0	0	0	0	9.05018E-05	0	0	0	0	0	0	0	0	0	0	0	0
ASV8627	0	0	0	0	0	0	0	0	0	0	0	0	0	0	4.52509E-05	0	0	0	0	0	0	0	0	0	0	0	0
ASV8628	0	0	0	0	0	0	0	0	0	0	0	0	0	0	4.52509E-05	0	0	0	0	0	0	0	0	0	0	0	0
ASV8629	0	0	0	0	0	0	0	0	0	0	0	0	0	0	4.52509E-05	0	0	0	0	0	0	0	0	0	0	0	0
ASV8630	0	0	0	0	0	0	0	0	0	0	0	0	0	0	0.000135753	0	0	0	0	0	0	0	0	0	0	0	0
ASV8631	0	0	0	0	0	0	0	0	0	0	0	0	0	0	4.52509E-05	0	0	0	0	0	0	0	0	0	0	0	0
ASV8632	0	0	0	0	0	0	0	0	0	0	0	0	0	0	4.52509E-05	0	0	0	0	0	0	0	0	0	0	0	0
ASV8633	0	0	0	0	0	0	0	0	0	0	0	0	0	0	4.52509E-05	0	0	0	0	0	0	0	0	0	0	0	0
ASV8634	0	0	0	0	0	0	0	0	0	0	0	0	0	0	9.05018E-05	0	0	0	0	0	0	0	0	0	0	0	0
ASV8635	0	0	0	0	0	0	0	0	0	0	0	0	0	0	4.52509E-05	0	0	0	0	0	0	0	0	0	0	0	0
ASV8636	0	0	0	0	0	0	0	0	0	0	0	0	0	0	4.52509E-05	0	0	0	0	0	0	0	0	0	0	0	0
ASV8637	0	0	0	0	0	0	0	0	0	0	0	0	0	0	4.52509E-05	0	0	0	0	0	0	0	0	0	0	0	0
ASV8638	0	0	0	0	0	0	0	0	0	0	0	0	0	0	9.05018E-05	0	0	0	0	0	0	0	0	0	0	0	0
ASV8639	0	0	0	0	0	0	0	0	0	0	0	0	0	0	4.52509E-05	0	0	0	0	0	0	0	0	0	0	0	0
ASV8640	0	0	0	0	0	0	0	0	0	0	0	0	0	0	0.000135753	0	0	0	0	0	0	0	0	0	0	0	0
ASV8641	0	0	0	0	0	0	0	0	0	0	0	0	0	0	4.52509E-05	0	0	0	0	0	0	0	0	0	0	0	0
ASV8642	0	0	0	0	0	0	0	0	0	0	0	0	0	0	0	0	0	0	0	0	0	0	0	0	0	4.52509E-05	0
ASV8643	0	0	0	0	0	0	0	0	0	0	0	0	0	0	0	0	0	0	0	0	0	0	0	0	0	9.05018E-05	0
ASV8644	0	0	0	0	0	0	0	0	0	0	0	0	0	0	0	0	0	0	0	0	0	0	0	0	0	9.05018E-05	0
ASV8645	0	0	0	0	0	0	0	0	0	0	0	0	0	0	0	0	0	0	0	0	0	0	0	0	0	4.52509E-05	0
ASV8646	0	0	0	0	0	0	0	0	0	0	0	0	0	0	0	0	0	0	0	0	0	0	0	0	0	9.05018E-05	0
ASV8647	0	0	0	0	0	0	0	0	0	0	0	0	0	0	0	0	0	0	0	0	0	0	0	0	0	9.05018E-05	0
ASV8648	0	0	0	0	0	0	0	0	0	0	0	0	0	0	0	0	0	0	0	0	0	0	0	0	0	9.05018E-05	0
ASV8649	0	0	0	0	0	0	0	0	0	0	0	0	0	0	0	0	0	0	0	0	0	0	0	0	0	4.52509E-05	0
ASV8650	0	0	0	0	0	0	0	0	0	0	0	0	0	0	0	0	0	0	0	0	0	0	0	0	0	9.05018E-05	0
ASV8651	0	0	0	0	0	0	0	0	0	0	0	0	0	0	0	0	0	0	0	0	0	0	0	0	0	4.52509E-05	0
ASV8652	0	0	0	0	0	0	0	0	0	0	0	0	0	0	0	0	0	0	0	0	0	0	0	0	0	0.000135753	0
ASV8653	0	0	0	0	0	0	0	0	0	0	0	0	0	0	0	0	0	0	0	0	0	0	0	0	0	9.05018E-05	0
ASV8654	0	0	0	0	0	0	0	0	0	0	0	0	0	0	0	0	0	0	0	0	0	0	0	0	0	0.000135753	0
ASV8655	0	0	0	0	0	0	0	0	0	0	0	0	0	0	0	0	0	0	0	0	0	0	0	0	0	4.52509E-05	0
ASV8656	0	0	0	0	0	0	0	0	0	0	0	0	0	0	0	0	0	0	0	0	0	0	0	0	0	4.52509E-05	0
ASV8657	0	0	0	0	0	0	0	0	0	0	0	0	0	0	0	0	0	0	0	0	0	0	0	0	0	9.05018E-05	0
ASV8658	0	0	0	0	0	0	0	0	0	0	0	0	0	0	0	0	0	0	0	0	0	0	0	0	0	4.52509E-05	0
ASV8659	0	0	0	0	0	0	0	0	0	0	0	0	0	0	4.52509E-05	0	0	0	0	0	0	0	0	0	0	0	0
ASV8660	0	0	0	0	0	0	0	0	0	0	0	0	0	0	0	0	0	0	0	0	0	4.52509E-05	0	0	0	0	0
ASV8661	0	0	0	0	0	0	0	0	0	0	0	0	0	0	0	0	0	0	0	0	0	4.52509E-05	0	0	0	0	0
ASV8662	0	0	0	0	0	0	0	0	0	0	0	0	0	0	0	0	0	0	0	0	0	9.05018E-05	0	0	0	0	0
ASV8663	0	0	0	0	0	0	0	0	0	0	0	0	0	0	0	0	0	0	0	0	0	4.52509E-05	0	0	0	0	0
ASV8664	0	0	0	0	0	0	0	0	0	0	0	0	0	0	0	0	0	0	0	0	0	4.52509E-05	0	0	0	0	0
ASV8665	0	0	0	0	0	0	0	0	0	0	0	0	0	0	0	0	0	0	0	0	0	4.52509E-05	0	0	0	0	0
ASV8666	0	0	0	0	0	0	0	0	0	0	0	0	0	0	0	0	0	0	0	0	0	4.52509E-05	0	0	0	0	0
ASV8667	0	0	0	0	0	0	0	0	0	0	0	0	0	0	0	0	0	0	0	0	0	4.52509E-05	0	0	0	0	0
ASV8668	0	0	0	0	0	0	0	0	0	0	0	0	0	0	0	0	0	0	0	0	0	4.52509E-05	0	0	0	0	0
ASV8669	0	0	0	0	0	0	0	0	0	0	0	0	0	0	0	0	0	0	0	0	0	4.52509E-05	0	0	0	0	0
ASV8670	0	0	0	0	0	0	0	0	0	0	0	0	0	0	0	0	0	0	0	0	0	4.52509E-05	0	0	0	0	0
ASV8671	0	0	0	0	0	0	0	0	0	0	0	0	0	0	0	0	0	0	0	0	0	4.52509E-05	0	0	0	0	0
ASV8672	0	0	0	0	0	0	0	0	0	9.05018E-05	0	0	0	0	0	0	0	0	0	0	0	0	0	0	0	0	0
ASV8673	0	0	0	0	0	0	0	0	0	4.52509E-05	0	0	0	0	0	0	0	0	0	0	0	0	0	0	0	0	0
ASV8674	0	0	0	0	0	0	0	0	0	4.52509E-05	0	0	0	0	0	0	0	0	0	0	0	0	0	0	0	0	0
ASV8675	0	0	0	0	0	0	0	0	0	4.52509E-05	0	0	0	0	0	0	0	0	0	0	0	0	0	0	0	0	0
ASV8676	0	0	0	0	0	0	0	0	0	9.05018E-05	0	0	0	0	0	0	0	0	0	0	0	0	0	0	0	0	0
ASV8677	0	0	0	0	0	0	0	0	0	0	0	0	0	0	0	0	0	0	0	0	0	4.52509E-05	0	0	0	0	0
ASV8678	0	0	0	0	0	0	0	0	0	0	0	0	0	0	0	0	0	0	0	0	0	9.05018E-05	0	0	0	0	0
ASV8679	0	0	0	0	0	0	0	0	0	0	0	0	0	0	0	0	0	0	0	0	0	4.52509E-05	0	0	0	0	0
ASV8680	0	0	0	0	0	0	0	0	0	0	0	0	0	0	0	0	0	0	0	0	0	4.52509E-05	0	0	0	0	0
ASV8681	0	0	0	0	0	0	0	0	0	0	0	0	0	0	0	0	0	0	0	0	0	9.05018E-05	0	0	0	0	0
ASV8682	0	0	0	0	0	0	0	0	0	0	0	0	0	0	0	0	0	0	0	0	0	4.52509E-05	0	0	0	0	0
ASV8683	0	0	0	0	0	0	0	0	0	0	0	0	0	0	0	0	0	0	0	0	0	9.05018E-05	0	0	0	0	0
ASV8684	0	0	0	0	0	0	0	0	0	0	0	0	0	0	0	0	0	0	0	0	0	4.52509E-05	0	0	0	0	0
ASV8685	0	0	0	0	0	0	0	0	0	0	0	0	0	0	0	0	0	0	0	0	0	4.52509E-05	0	0	0	0	0
ASV8686	0	0	0	0	0	0	0	0	0	0	0	0	0	0	0	0	0	0	0	0	0	4.52509E-05	0	0	0	0	0
ASV8687	0	0	0	0	0	0	0	0	0	0	0	0	0	0	0	0	0	0	0	0	0	0.000135753	0	0	0	0	0
ASV8688	0	0	0	0	0	0	0	0	0	0	0	0	0	0	0	0	0	0	0	0	0	4.52509E-05	0	0	0	0	0
ASV8689	0	0	0	0	0	0	0	0	0	0	0	0	0	0	0	0	0	0	0	0	0	4.52509E-05	0	0	0	0	0
ASV8690	0	0	0	0	0	0	0	0	0	0	0	0	0	0	0	0	0	0	0	0	0	9.05018E-05	0	0	0	0	0
ASV8691	0	0	0	0	0	0	0	0	0	0	0	0	0	0	0	0	0	0	0	0	0	4.52509E-05	0	0	0	0	0
ASV8692	0	0	0	0	0	0	0	0	0	0	0	0	0	0	0	0	0	0	0	0	0	9.05018E-05	0	0	0	0	0
ASV8693	0	0	0	0	0	0	0	0	0	0	0	0	0	0	0	0	0	0	0	0	0	4.52509E-05	0	0	0	0	0
ASV8694	0	0	0	0	0	0	0	0	0	0	0	0	0	0	0	0	0	0	0	0	0	4.52509E-05	0	0	0	0	0
ASV8695	0	0	0	0	0	0	0	0	0	0	0	0	0	0	0	0	4.52509E-05	0	0	0	0	0	0	0	0	0	0
ASV8696	0	0	0	0	0	0	0	0	0	0	0	0	0	0	0	0	9.05018E-05	0	0	0	0	0	0	0	0	0	0
ASV8697	0	0	0	0	0	0	0	0	0	0	0	0	0	0	0	0	0	0	0	0	0	0	0	0	0	0	4.52509E-05
ASV8734	0	0	0	0	0	0	0	0	0	0	0	0	0	0	0	0	4.52509E-05	0	0	0	0	0	0	0	0	0	0
ASV8750	0	0	0	0	0	0	0	0	4.52509E-05	0	0	0	0	0	0	0	0	0	0	0	0	0	0	0	0	0	0
ASV8789	0	0	0	0	0	0	0	0	0	0	0	0	0	0	0	0	4.52509E-05	0	0	0	0	0	0	0	0	0	0
ASV8790	0	0	0	0	0	0	0	0	0	0	0	0	0	0	0	0	4.52509E-05	0	0	0	0	0	0	0	0	0	0
ASV8791	0	0	0	0	0	0	0	0	0	0	0	0	0	0	0	0	4.52509E-05	0	0	0	0	0	0	0	0	0	0
ASV8792	0	0	0	0	0	0	0	0	0	0	0	0	0	0	0	0	4.52509E-05	0	0	0	0	0	0	0	0	0	0
ASV8793	0	0	0	0	0	0	0	0	0	0	0	0	0	0	0	0	4.52509E-05	0	0	0	0	0	0	0	0	0	0
ASV8794	0	0	0	0	0	0	0	0	0	0	0	0	0	0	0	0	0.000135753	0	0	0	0	0	0	0	0	0	0
ASV8795	0	0	0	0	0	0	0	0	0	0	0	0	0	0	0	0	4.52509E-05	0	0	0	0	0	0	0	0	0	0
ASV8796	0	0	0	0	0	0	0	0	0	0	0	0	0	0	0	0	9.05018E-05	0	0	0	0	0	0	0	0	0	0
ASV8797	0	0	0	0	0	0	0	0	0	0	0	0	0	0	0	0	4.52509E-05	0	0	0	0	0	0	0	0	0	0
ASV8798	0	0	0	0	0	0	0	0	0	0	0	0	0	0	0	0	4.52509E-05	0	0	0	0	0	0	0	0	0	0
ASV8799	0	0	0	0	0	0	0	0	0	0	0	0	0	0	0	0	4.52509E-05	0	0	0	0	0	0	0	0	0	0
ASV8800	0	0	0	0	0	0	0	0	0	0	0	0	0	0	0	0	9.05018E-05	0	0	0	0	0	0	0	0	0	0
ASV8801	0	0	0	0	0	0	0	0	0	0	0	0	0	0	0	0	4.52509E-05	0	0	0	0	0	0	0	0	0	0
ASV8802	0	0	0	0	0	0	0	0	0	0	0	0	0	0	0	0	4.52509E-05	0	0	0	0	0	0	0	0	0	0
ASV8803	0	0	0	0	0	0	0	0	0	0	0	0	0	0	0	0	9.05018E-05	0	0	0	0	0	0	0	0	0	0
ASV8804	0	0	0	0	0	0	0	0	0	0	0	0	0	0	0	0	9.05018E-05	0	0	0	0	0	0	0	0	0	0
ASV8805	0	0	0	0	0	0	0	0	0	0	0	0	0	0	0	0	0.000135753	0	0	0	0	0	0	0	0	0	0
ASV8842	0	0	0	0	0	0	0	0	0	0	0	0	0	0	0	0	0	0	0	0	0	0	0	0	0	0	4.52509E-05
ASV8844	0	0	0	0	0	0	0	0	0	0	0	0	0	0	0	0	0	0	0	0	0	0	0	0	0	0	4.52509E-05
ASV8845	0	0	0	4.52509E-05	0	0	0	0	0	0	0	0	0	0	0	0	0	0	0	0	0	0	0	0	0	0	0
ASV8846	0	0	0	0	0	0	0	0	0	0	0	0	0	0	0	0	0	0	0	4.52509E-05	0	0	0	0	0	0	0
ASV8847	0	0	0	0	0	0	0	0	0	0	0	0	0	0	0	0	0	0	0	9.05018E-05	0	0	0	0	0	0	0
ASV8848	0	0	0	0	0	0	0	0	0	0	0	0	0	0	0	0	0	0	0	4.52509E-05	0	0	0	0	0	0	0
ASV8849	0	0	0	0	0	0	0	0	0	0	0	0	0	0	0	0	0	0	0	4.52509E-05	0	0	0	0	0	0	0
ASV8850	0	0	0	0	0	0	0	0	0	0	0	0	0	0	0	0	0	0	0	4.52509E-05	0	0	0	0	0	0	0
ASV8851	0	0	0	0	0	0	0	0	0	0	0	0	0	0	0	0	0	0	0	4.52509E-05	0	0	0	0	0	0	0
ASV8852	0	0	0	0	0	0	0	0	0	0	0	0	0	0	0	0	0	0	0	4.52509E-05	0	0	0	0	0	0	0
ASV8853	0	0	0	4.52509E-05	0	0	0	0	0	0	0	0	0	0	0	0	0	0	0	0	0	0	0	0	0	0	0
ASV8854	0	0	0	4.52509E-05	0	0	0	0	0	0	0	0	0	0	0	0	0	0	0	0	0	0	0	0	0	0	0
ASV8855	0	0	0	4.52509E-05	0	0	0	0	0	0	0	0	0	0	0	0	0	0	0	0	0	0	0	0	0	0	0
ASV8856	0	0	0	4.52509E-05	0	0	0	0	0	0	0	0	0	0	0	0	0	0	0	0	0	0	0	0	0	0	0
ASV8857	0	0	0	9.05018E-05	0	0	0	0	0	0	0	0	0	0	0	0	0	0	0	0	0	0	0	0	0	0	0
ASV8858	0	0	0	4.52509E-05	0	0	0	0	0	0	0	0	0	0	0	0	0	0	0	0	0	0	0	0	0	0	0
ASV8859	0	0	0	4.52509E-05	0	0	0	0	0	0	0	0	0	0	0	0	0	0	0	0	0	0	0	0	0	0	0
ASV8860	0	0	0	4.52509E-05	0	0	0	0	0	0	0	0	0	0	0	0	0	0	0	0	0	0	0	0	0	0	0
ASV8861	0	0	0	0	0	0	0	0	0	0	0	0	0	0	0	0	0	0	0	4.52509E-05	0	0	0	0	0	0	0
ASV8862	0	0	0	0	0	0	0	0	0	0	0	0	0	0	0	0	0	0	0	4.52509E-05	0	0	0	0	0	0	0
ASV8863	0	0	0	0	0	0	0	0	0	0	0	0	0	0	0	0	0	0	0	4.52509E-05	0	0	0	0	0	0	0
ASV8864	0	0	0	0	0	0	0	0	0	0	0	0	0	0	0	0	0	0	0	0	0	0	0	9.05018E-05	0	0	0
ASV8865	0	0	0	0	0	0	0	0	0	0	0	0	0	0	0	0	0	0	0	0	0	0	0	4.52509E-05	0	0	0
ASV8866	0	0	0	0	0	0	0	0	0	0	0	0	0	0	0	0	0	0	0	0	0	0	0	4.52509E-05	0	0	0
ASV8867	0	0	0	0	0	0	0	0	0	0	0	0	0	0	0	0	0	0	0	0	0	0	0	4.52509E-05	0	0	0
ASV8868	0	0	0	0	0	0	0	0	0	0	0	0	0	0	0	0	0	0	0	0	0	0	0	9.05018E-05	0	0	0
ASV8869	0	0	0	0	0	0	0	0	0	0	0	0	0	0	0	0	0	0	0	0	0	0	0	4.52509E-05	0	0	0
ASV8870	0	0	0	0	0	0	0	0	0	0	0	0	0	0	0	0	0	0	0	0	0	0	0	0.000135753	0	0	0
ASV8871	0	0	0	0	0	0	0	0	0	0	0	0	0	0	0	0	0	0	0	4.52509E-05	0	0	0	0	0	0	0
ASV8872	0	0	0	0	0	0	0	0	0	0	0	0	0	0	0	0	0	0	0	9.05018E-05	0	0	0	0	0	0	0
ASV8873	0	0	0	0	0	0	0	0	0	0	0	0	0	0	0	0	0	0	0	4.52509E-05	0	0	0	0	0	0	0
ASV8874	0	0	0	0	0	0	0	0	0	0	0	0	0	0	0	0	0	0	0	4.52509E-05	0	0	0	0	0	0	0
ASV8875	0	0	0	0	0	0	0	0	0	0	0	0	0	0	0	0	0	0	0	4.52509E-05	0	0	0	0	0	0	0
ASV8876	0	0	0	0	0	0	0	0	0	0	0	0	0	0	0	0	0	0	0	4.52509E-05	0	0	0	0	0	0	0
ASV8877	0	0	0	0	0	0	0	0	0	0	0	0	0	0	0	0	0	0	0	9.05018E-05	0	0	0	0	0	0	0
ASV8878	0	0	0	0	0	0	0	0	0	0	0	0	0	0	0	0	0	0	0	4.52509E-05	0	0	0	0	0	0	0
ASV8879	0	0	0	4.52509E-05	0	0	0	0	0	0	0	0	0	0	0	0	0	0	0	0	0	0	0	0	0	0	0
ASV8880	0	0	0	4.52509E-05	0	0	0	0	0	0	0	0	0	0	0	0	0	0	0	0	0	0	0	0	0	0	0
ASV8881	0	0	0	0	0	0	0	0	0	0	0	0	0	0	0	0	0	0	0	0	0	0	9.05018E-05	0	0	0	0
ASV8882	0	0	0	4.52509E-05	0	0	0	0	0	0	0	0	0	0	0	0	0	0	0	0	0	0	0	0	0	0	0
ASV8883	0	0	0	0	0	0	0	0	0	0	0	0	0	0	0	0	0	0	0	0	0	0	9.05018E-05	0	0	0	0
ASV8884	0	0	0	0	0	0	0	0	0	0	0	0	0	0	0	0	0	0	0	0	0	0	4.52509E-05	0	0	0	0
ASV8885	0	0	0	0	0	0	0	0	0	0	0	0	0	0	0	0	0	0	0	0	0	0	4.52509E-05	0	0	0	0
ASV8886	0	0	0	0	0	0	0	0	0	0	0	0	0	0	0	0	0	0	0	0	0	0	4.52509E-05	0	0	0	0
ASV8887	0	0	0	0	0	0	0	0	0	0	0	0	0	0	0	0	0	0	0	0	0	0	4.52509E-05	0	0	0	0
ASV8888	0	0	0	0	0	0	0	0	0	0	0	0	0	0	0	0	0	0	0	0	0	0	4.52509E-05	0	0	0	0
ASV8889	0	0	0	0	0	0	0	0	0	0	0	0	0	0	0	0	0	0	0	0	0	0	4.52509E-05	0	0	0	0
ASV8890	0	0	0	0	0	0	0	0	0	0	0	0	0	0	0	0	0	0	0	0	0	0	9.05018E-05	0	0	0	0
ASV8891	0	0	0	0	0	0	0	0	0	0	0	0	0	0	0	0	0	0	0	0	0	0	4.52509E-05	0	0	0	0
ASV8892	0	0	0	0	0	0	0	0	0	0	0	0	0	0	0	0	0	0	0	0	0	0	0.000181004	0	0	0	0
ASV8893	0	0	0	0	0	0	0	0	0	0	0	0	0	0	0	0	0	0	0	0	0	0	9.05018E-05	0	0	0	0
ASV8894	0	0	0	0	0	0	0	0	0	0	0	0	0	0	0	0	0	0	0	0	0	0	9.05018E-05	0	0	0	0
ASV8895	0	0	0	0	0	0	0	0	0	0	0	0	0	0	0	0	0	0	0	0	0	0	4.52509E-05	0	0	0	0
ASV8896	0	0	0	0	0	0	0	0	0	0	0	0	0	0	0	0	0	0	0	0	0	0	4.52509E-05	0	0	0	0
ASV8897	0	0	0	0	0	0	0	0	0	0	0	0	0	0	0	0	0	0	0	0	0	0	4.52509E-05	0	0	0	0
ASV8898	0	0	0	0	0	0	0	0	0	0	0	0	0	0	0	0	0	0	0	0	0	0	4.52509E-05	0	0	0	0
ASV8899	0	0	0	0	0	0	0	0	0	0	0	0	0	0	0	0	0	0	0	0	0	0	4.52509E-05	0	0	0	0
ASV8900	0	0	0	0	0	0	0	0	0	0	0	0	0	0	0	0	0	0	0	0	0	0	4.52509E-05	0	0	0	0
ASV8901	0	0	0	4.52509E-05	0	0	0	0	0	0	0	0	0	0	0	0	0	0	0	0	0	0	0	0	0	0	0
ASV8902	0	0	0	4.52509E-05	0	0	0	0	0	0	0	0	0	0	0	0	0	0	0	0	0	0	0	0	0	0	0
ASV8903	0	0	0	4.52509E-05	0	0	0	0	0	0	0	0	0	0	0	0	0	0	0	0	0	0	0	0	0	0	0
ASV8904	0	0	0	4.52509E-05	0	0	0	0	0	0	0	0	0	0	0	0	0	0	0	0	0	0	0	0	0	0	0
ASV8905	0	0	0	4.52509E-05	0	0	0	0	0	0	0	0	0	0	0	0	0	0	0	0	0	0	0	0	0	0	0
ASV8906	0	0	0	4.52509E-05	0	0	0	0	0	0	0	0	0	0	0	0	0	0	0	0	0	0	0	0	0	0	0
ASV8907	0	0	0	4.52509E-05	0	0	0	0	0	0	0	0	0	0	0	0	0	0	0	0	0	0	0	0	0	0	0
ASV8908	0	0	0	4.52509E-05	0	0	0	0	0	0	0	0	0	0	0	0	0	0	0	0	0	0	0	0	0	0	0
ASV8909	0	0	0	0	0	0	0	0	0	0	0	0	0	0	0	0	0	0	0	0	0	0	9.05018E-05	0	0	0	0
ASV8910	0	0	0	9.05018E-05	0	0	0	0	0	0	0	0	0	0	0	0	0	0	0	0	0	0	0	0	0	0	0
ASV8911	0	0	0	4.52509E-05	0	0	0	0	0	0	0	0	0	0	0	0	0	0	0	0	0	0	0	0	0	0	0
ASV8912	0	0	0	9.05018E-05	0	0	0	0	0	0	0	0	0	0	0	0	0	0	0	0	0	0	0	0	0	0	0
ASV8913	0	0	0	0	0	0	0	0	0	0	0	0	0	0	0	0	0	0	0	0	0	0	4.52509E-05	0	0	0	0
ASV8914	0	0	0	0	0	0	0	0	0	0	0	0	0	0	0	0	0	0	0	0	0	0	4.52509E-05	0	0	0	0
ASV8915	0	0	0	0	0	0	0	0	0	0	0	0	0	0	0	0	0	0	0	0	0	0	4.52509E-05	0	0	0	0
ASV8916	0	0	0	0	0	0	0	0	0	0	0	0	0	0	0	0	0	0	0	0	0	0	0	4.52509E-05	0	0	0
ASV8917	0	0	0	0	0	0	0	0	0	0	0	0	0	0	0	0	0	0	0	0	0	0	0	0.000135753	0	0	0
ASV8918	0	0	0	0	0	0	0	0	0	0	0	0	0	0	0	0	0	0	0	0	0	0	0	4.52509E-05	0	0	0
ASV8919	0	0	0	0	0	0	0	0	0	0	0	0	0	0	0	0	0	0	0	0	0	0	0	4.52509E-05	0	0	0
ASV8920	0	0	0	0	0	0	0	0	9.05018E-05	0	0	0	0	0	0	0	0	0	0	0	0	0	0	0	0	0	0
ASV8921	0	0	0	0	0	0	0	0	4.52509E-05	0	0	0	0	0	0	0	0	0	0	0	0	0	0	0	0	0	0
ASV8922	0	0	0	0	0	0	0	0	4.52509E-05	0	0	0	0	0	0	0	0	0	0	0	0	0	0	0	0	0	0
ASV8923	0	0	0	0	0	0	0	0	4.52509E-05	0	0	0	0	0	0	0	0	0	0	0	0	0	0	0	0	0	0
ASV8924	0	0	0	0	0	0	0	0	4.52509E-05	0	0	0	0	0	0	0	0	0	0	0	0	0	0	0	0	0	0
ASV8925	0	0	0	0	0	0	0	0	9.05018E-05	0	0	0	0	0	0	0	0	0	0	0	0	0	0	0	0	0	0
ASV8926	0	0	0	0	0	0	0	0	9.05018E-05	0	0	0	0	0	0	0	0	0	0	0	0	0	0	0	0	0	0
ASV8927	0	0	0	0	0	0	0	0	4.52509E-05	0	0	0	0	0	0	0	0	0	0	0	0	0	0	0	0	0	0
ASV8928	0	0	0	0	0	0	0	0	4.52509E-05	0	0	0	0	0	0	0	0	0	0	0	0	0	0	0	0	0	0
ASV8929	0	0	0	0	0	0	0	0	9.05018E-05	0	0	0	0	0	0	0	0	0	0	0	0	0	0	0	0	0	0
ASV8930	0	0	0	0	0	0	0	0	0	0	0	0	0	0	0	4.52509E-05	0	0	0	0	0	0	0	0	0	0	0
ASV8931	0	0	0	0	0	0	0	0	0	0	0	0	0	0	0	4.52509E-05	0	0	0	0	0	0	0	0	0	0	0
ASV8932	0	0	0	0	0	0	0	0	0	0	0	0	0	0	0	9.05018E-05	0	0	0	0	0	0	0	0	0	0	0
ASV8933	0	0	0	0	0	0	0	0	0	0	0	0	0	0	0	4.52509E-05	0	0	0	0	0	0	0	0	0	0	0
ASV8934	0	0	0	0	0	0	0	0	0	0	0	0	0	0	0	4.52509E-05	0	0	0	0	0	0	0	0	0	0	0
ASV8935	0	0	0	0	0	0	0	0	4.52509E-05	0	0	0	0	0	0	0	0	0	0	0	0	0	0	0	0	0	0
ASV8936	0	0	0	0	0	0	0	0	9.05018E-05	0	0	0	0	0	0	0	0	0	0	0	0	0	0	0	0	0	0
ASV8937	0	0	0	0	0	0	0	0	4.52509E-05	0	0	0	0	0	0	0	0	0	0	0	0	0	0	0	0	0	0
ASV8938	0	0	0	0	0	0	0	0	9.05018E-05	0	0	0	0	0	0	0	0	0	0	0	0	0	0	0	0	0	0
ASV8939	0	0	0	0	0	0	0	0	9.05018E-05	0	0	0	0	0	0	0	0	0	0	0	0	0	0	0	0	0	0
ASV8940	0	0	0	0	0	0	0	0	0	0	0	0	0	0	0	0	0	0	0	0	0	0	0	0	0	0	4.52509E-05
ASV8941	0	0	0	0	0	0	0	0	4.52509E-05	0	0	0	0	0	0	0	0	0	0	0	0	0	0	0	0	0	0
ASV8942	0	0	0	0	0	0	0	0	4.52509E-05	0	0	0	0	0	0	0	0	0	0	0	0	0	0	0	0	0	0
ASV8943	0	0	0	0	0	0	0	0	9.05018E-05	0	0	0	0	0	0	0	0	0	0	0	0	0	0	0	0	0	0
ASV8944	0	0	0	0	0	0	0	0	9.05018E-05	0	0	0	0	0	0	0	0	0	0	0	0	0	0	0	0	0	0
ASV8945	0	0	0	0	0	0	0	0	4.52509E-05	0	0	0	0	0	0	0	0	0	0	0	0	0	0	0	0	0	0
ASV8946	0	0	0	0	0	0	0	0	9.05018E-05	0	0	0	0	0	0	0	0	0	0	0	0	0	0	0	0	0	0
ASV8947	0	0	0	0	0	0	0	0	4.52509E-05	0	0	0	0	0	0	0	0	0	0	0	0	0	0	0	0	0	0
ASV8948	0	0	0	0	0	0	0	0	4.52509E-05	0	0	0	0	0	0	0	0	0	0	0	0	0	0	0	0	0	0
ASV8949	0	0	0	0	0	0	0	0	9.05018E-05	0	0	0	0	0	0	0	0	0	0	0	0	0	0	0	0	0	0
ASV8950	0	0	0	0	0	0	0	0	0.000135753	0	0	0	0	0	0	0	0	0	0	0	0	0	0	0	0	0	0
ASV8951	0	0	0	0	0	0	0	0	4.52509E-05	0	0	0	0	0	0	0	0	0	0	0	0	0	0	0	0	0	0
ASV8952	0	0	0	0	0	0	0	0	4.52509E-05	0	0	0	0	0	0	0	0	0	0	0	0	0	0	0	0	0	0
ASV8953	0	0	0	0	0	0	0	0	0	0	0	0	0	0	0	4.52509E-05	0	0	0	0	0	0	0	0	0	0	0
ASV8954	0	0	0	0	0	0	0	0	0	0	0	0	0	0	0	4.52509E-05	0	0	0	0	0	0	0	0	0	0	0
ASV8955	0	0	0	0	0	0	0	0	0	0	0	0	0	0	0	4.52509E-05	0	0	0	0	0	0	0	0	0	0	0
ASV8956	0	0	0	0	0	0	0	0	0	0	0	0	0	0	0	0	0	0	0	0	0	0	0	4.52509E-05	0	0	0
ASV8957	0	0	0	0	0	0	0	0	0	0	0	0	0	0	0	4.52509E-05	0	0	0	0	0	0	0	0	0	0	0
ASV8958	0	0	0	0	0	0	0	0	0	0	0	0	0	0	0	4.52509E-05	0	0	0	0	0	0	0	0	0	0	0
ASV8959	0	0	0	0	0	0	0	0	0	0	0	0	0	0	0	4.52509E-05	0	0	0	0	0	0	0	0	0	0	0
ASV8960	0	0	0	0	0	0	0	0	0	0	0	0	0	0	0	4.52509E-05	0	0	0	0	0	0	0	0	0	0	0
ASV8961	0	0	0	0	0	0	0	0	0	0	0	0	0	0	0	4.52509E-05	0	0	0	0	0	0	0	0	0	0	0
ASV8962	0	0	0	0	0	0	0	0	0	0	0	0	0	0	0	4.52509E-05	0	0	0	0	0	0	0	0	0	0	0
ASV8963	0	0	0	0	0	0	0	0	0	0	0	0	0	0	0	0	0	0	0	0	0	0	0	4.52509E-05	0	0	0
ASV8964	0	0	0	0	0	0	0	0	0	0	0	0	0	0	0	4.52509E-05	0	0	0	0	0	0	0	0	0	0	0
ASV8965	0	0	0	0	0	0	0	0	0	0	0	0	0	0	0	0	0	0	0	0	0	0	0	4.52509E-05	0	0	0
ASV8966	0	0	0	0	0	0	0	0	0	0	0	0	0	0	0	0	0	0	0	0	0	0	0	9.05018E-05	0	0	0
ASV8967	0	0	0	0	0	0	0	0	0	0	0	0	0	0	0	0	0	0	0	0	0	0	0	4.52509E-05	0	0	0
ASV8968	0	0	0	0	0	0	0	0	0	0	0	0	0	0	0	0	0	0	0	0	0	0	0	0.000135753	0	0	0
ASV8969	0	0	0	0	0	0	0	0	0	0	0	0	0	0	0	0	0	0	0	0	0	0	0	4.52509E-05	0	0	0
ASV8970	0	0	0	0	0	0	0	0	0	0	0	0	0	0	0	0	0	0	0	0	0	0	0	4.52509E-05	0	0	0
ASV8971	0	0	0	0	0	0	0	0	0	0	0	0	0	0	0	4.52509E-05	0	0	0	0	0	0	0	0	0	0	0
ASV8972	0	0	0	0	0	0	0	0	0	0	0	0	0	0	0	4.52509E-05	0	0	0	0	0	0	0	0	0	0	0
ASV8973	0	0	0	0	0	0	0	0	0	0	0	0	0	0	0	4.52509E-05	0	0	0	0	0	0	0	0	0	0	0
ASV8974	0	0	0	0	0	0	0	0	0	0	0	0	0	0	0	4.52509E-05	0	0	0	0	0	0	0	0	0	0	0
ASV8975	0	0	0	0	0	0	0	0	0	0	0	0	0	0	0	4.52509E-05	0	0	0	0	0	0	0	0	0	0	0
ASV8976	0	0	0	0	0	0	0	0	0	0	0	0	0	0	0	4.52509E-05	0	0	0	0	0	0	0	0	0	0	0
ASV8977	0	0	0	0	0	0	0	0	0	0	0	0	0	0	0	4.52509E-05	0	0	0	0	0	0	0	0	0	0	0
ASV8978	0	0	0	0	0	0	0	0	0	0	0	0	0	0	0	4.52509E-05	0	0	0	0	0	0	0	0	0	0	0
ASV8979	0	0	0	0	0	0	0	0	0	0	0	0	0	0	0	4.52509E-05	0	0	0	0	0	0	0	0	0	0	0
ASV8980	0	0	0	0	0	0	0	0	0	0	0	0	0	0	0	4.52509E-05	0	0	0	0	0	0	0	0	0	0	0
ASV8981	0	0	0	0	0	0	0	0	0	0	0	0	0	0	0	4.52509E-05	0	0	0	0	0	0	0	0	0	0	0
ASV8982	0	0	0	0	0	0	0	0	0	0	0	0	0	0	0	4.52509E-05	0	0	0	0	0	0	0	0	0	0	0
ASV8983	0	0	0	0	0	0	0	0	0	0	0	0	0	0	0	4.52509E-05	0	0	0	0	0	0	0	0	0	0	0
ASV8984	0	0	0	0	0	0	0	0	0	0	0	0	0	0	0	4.52509E-05	0	0	0	0	0	0	0	0	0	0	0
ASV8985	0	0	0	0	0	0	0	0	0	0	0	0	0	0	0	4.52509E-05	0	0	0	0	0	0	0	0	0	0	0
ASV8986	0	0	0	0	0	0	0	0	0	0	0	0	0	0	0	4.52509E-05	0	0	0	0	0	0	0	0	0	0	0
ASV8987	0	0	0	0	0	0	0	0	0	0	0	0	0	0	0	4.52509E-05	0	0	0	0	0	0	0	0	0	0	0
ASV8988	0	0	0	0	0	0	0	0	0	0	0	0	0	0	0	4.52509E-05	0	0	0	0	0	0	0	0	0	0	0
ASV8989	0	0	0	0	0	0	0	0	0	0	0	0	0	0	0	0	0	0	0	0	0	0	4.52509E-05	0	0	0	0
ASV8990	0	0	0	0	0	0	0	0	0	0	0	0	0	0	0	4.52509E-05	0	0	0	0	0	0	0	0	0	0	0
ASV8991	0	0	0	0	0	0	0	0	0	0	0	0	0	0	0	0	0	0	0	0	0	0	9.05018E-05	0	0	0	0
ASV8992	0	0	0	0	0	0	0	4.52509E-05	0	0	0	0	0	0	0	0	0	0	0	0	0	0	0	0	0	0	0
ASV8993	0	0	0	0	0	0	0	0	0	0	0	0	4.52509E-05	0	0	0	0	0	0	0	0	0	0	0	0	0	0
ASV8994	0	0	0	0	0	0	0	0	0	0	0	0	4.52509E-05	0	0	0	0	0	0	0	0	0	0	0	0	0	0
ASV8995	0	0	0	0	0	0	0	0	0	0	0	0	4.52509E-05	0	0	0	0	0	0	0	0	0	0	0	0	0	0
ASV8996	0	0	0	0	0	0	0	0	0	0	0	0	4.52509E-05	0	0	0	0	0	0	0	0	0	0	0	0	0	0
ASV8997	0	0	0	0	0	0	0	0	0	0	0	0	4.52509E-05	0	0	0	0	0	0	0	0	0	0	0	0	0	0
ASV8998	0	0	0	0	0	0	0	0	0	0	0	0	4.52509E-05	0	0	0	0	0	0	0	0	0	0	0	0	0	0
ASV8999	0	0	0	0	0	0	0	0	0	0	0	0	4.52509E-05	0	0	0	0	0	0	0	0	0	0	0	0	0	0
ASV9000	0	0	0	0	0	0	0	0	0	0	0	0	9.05018E-05	0	0	0	0	0	0	0	0	0	0	0	0	0	0
ASV9001	0	0	0	0	0	0	0	0	0	0	0	0	4.52509E-05	0	0	0	0	0	0	0	0	0	0	0	0	0	0
ASV9002	0	0	0	0	0	0	0	4.52509E-05	0	0	0	0	0	0	0	0	0	0	0	0	0	0	0	0	0	0	0
ASV9003	0	0	0	0	0	0	0	4.52509E-05	0	0	0	0	0	0	0	0	0	0	0	0	0	0	0	0	0	0	0
ASV9004	0	0	0	0	0	0	0	4.52509E-05	0	0	0	0	0	0	0	0	0	0	0	0	0	0	0	0	0	0	0
ASV9005	0	0	0	0	0	0	0	0.000135753	0	0	0	0	0	0	0	0	0	0	0	0	0	0	0	0	0	0	0
ASV9006	0	0	0	0	0	0	0	9.05018E-05	0	0	0	0	0	0	0	0	0	0	0	0	0	0	0	0	0	0	0
ASV9007	0	0	0	0	0	0	0	4.52509E-05	0	0	0	0	0	0	0	0	0	0	0	0	0	0	0	0	0	0	0
ASV9008	0	0	0	0	0	0	0	0	0	0	0	0	4.52509E-05	0	0	0	0	0	0	0	0	0	0	0	0	0	0
ASV9009	0	0	0	0	0	0	0	0	0	0	0	0	4.52509E-05	0	0	0	0	0	0	0	0	0	0	0	0	0	0
ASV9010	0	0	0	0	0	0	0	0	0	0	0	0	4.52509E-05	0	0	0	0	0	0	0	0	0	0	0	0	0	0
ASV9011	0	0	0	0	0	0	0	0	0	0	0	0	4.52509E-05	0	0	0	0	0	0	0	0	0	0	0	0	0	0
ASV9012	0	0	0	0	0	4.52509E-05	0	0	0	0	0	0	0	0	0	0	0	0	0	0	0	0	0	0	0	0	0
ASV9013	0	0	0	0	0	4.52509E-05	0	0	0	0	0	0	0	0	0	0	0	0	0	0	0	0	0	0	0	0	0
ASV9014	0	0	0	0	0	4.52509E-05	0	0	0	0	0	0	0	0	0	0	0	0	0	0	0	0	0	0	0	0	0
ASV9015	0	0	0	0	0	4.52509E-05	0	0	0	0	0	0	0	0	0	0	0	0	0	0	0	0	0	0	0	0	0
ASV9016	0	0	0	0	0	4.52509E-05	0	0	0	0	0	0	0	0	0	0	0	0	0	0	0	0	0	0	0	0	0
ASV9017	0	0	0	0	0	0	0	0	0	0	0	0	4.52509E-05	0	0	0	0	0	0	0	0	0	0	0	0	0	0
ASV9018	0	0	0	0	0	0	0	0	0	0	0	0	4.52509E-05	0	0	0	0	0	0	0	0	0	0	0	0	0	0
ASV9019	0	0	0	0	0	0	0	0	0	0	0	0	4.52509E-05	0	0	0	0	0	0	0	0	0	0	0	0	0	0
ASV9020	0	0	0	0	0	0	0	0	0	0	0	0	4.52509E-05	0	0	0	0	0	0	0	0	0	0	0	0	0	0
ASV9021	0	0	0	0	0	0	0	0	0	0	0	0	9.05018E-05	0	0	0	0	0	0	0	0	0	0	0	0	0	0
ASV9022	0	0	0	0	0	0	0	0	0	0	0	0	4.52509E-05	0	0	0	0	0	0	0	0	0	0	0	0	0	0
ASV9023	0	0	0	0	0	0	0	0	0	0	0	0	4.52509E-05	0	0	0	0	0	0	0	0	0	0	0	0	0	0
ASV9024	0	0	0	0	0	0	0	0	0	0	0	0	4.52509E-05	0	0	0	0	0	0	0	0	0	0	0	0	0	0
ASV9025	0	0	0	0	0	0	0	0	0	0	0	0	4.52509E-05	0	0	0	0	0	0	0	0	0	0	0	0	0	0
ASV9026	0	0	0	0	0	0	0	0.000135753	0	0	0	0	0	0	0	0	0	0	0	0	0	0	0	0	0	0	0
ASV9027	0	0	0	0	0	0	0	4.52509E-05	0	0	0	0	0	0	0	0	0	0	0	0	0	0	0	0	0	0	0
ASV9028	0	0	0	0	0	4.52509E-05	0	0	0	0	0	0	0	0	0	0	0	0	0	0	0	0	0	0	0	0	0
ASV9029	0	0	0	0	0	0	0	4.52509E-05	0	0	0	0	0	0	0	0	0	0	0	0	0	0	0	0	0	0	0
ASV9030	0	0	0	0	0	0	0	0	0	0	0	0	0	0	0	0	0	0	0	0	0	0	0	0	0	0	4.52509E-05
ASV9031	0	0	0	0	0	0	0	0	0	0	0	0	0	0	0	0	0	0	0	0	0	0	0	0	0	0	4.52509E-05
ASV9032	0	0	0	0	0	0	0	0	0	0	0	0	0	0	0	0	0	0	0	0	0	0	0	0	0	0	4.52509E-05
ASV9033	0	0	0	0	0	0	0	0	0	0	0	0	0	0	0	0	0	0	0	0	0	0	0	0	0	0	4.52509E-05
ASV9034	0	0	0	0	0	0	0	0	0	0	0	0	0	0	0	0	0	0	0	0	0	0	0	0	0	0	4.52509E-05
ASV9035	0	0	0	0	0	0	0	0	0	0	0	0	0	0	0	0	0	0	0	0	0	0	0	0	0	0	4.52509E-05
ASV9036	0	0	0	0	0	0	0	0	0	0	0	0	0	0	0	0	0	0	0	0	0	0	0	0	0	0	0.000135753
ASV9037	0	0	0	0	0	0	0	0	0	0	0	0	0	0	0	0	0	0	0	0	0	0	0	0	0	0	9.05018E-05
ASV9038	0	0	0	0	0	0	0	0	0	0	0	0	0	0	0	0	0	0	0	0	0	0	0	0	0	0	4.52509E-05
ASV9039	0	0	0	0	0	0	0	0	0	0	0	0	0	0	0	0	0	0	0	0	0	0	0	0	0	0	9.05018E-05
ASV9040	0	0	0	0	0	0	0	0	0	0	0	0	0	0	0	0	0	0	0	0	0	0	0	0	0	0	9.05018E-05
ASV9041	0	0	0	0	0	0	0	0	0	0	0	0	0	0	0	0	0	0	0	0	0	0	0	0	0	0	4.52509E-05
ASV9042	0	0	0	0	0	0	0	0	0	0	0	0	0	0	0	0	0	0	0	0	0	0	9.05018E-05	0	0	0	0
ASV9043	0	0	0	0	0	0	0	0	0	0	0	0	0	0	0	0	0	0	0	0	0	0	0	0	0	0	4.52509E-05
ASV9044	0	0	0	0	0	0	0	0	0	0	0	0	0	0	0	0	0	0	0	0	0	0	0	0	0	0	4.52509E-05
ASV9045	0	0	0	0	0	0	0	0	0	0	0	0	0	0	0	0	0	0	0	0	0	0	0	0	0	0	9.05018E-05
ASV9046	0	0	0	0	0	0	0	0	0	0	0	0	0	0	0	0	0	0	0	0	0	0	0	0	0	0	4.52509E-05
ASV9047	0	0	0	0	0	0	0	4.52509E-05	0	0	0	0	0	0	0	0	0	0	0	0	0	0	0	0	0	0	0
ASV9048	0	0	0	0	0	0	0	4.52509E-05	0	0	0	0	0	0	0	0	0	0	0	0	0	0	0	0	0	0	0
ASV9049	0	0	0	0	0	0	0	4.52509E-05	0	0	0	0	0	0	0	0	0	0	0	0	0	0	0	0	0	0	0
ASV9050	0	0	0	0	0	0	0	4.52509E-05	0	0	0	0	0	0	0	0	0	0	0	0	0	0	0	0	0	0	0
ASV9051	0	0	0	0	0	0	0	4.52509E-05	0	0	0	0	0	0	0	0	0	0	0	0	0	0	0	0	0	0	0
ASV9052	0	0	0	0	0	0	0	9.05018E-05	0	0	0	0	0	0	0	0	0	0	0	0	0	0	0	0	0	0	0
ASV9053	0	0	0	0	0	0	0	4.52509E-05	0	0	0	0	0	0	0	0	0	0	0	0	0	0	0	0	0	0	0
ASV9054	0	0	0	0	0	0	0	4.52509E-05	0	0	0	0	0	0	0	0	0	0	0	0	0	0	0	0	0	0	0
ASV9055	0	0	0	0	0	0	0	4.52509E-05	0	0	0	0	0	0	0	0	0	0	0	0	0	0	0	0	0	0	0
ASV9056	0	0	0	0	0	0	0	4.52509E-05	0	0	0	0	0	0	0	0	0	0	0	0	0	0	0	0	0	0	0
ASV9057	0	0	0	0	0	0	0	4.52509E-05	0	0	0	0	0	0	0	0	0	0	0	0	0	0	0	0	0	0	0
ASV9058	0	0	0	0	0	0	0	4.52509E-05	0	0	0	0	0	0	0	0	0	0	0	0	0	0	0	0	0	0	0
ASV9059	0	0	0	0	0	0	0	4.52509E-05	0	0	0	0	0	0	0	0	0	0	0	0	0	0	0	0	0	0	0
ASV9060	0	0	0	0	0	0	0	4.52509E-05	0	0	0	0	0	0	0	0	0	0	0	0	0	0	0	0	0	0	0
ASV9061	0	0	0	0	0	0	0	4.52509E-05	0	0	0	0	0	0	0	0	0	0	0	0	0	0	0	0	0	0	0
ASV9062	0	0	0	0	0	0	0	4.52509E-05	0	0	0	0	0	0	0	0	0	0	0	0	0	0	0	0	0	0	0
ASV9063	0	0	0	0	0	9.05018E-05	0	0	0	0	0	0	0	0	0	0	0	0	0	0	0	0	0	0	0	0	0
ASV9064	0	0	0	0	0	0	0	4.52509E-05	0	0	0	0	0	0	0	0	0	0	0	0	0	0	0	0	0	0	0
ASV9065	0	0	0	0	0	0	0	0	0	0	4.52509E-05	0	0	0	0	0	0	0	0	0	0	0	0	0	0	0	0
ASV9066	0	4.52509E-05	0	0	0	0	0	0	0	0	0	0	0	0	0	0	0	0	0	0	0	0	0	0	0	0	0
ASV9067	0	0	0	0	0	0	0	0	0	0	0	0	0	0	0	0	0	4.52509E-05	0	0	0	0	0	0	0	0	0
ASV9068	0	0	0	0	0	0	0	0	0	0	0	0	0	0	0	0	0	4.52509E-05	0	0	0	0	0	0	0	0	0
ASV9069	0	0	0	0	0	0	0	0	0	0	0	0	0	0	0	0	0	9.05018E-05	0	0	0	0	0	0	0	0	0
ASV9070	0	0	0	0	0	0	0	0	0	0	0	0	0	0	0	0	0	9.05018E-05	0	0	0	0	0	0	0	0	0
ASV9071	0	0	0	0	0	0	0	0	0	0	0	0	0	0	0	0	0	4.52509E-05	0	0	0	0	0	0	0	0	0
ASV9072	0	0	0	0	0	0	0	0	0	0	0	0	0	0	0	0	0	4.52509E-05	0	0	0	0	0	0	0	0	0
ASV9073	0	0	0	0	0	0	0	0	0	0	0	0	0	0	0	0	0	4.52509E-05	0	0	0	0	0	0	0	0	0
ASV9074	0	0	0	0	0	0	0	0	0	0	0	0	0	0	0	0	0	4.52509E-05	0	0	0	0	0	0	0	0	0
ASV9075	0	0	0	0	0	0	0	0	0	0	0	0	0	0	0	0	0	4.52509E-05	0	0	0	0	0	0	0	0	0
ASV9076	0	0	0	0	0	0	0	0	0	0	0	0	0	0	0	0	0	4.52509E-05	0	0	0	0	0	0	0	0	0
ASV9077	0	0	0	0	0	0	0	0	0	0	0	0	0	0	0	0	0	4.52509E-05	0	0	0	0	0	0	0	0	0
ASV9078	0	0	0	0	0	0	0	0	0	0	0	0	0	0	0	0	0	4.52509E-05	0	0	0	0	0	0	0	0	0
ASV9079	0	0	0	0	0	0	0	0	0	0	0	0	0	0	0	0	0	9.05018E-05	0	0	0	0	0	0	0	0	0
ASV9080	0	0	0	0	0	0	0	0	0	0	0	0	0	0	0	0	0	4.52509E-05	0	0	0	0	0	0	0	0	0
ASV9081	0	0	0	0	0	0	0	0	0	0	0	0	0	0	0	0	0	4.52509E-05	0	0	0	0	0	0	0	0	0
ASV9082	0	0	0	0	0	0	0	0	0	0	0	0	0	0	0	0	0	4.52509E-05	0	0	0	0	0	0	0	0	0
ASV9083	0	0	0	0	0	0	0	0	0	0	0	0	0	0	0	0	0	4.52509E-05	0	0	0	0	0	0	0	0	0
ASV9084	0	0	0	0	0	0	0	0	0	0	0	0	0	0	0	0	0	4.52509E-05	0	0	0	0	0	0	0	0	0
ASV9085	0	0	0	0	0	0	0	0	0	0	4.52509E-05	0	0	0	0	0	0	0	0	0	0	0	0	0	0	0	0
ASV9086	0	0	0	0	0	4.52509E-05	0	0	0	0	0	0	0	0	0	0	0	0	0	0	0	0	0	0	0	0	0
ASV9087	0	0	0	0	0	0	0	0	0	0	0	0	0	0	0	0	0	0	0	0	0	0	4.52509E-05	0	0	0	0
ASV9088	0	0	0	0	0	0	0	0	0	0	0	0	0	0	0	0	0	0	0	0	0	0	4.52509E-05	0	0	0	0
ASV9089	0	0	0	0	0	0	0	0	0	0	0	0	0	0	0	0	0	0	0	0	0	0	4.52509E-05	0	0	0	0
ASV9090	0	0	0	0	0	0	0	0	0	0	0	0	0	0	0	0	0	0	0	0	0	0	4.52509E-05	0	0	0	0
ASV9091	0	0	0	0	0	0	0	0	0	0	0.000135753	0	0	0	0	0	0	0	0	0	0	0	0	0	0	0	0
ASV9092	0	0	0	0	0	0	0	0	0	0	4.52509E-05	0	0	0	0	0	0	0	0	0	0	0	0	0	0	0	0
ASV9093	0	0	0	0	0	0	0	0	0	0	4.52509E-05	0	0	0	0	0	0	0	0	0	0	0	0	0	0	0	0
ASV9094	0	0	0	0	0	0	0	0	0	0	4.52509E-05	0	0	0	0	0	0	0	0	0	0	0	0	0	0	0	0
ASV9095	0	0	0	0	0	0	0	0	0	0	9.05018E-05	0	0	0	0	0	0	0	0	0	0	0	0	0	0	0	0
ASV9096	0	0	0	0	0	0	0	0	0	0	0.000135753	0	0	0	0	0	0	0	0	0	0	0	0	0	0	0	0
ASV9097	0	0	0	0	0	0	0	0	0	0	4.52509E-05	0	0	0	0	0	0	0	0	0	0	0	0	0	0	0	0
ASV9098	0	0	0	0	0	0	0	0	0	0	4.52509E-05	0	0	0	0	0	0	0	0	0	0	0	0	0	0	0	0
ASV9099	0	0	0	0	0	0	0	0	0	0	9.05018E-05	0	0	0	0	0	0	0	0	0	0	0	0	0	0	0	0
ASV9100	0	4.52509E-05	0	0	0	0	0	0	0	0	0	0	0	0	0	0	0	0	0	0	0	0	0	0	0	0	0
ASV9101	0	0	0	0	0	0	0	0	0	0	0	0	0	0	0	0	0	9.05018E-05	0	0	0	0	0	0	0	0	0
ASV9102	0	4.52509E-05	0	0	0	0	0	0	0	0	0	0	0	0	0	0	0	0	0	0	0	0	0	0	0	0	0
ASV9103	0	4.52509E-05	0	0	0	0	0	0	0	0	0	0	0	0	0	0	0	0	0	0	0	0	0	0	0	0	0
ASV9104	0	0	0	0	0	4.52509E-05	0	0	0	0	0	0	0	0	0	0	0	0	0	0	0	0	0	0	0	0	0
ASV9105	0	0	0	0	0	4.52509E-05	0	0	0	0	0	0	0	0	0	0	0	0	0	0	0	0	0	0	0	0	0
ASV9106	0	0	0	0	0	4.52509E-05	0	0	0	0	0	0	0	0	0	0	0	0	0	0	0	0	0	0	0	0	0
ASV9107	0	0	0	0	0	9.05018E-05	0	0	0	0	0	0	0	0	0	0	0	0	0	0	0	0	0	0	0	0	0
ASV9108	0	0	0	0	0	9.05018E-05	0	0	0	0	0	0	0	0	0	0	0	0	0	0	0	0	0	0	0	0	0
ASV9109	0	0	0	0	0	4.52509E-05	0	0	0	0	0	0	0	0	0	0	0	0	0	0	0	0	0	0	0	0	0
ASV9110	0	0	0	0	0	4.52509E-05	0	0	0	0	0	0	0	0	0	0	0	0	0	0	0	0	0	0	0	0	0
ASV9111	0	0	0	0	0	4.52509E-05	0	0	0	0	0	0	0	0	0	0	0	0	0	0	0	0	0	0	0	0	0
ASV9112	0	0	0	0	0	4.52509E-05	0	0	0	0	0	0	0	0	0	0	0	0	0	0	0	0	0	0	0	0	0
ASV9113	0	0	0	0	0	4.52509E-05	0	0	0	0	0	0	0	0	0	0	0	0	0	0	0	0	0	0	0	0	0
ASV9114	0	0	0	0	0	4.52509E-05	0	0	0	0	0	0	0	0	0	0	0	0	0	0	0	0	0	0	0	0	0
ASV9115	0	0	0	0	0	4.52509E-05	0	0	0	0	0	0	0	0	0	0	0	0	0	0	0	0	0	0	0	0	0
ASV9116	0	0	0	0	0	4.52509E-05	0	0	0	0	0	0	0	0	0	0	0	0	0	0	0	0	0	0	0	0	0
ASV9117	0	0	0	0	0	4.52509E-05	0	0	0	0	0	0	0	0	0	0	0	0	0	0	0	0	0	0	0	0	0
ASV9118	0	0	0	0	0	4.52509E-05	0	0	0	0	0	0	0	0	0	0	0	0	0	0	0	0	0	0	0	0	0
ASV9119	0	0.000135753	0	0	0	0	0	0	0	0	0	0	0	0	0	0	0	0	0	0	0	0	0	0	0	0	0
ASV9120	0	0	0	0	0	4.52509E-05	0	0	0	0	0	0	0	0	0	0	0	0	0	0	0	0	0	0	0	0	0
ASV9121	0	4.52509E-05	0	0	0	0	0	0	0	0	0	0	0	0	0	0	0	0	0	0	0	0	0	0	0	0	0
ASV9122	0	4.52509E-05	0	0	0	0	0	0	0	0	0	0	0	0	0	0	0	0	0	0	0	0	0	0	0	0	0
ASV9123	0	4.52509E-05	0	0	0	0	0	0	0	0	0	0	0	0	0	0	0	0	0	0	0	0	0	0	0	0	0
ASV9124	0	4.52509E-05	0	0	0	0	0	0	0	0	0	0	0	0	0	0	0	0	0	0	0	0	0	0	0	0	0
ASV9125	0	4.52509E-05	0	0	0	0	0	0	0	0	0	0	0	0	0	0	0	0	0	0	0	0	0	0	0	0	0
ASV9126	0	4.52509E-05	0	0	0	0	0	0	0	0	0	0	0	0	0	0	0	0	0	0	0	0	0	0	0	0	0
ASV9127	0	9.05018E-05	0	0	0	0	0	0	0	0	0	0	0	0	0	0	0	0	0	0	0	0	0	0	0	0	0
ASV9128	0	4.52509E-05	0	0	0	0	0	0	0	0	0	0	0	0	0	0	0	0	0	0	0	0	0	0	0	0	0
ASV9129	0	4.52509E-05	0	0	0	0	0	0	0	0	0	0	0	0	0	0	0	0	0	0	0	0	0	0	0	0	0
ASV9130	0	4.52509E-05	0	0	0	0	0	0	0	0	0	0	0	0	0	0	0	0	0	0	0	0	0	0	0	0	0
ASV9131	0	4.52509E-05	0	0	0	0	0	0	0	0	0	0	0	0	0	0	0	0	0	0	0	0	0	0	0	0	0
ASV9132	0	4.52509E-05	0	0	0	0	0	0	0	0	0	0	0	0	0	0	0	0	0	0	0	0	0	0	0	0	0
ASV9133	0	4.52509E-05	0	0	0	0	0	0	0	0	0	0	0	0	0	0	0	0	0	0	0	0	0	0	0	0	0
ASV9134	0	4.52509E-05	0	0	0	0	0	0	0	0	0	0	0	0	0	0	0	0	0	0	0	0	0	0	0	0	0
ASV9135	0	4.52509E-05	0	0	0	0	0	0	0	0	0	0	0	0	0	0	0	0	0	0	0	0	0	0	0	0	0
ASV9358	0	0	0	0	0	0	0	0	0	0	0	4.52509E-05	0	0	0	0	0	0	0	0	0	0	0	0	0	0	0
ASV9360	0	0	0	0	0	0	0	0	0	0	0	4.52509E-05	0	0	0	0	0	0	0	0	0	0	0	0	0	0	0
ASV9361	0	0	0	0	0	0	0	0	0	0	0	9.05018E-05	0	0	0	0	0	0	0	0	0	0	0	0	0	0	0
ASV9362	0	0	0	0	0	0	0	0	0	0	0	4.52509E-05	0	0	0	0	0	0	0	0	0	0	0	0	0	0	0
ASV9364	0	0	0	0	0	0	0	0	0	0	0	4.52509E-05	0	0	0	0	0	0	0	0	0	0	0	0	0	0	0
ASV9365	0	0	0	0	0	0	0	0	0	0	0	4.52509E-05	0	0	0	0	0	0	0	0	0	0	0	0	0	0	0
ASV9366	0	0	0	0	0	0	0	0	0	0	0	4.52509E-05	0	0	0	0	0	0	0	0	0	0	0	0	0	0	0
ASV9367	0	0	0	0	0	0	0	0	0	0	0	4.52509E-05	0	0	0	0	0	0	0	0	0	0	0	0	0	0	0
ASV9372	0	0	0	0	0	0	0	0	0	0	0	4.52509E-05	0	0	0	0	0	0	0	0	0	0	0	0	0	0	0
ASV9373	0	0	0	0	0	0	0	0	0	0	0	9.05018E-05	0	0	0	0	0	0	0	0	0	0	0	0	0	0	0
ASV9379	0	0	0	0	0	0	0	0	0	0	0	4.52509E-05	0	0	0	0	0	0	0	0	0	0	0	0	0	0	0
ASV9380	0	0	0	0	0	0	0	0	0	0	0	4.52509E-05	0	0	0	0	0	0	0	0	0	0	0	0	0	0	0
ASV9382	0	0	0	0	0	0	0	0	0	0	0	4.52509E-05	0	0	0	0	0	0	0	0	0	0	0	0	0	0	0
ASV9383	0	0	0	0	0	0	0	0	0	0	0	9.05018E-05	0	0	0	0	0	0	0	0	0	0	0	0	0	0	0
ASV9384	0	0	0	0	0	0	0	0	0	0	0	9.05018E-05	0	0	0	0	0	0	0	0	0	0	0	0	0	0	0
ASV9385	0	0	0	0	0	0	0	0	0	0	0	0.000135753	0	0	0	0	0	0	0	0	0	0	0	0	0	0	0
ASV9386	0	0	0	0	0	0	0	0	0	0	0	0	0	0	0	0	0	0	4.52509E-05	0	0	0	0	0	0	0	0
ASV9387	0	0	0	0	0	0	0	0	0	0	0	0	0	0	0	0	0	0	4.52509E-05	0	0	0	0	0	0	0	0
ASV9388	0	0	0	0	0	0	0	0	0	0	0	0	0	0	0	0	0	0	4.52509E-05	0	0	0	0	0	0	0	0
ASV9389	0	0	0	0	0	0	0	0	0	0	0	0	0	0	0	0	0	0	9.05018E-05	0	0	0	0	0	0	0	0
ASV9390	0	0	0	0	0	0	0	0	0	0	0	0	0	0	0	0	0	0	9.05018E-05	0	0	0	0	0	0	0	0
ASV9392	0	0	0	0	0	0	0	0	0	0	0	0	0	0	0	0	0	0	9.05018E-05	0	0	0	0	0	0	0	0
ASV9394	0	0	0	0	0	0	0	0	0	0	0	0	0	0	0	0	0	0	0.000135753	0	0	0	0	0	0	0	0
ASV9399	0	0	0	0	0	0	0	0	0	0	0	9.05018E-05	0	0	0	0	0	0	0	0	0	0	0	0	0	0	0
ASV9402	0	0	0	0	0	0	0	0	0	0	0	0	0	0	0	0	0	0	4.52509E-05	0	0	0	0	0	0	0	0
ASV9404	0	0	0	0	0	0	0	0	0	0	0	4.52509E-05	0	0	0	0	0	0	0	0	0	0	0	0	0	0	0
ASV9405	0	0	0	0	0	0	0	0	0	0	0	4.52509E-05	0	0	0	0	0	0	0	0	0	0	0	0	0	0	0
ASV9406	0	0	0	0	0	0	0	0	0	0	0	4.52509E-05	0	0	0	0	0	0	0	0	0	0	0	0	0	0	0
ASV9407	0	0	0	0	0	0	0	0	0	0	0	4.52509E-05	0	0	0	0	0	0	0	0	0	0	0	0	0	0	0
ASV9409	0	0	0	0	0	0	0	0	0	0	0	4.52509E-05	0	0	0	0	0	0	0	0	0	0	0	0	0	0	0
ASV9411	0	0	0	0	0	0	0	0	0	0	0	9.05018E-05	0	0	0	0	0	0	0	0	0	0	0	0	0	0	0
ASV9412	0	0	0	0	0	0	0	0	0	0	0	4.52509E-05	0	0	0	0	0	0	0	0	0	0	0	0	0	0	0
ASV9415	0	0	0	0	0	0	4.52509E-05	0	0	0	0	0	0	0	0	0	0	0	0	0	0	0	0	0	0	0	0
ASV9416	0	0	0	0	0	0	4.52509E-05	0	0	0	0	0	0	0	0	0	0	0	0	0	0	0	0	0	0	0	0
ASV9417	0	0	0	0	0	0	4.52509E-05	0	0	0	0	0	0	0	0	0	0	0	0	0	0	0	0	0	0	0	0
ASV9418	0	0	0	0	0	0	0	0	0	0	0	0	0	0	0	0	0	0	0	0	0	0	0	0	4.52509E-05	0	0
ASV9419	0	0	0	0	0	0	0	0	0	0	0	0	0	0	0	0	0	0	0	0	0	0	0	0	0.000135753	0	0
ASV9420	0	0	0	0	0	0	0	0	0	0	0	0	0	0	0	0	0	0	0	0	0	0	0	0	4.52509E-05	0	0
ASV9422	0	0	0	0	0	0	0	0	0	0	0	0	0	0	0	0	0	0	0	0	0	0	0	0	9.05018E-05	0	0
ASV9424	0	0	0	0	0	0	0	0	0	0	0	0	0	0	0	0	0	0	0	0	0	0	0	0	4.52509E-05	0	0
ASV9425	0	0	0	0	0	0	0	0	0	0	0	0	0	0	0	0	0	0	0	0	0	0	0	0	4.52509E-05	0	0
ASV9427	0	0	0	0	0	0	4.52509E-05	0	0	0	0	0	0	0	0	0	0	0	0	0	0	0	0	0	0	0	0
ASV9429	0	0	0	0	0	0	0	0	0	0	0	0	0	0	0	0	0	0	0	0	0	0	0	0	9.05018E-05	0	0
ASV9430	0	0	0	0	0	0	0	0	0	0	0	0	0	0	0	0	0	0	0	0	0	0	0	0	4.52509E-05	0	0
ASV9431	0	0	0	0	0	0	0	0	0	0	0	0	0	0	0	0	0	0	0	0	0	0	0	0	4.52509E-05	0	0
ASV9432	0	0	0	0	0	0	0	0	0	0	0	0	0	0	0	0	0	0	0	0	0	0	0	0	0.000135753	0	0
ASV9434	0	0	0	0	0	0	0	0	0	0	0	0	0	0	0	0	0	0	0	0	0	0	0	0	4.52509E-05	0	0
ASV9437	0	0	0	0	0	0	0	0	0	0	0	0	0	0	0	0	0	0	0	0	0	0	0	0	4.52509E-05	0	0
ASV9439	0	0	0	0	0	0	4.52509E-05	0	0	0	0	0	0	0	0	0	0	0	0	0	0	0	0	0	0	0	0
ASV9440	0	0	0	0	0	0	4.52509E-05	0	0	0	0	0	0	0	0	0	0	0	0	0	0	0	0	0	0	0	0
ASV9441	0	0	0	0	0	0	0	0	0	0	0	9.05018E-05	0	0	0	0	0	0	0	0	0	0	0	0	0	0	0
ASV9444	0	0	0	0	0	0	9.05018E-05	0	0	0	0	0	0	0	0	0	0	0	0	0	0	0	0	0	0	0	0
ASV9445	0	0	0	0	0	0	9.05018E-05	0	0	0	0	0	0	0	0	0	0	0	0	0	0	0	0	0	0	0	0
ASV9447	0	0	0	0	0	0	4.52509E-05	0	0	0	0	0	0	0	0	0	0	0	0	0	0	0	0	0	0	0	0
ASV9448	0	0	0	0	0	0	4.52509E-05	0	0	0	0	0	0	0	0	0	0	0	0	0	0	0	0	0	0	0	0
ASV9450	0	0	0	0	0	0	4.52509E-05	0	0	0	0	0	0	0	0	0	0	0	0	0	0	0	0	0	0	0	0
ASV9453	0	0	0	0	0	0	4.52509E-05	0	0	0	0	0	0	0	0	0	0	0	0	0	0	0	0	0	0	0	0
ASV9455	0	0	0	0	0	0	4.52509E-05	0	0	0	0	0	0	0	0	0	0	0	0	0	0	0	0	0	0	0	0
ASV9456	0	0	0	0	0	0	9.05018E-05	0	0	0	0	0	0	0	0	0	0	0	0	0	0	0	0	0	0	0	0
ASV9458	0	0	0	0	0	0	4.52509E-05	0	0	0	0	0	0	0	0	0	0	0	0	0	0	0	0	0	0	0	0
ASV9459	0	0	0	0	0	0	4.52509E-05	0	0	0	0	0	0	0	0	0	0	0	0	0	0	0	0	0	0	0	0
ASV9460	0	0	0	0	0	0	9.05018E-05	0	0	0	0	0	0	0	0	0	0	0	0	0	0	0	0	0	0	0	0
ASV9462	0	0	0	0	0	0	0.000135753	0	0	0	0	0	0	0	0	0	0	0	0	0	0	0	0	0	0	0	0
ASV9463	0	0	0	0	0	0	4.52509E-05	0	0	0	0	0	0	0	0	0	0	0	0	0	0	0	0	0	0	0	0
ASV9464	0	0	0	0	0	0	4.52509E-05	0	0	0	0	0	0	0	0	0	0	0	0	0	0	0	0	0	0	0	0
ASV9468	0	0	0	0	0	0	0	0	0	0	0	0	0	0	0	0	0	0	4.52509E-05	0	0	0	0	0	0	0	0
ASV9528	0	0	0	0	4.52509E-05	0	0	0	0	0	0	0	0	0	0	0	0	0	0	0	0	0	0	0	0	0	0
ASV9532	0	0	0	0	4.52509E-05	0	0	0	0	0	0	0	0	0	0	0	0	0	0	0	0	0	0	0	0	0	0
ASV9534	0	0	0	0	9.05018E-05	0	0	0	0	0	0	0	0	0	0	0	0	0	0	0	0	0	0	0	0	0	0
ASV9535	0	0	0	0	4.52509E-05	0	0	0	0	0	0	0	0	0	0	0	0	0	0	0	0	0	0	0	0	0	0
ASV9536	0	0	0	0	9.05018E-05	0	0	0	0	0	0	0	0	0	0	0	0	0	0	0	0	0	0	0	0	0	0
ASV9537	0	0	0	0	9.05018E-05	0	0	0	0	0	0	0	0	0	0	0	0	0	0	0	0	0	0	0	0	0	0
ASV9538	0	0	0	0	0	0	0	0	0	0	0	0	0	0	0	0	0	0	4.52509E-05	0	0	0	0	0	0	0	0
ASV9540	0	0	0	0	0	0	0	0	0	0	0	0	0	0	0	0	0	0	4.52509E-05	0	0	0	0	0	0	0	0
ASV9542	0	0	0	0	0	0	0	0	0	0	0	0	0	0	0	0	0	0	4.52509E-05	0	0	0	0	0	0	0	0
ASV9544	0	0	0	0	0	0	0	0	0	0	0	0	0	0	0	0	0	0	4.52509E-05	0	0	0	0	0	0	0	0
ASV9546	0	0	0	0	0	0	0	0	0	0	0	0	0	0	0	0	0	0	4.52509E-05	0	0	0	0	0	0	0	0
ASV9550	0	0	0	0	0	0	0	0	0	0	0	0	0	0	0	0	0	0	0.000135753	0	0	0	0	0	0	0	0
ASV9551	0	0	0	0	4.52509E-05	0	0	0	0	0	0	0	0	0	0	0	0	0	0	0	0	0	0	0	0	0	0
ASV9565	0	0	0	0	4.52509E-05	0	0	0	0	0	0	0	0	0	0	0	0	0	0	0	0	0	0	0	0	0	0
ASV9566	0	0	0	0	0.000135753	0	0	0	0	0	0	0	0	0	0	0	0	0	0	0	0	0	0	0	0	0	0
ASV9567	0	0	0	0	4.52509E-05	0	0	0	0	0	0	0	0	0	0	0	0	0	0	0	0	0	0	0	0	0	0
ASV9568	0	0	0	0	4.52509E-05	0	0	0	0	0	0	0	0	0	0	0	0	0	0	0	0	0	0	0	0	0	0
ASV9571	0	0	0	0	9.05018E-05	0	0	0	0	0	0	0	0	0	0	0	0	0	0	0	0	0	0	0	0	0	0
ASV9573	0	0	0	0	0.000135753	0	0	0	0	0	0	0	0	0	0	0	0	0	0	0	0	0	0	0	0	0	0
ASV9574	0	0	0	0	4.52509E-05	0	0	0	0	0	0	0	0	0	0	0	0	0	0	0	0	0	0	0	0	0	0
ASV9576	0	0	0	0	9.05018E-05	0	0	0	0	0	0	0	0	0	0	0	0	0	0	0	0	0	0	0	0	0	0
ASV9577	0	0	0	0	4.52509E-05	0	0	0	0	0	0	0	0	0	0	0	0	0	0	0	0	0	0	0	0	0	0
ASV9593	0	0	0	0	0	0	0	0	0	0	0	0	0	0	0	0	0	0	0	0	0	0	0	0	4.52509E-05	0	0
ASV10049	0	0	0.000135753	0	0	0	0	0	0	0	0	0	0	0	0	0	0	0	0	0	0	0	0	0	0	0	0
ASV10050	0	0	4.52509E-05	0	0	0	0	0	0	0	0	0	0	0	0	0	0	0	0	0	0	0	0	0	0	0	0
ASV10053	0	0	4.52509E-05	0	0	0	0	0	0	0	0	0	0	0	0	0	0	0	0	0	0	0	0	0	0	0	0
ASV10055	0	0	0	0	0	0	0	0	0	9.05018E-05	0	0	0	0	0	0	0	0	0	0	0	0	0	0	0	0	0
ASV10059	0	0	0	0	0	0	0	0	0	4.52509E-05	0	0	0	0	0	0	0	0	0	0	0	0	0	0	0	0	0
ASV10060	0	0	0	0	0	0	0	0	0	4.52509E-05	0	0	0	0	0	0	0	0	0	0	0	0	0	0	0	0	0
ASV10061	0	0	0	0	0	0	0	0	0	9.05018E-05	0	0	0	0	0	0	0	0	0	0	0	0	0	0	0	0	0
ASV10064	0	0	0	0	0	0	0	0	0	4.52509E-05	0	0	0	0	0	0	0	0	0	0	0	0	0	0	0	0	0
ASV10066	0	0	0	0	0	0	0	0	0	4.52509E-05	0	0	0	0	0	0	0	0	0	0	0	0	0	0	0	0	0
ASV10068	0	0	0	0	0	0	0	0	0	4.52509E-05	0	0	0	0	0	0	0	0	0	0	0	0	0	0	0	0	0
ASV10073	0	0	0	0	0	0	0	0	0	4.52509E-05	0	0	0	0	0	0	0	0	0	0	0	0	0	0	0	0	0
ASV10074	0	0	0	0	0	0	0	0	0	4.52509E-05	0	0	0	0	0	0	0	0	0	0	0	0	0	0	0	0	0
ASV10077	0	0	0	0	0	0	0	0	0	0.000135753	0	0	0	0	0	0	0	0	0	0	0	0	0	0	0	0	0
ASV10080	0	0	9.05018E-05	0	0	0	0	0	0	0	0	0	0	0	0	0	0	0	0	0	0	0	0	0	0	0	0
ASV10081	0	0	0	0	0	0	0	0	0	0	0	0	0	0	0	0	0	0	0	0	0	0	0	0	0	0	9.05018E-05
ASV10082	0	0	0	0	0	0	0	0	0	0	0	0	0	0	0	0	0	0	0	0	4.52509E-05	0	0	0	0	0	0
ASV10084	0	0	0	0	0	0	0	0	0	0	0	0	0	0	0	0	0	0	0	0	0.000135753	0	0	0	0	0	0
ASV10088	0	0	0	0	0	0	0	0	0	0	0	0	0	0	0	0	0	0	0	0	4.52509E-05	0	0	0	0	0	0
ASV10089	0	0	0	0	0	0	0	0	0	0	0	0	0	0	0	0	0	0	0	0	4.52509E-05	0	0	0	0	0	0
ASV10093	0	0	0	0	0	0	0	0	0	0	0	0	0	0	0	0	0	0	0	0	9.05018E-05	0	0	0	0	0	0
ASV10094	0	0	0	0	0	0	0	0	0	0	0	0	0	0	0	0	0	0	0	0	9.05018E-05	0	0	0	0	0	0
ASV10097	0	0	0	0	0	0	0	0	0	0	0	0	0	0	0	0	0	0	0	0	9.05018E-05	0	0	0	0	0	0
ASV10099	0	0	0	0	0	0	0	0	0	0	0	0	0	0	0	0	0	0	0	0	0.000135753	0	0	0	0	0	0
ASV10102	0	0	0	0	0	0	0	0	0	0	0	0	0	0	0	0	0	0	0	0	4.52509E-05	0	0	0	0	0	0
ASV10108	0	0	0	0	0	0	0	0	0	0	0	0	0	0	0	0	0	0	0	0	4.52509E-05	0	0	0	0	0	0
ASV10109	0	0	4.52509E-05	0	0	0	0	0	0	0	0	0	0	0	0	0	0	0	0	0	0	0	0	0	0	0	0
ASV10117	0	0	4.52509E-05	0	0	0	0	0	0	0	0	0	0	0	0	0	0	0	0	0	0	0	0	0	0	0	0
ASV10118	0	0	4.52509E-05	0	0	0	0	0	0	0	0	0	0	0	0	0	0	0	0	0	0	0	0	0	0	0	0
ASV10119	0	0	4.52509E-05	0	0	0	0	0	0	0	0	0	0	0	0	0	0	0	0	0	0	0	0	0	0	0	0
ASV10122	0	0	0	0	0	0	0	0	0	0	0	0	0	0	0	0	0	0	0	0	4.52509E-05	0	0	0	0	0	0
ASV10123	0	0	0	0	0	0	0	0	0	0	0	0	0	0	0	0	0	0	0	0	4.52509E-05	0	0	0	0	0	0
ASV10124	0	0	0	0	0	0	0	0	0	0	0	0	0	0	0	0	0	0	0	0	4.52509E-05	0	0	0	0	0	0
ASV10125	0	0	0	0	0	0	0	0	0	0	0	0	0	0	0	0	0	0	0	0	4.52509E-05	0	0	0	0	0	0
ASV10126	0	0	0	0	0	0	0	0	0	0	0	0	0	0	0	0	0	0	0	0	4.52509E-05	0	0	0	0	0	0
ASV10127	0	0	0	0	0	0	0	0	0	0	0	0	0	0	0	0	0	0	0	0	4.52509E-05	0	0	0	0	0	0
ASV10131	0	0	0	0	0	0	0	0	0	0	0	0	0	0	0	0	0	0	0	0	4.52509E-05	0	0	0	0	0	0
ASV10137	0	0	0	0	0	0	0	0	0	4.52509E-05	0	0	0	0	0	0	0	0	0	0	0	0	0	0	0	0	0
ASV10138	0	0	0	0	0	0	0	0	0	0	0	0	0	0	0.000135753	0	0	0	0	0	0	0	0	0	0	0	0
ASV10139	0	0	0	0	0	0	0	0	0	0	0	0	0	0	0	0	0	0	0	0	0	0	0	0	0	4.52509E-05	0
ASV10141	0	0	0	0	0	0	0	0	0	0	0	0	0	0	4.52509E-05	0	0	0	0	0	0	0	0	0	0	0	0
ASV10143	0	0	0	0	0	0	0	0	0	0	0	0	0	0	9.05018E-05	0	0	0	0	0	0	0	0	0	0	0	0
ASV10145	0	0	0	0	0	0	0	0	0	0	0	0	0	0	4.52509E-05	0	0	0	0	0	0	0	0	0	0	0	0
ASV10148	0	0	0	0	0	0	0	0	0	0	0	0	0	0	4.52509E-05	0	0	0	0	0	0	0	0	0	0	0	0
ASV10150	0	0	0	0	0	0	0	0	0	0	0	0	0	0	4.52509E-05	0	0	0	0	0	0	0	0	0	0	0	0
ASV10151	0	0	0	0	0	0	0	0	0	0	0	0	0	0	0	0	0	0	0	0	0	0	0	0	0	4.52509E-05	0
ASV10153	0	0	0	0	0	0	0	0	0	0	0	0	0	0	9.05018E-05	0	0	0	0	0	0	0	0	0	0	0	0
ASV10155	0	0	0	0	0	0	0	0	0	0	0	0	0	0	4.52509E-05	0	0	0	0	0	0	0	0	0	0	0	0
ASV10156	0	0	0	0	0	0	0	0	0	0	0	0	0	0	4.52509E-05	0	0	0	0	0	0	0	0	0	0	0	0
ASV10157	0	0	0	0	0	0	0	0	0	0	0	0	0	0	9.05018E-05	0	0	0	0	0	0	0	0	0	0	0	0
ASV10158	0	0	0	0	0	0	0	0	0	0	0	0	0	0	4.52509E-05	0	0	0	0	0	0	0	0	0	0	0	0
ASV10159	0	0	0	0	0	0	0	0	0	0	0	0	0	0	4.52509E-05	0	0	0	0	0	0	0	0	0	0	0	0
ASV10160	0	0	0	0	0	0	0	0	0	0	0	0	0	0	4.52509E-05	0	0	0	0	0	0	0	0	0	0	0	0
ASV10161	0	0	0	0	0	0	0	0	0	0	0	0	0	0	4.52509E-05	0	0	0	0	0	0	0	0	0	0	0	0
ASV10163	0	0	0	0	0	0	0	0	0	0	0	0	0	0	0	0	0	0	0	0	0	0	0	0	0	4.52509E-05	0
ASV10164	0	0	0	0	0	0	0	0	0	0	0	0	0	0	0	0	0	0	0	0	0	0	0	0	0	4.52509E-05	0
ASV10165	0	0	0	0	0	0	0	0	0	9.05018E-05	0	0	0	0	0	0	0	0	0	0	0	0	0	0	0	0	0
ASV10166	0	0	0	0	0	0	0	0	0	0	0	0	0	0	0	0	0	0	0	0	0	0	0	0	0	4.52509E-05	0
ASV10167	0	0	0	0	0	0	0	0	0	0	0	0	0	0	0	0	0	0	0	0	0	0	0	0	0	0	0.000181004
ASV10168	0	0	0	0	0	0	0	0	0	0	0	0	0	0	0	0	0	0	0	0	0	0	0	0	0	0	4.52509E-05
ASV10169	0	0	0	0	0	0	0	0	0	0	0	0	0	0	0	0	0	0	0	0	0	0	0	0	0	0	4.52509E-05
ASV10170	0	0	0	0	0	0	0	0	0	0	0	0	0	0	0	0	0	0	0	0	0	0	0	0	0	0	9.05018E-05
ASV10171	0	0	0	0	0	0	0	0	0	0	0	0	0	0	0	0	0	0	0	0	0	0	0	0	0	0	4.52509E-05
ASV10173	0	0	0	0	0	0	0	0	0	0	0	0	0	0	0	0	0	0	0	0	0	0	0	0	0	0	0.000181004
ASV10175	0	0	0	0	0	0	0	0	0	0	0	0	0	0	0	0	0	0	0	0	0	0	0	0	0	4.52509E-05	0
ASV10176	0	0	0	0	0	0	0	0	0	0	0	0	0	0	0	0	0	0	0	0	0	0	0	0	0	4.52509E-05	0
ASV10177	0	0	0	0	0	0	0	0	0	0	0	0	0	0	0	0	0	0	0	0	0	0	0	0	0	4.52509E-05	0
ASV10178	0	0	0	0	0	0	0	0	0	0	0	0	0	0	0	0	0	0	0	0	0	0	0	0	0	4.52509E-05	0
ASV10179	0	0	0	0	0	0	0	0	0	0	0	0	0	0	0	0	0	0	0	0	0	0	0	0	0	4.52509E-05	0
ASV10180	0	0	0	0	0	0	0	0	0	0	0	0	0	0	0	0	0	0	0	0	0	0	0	0	0	4.52509E-05	0
ASV10181	0	0	0	0	0	0	0	0	0	0	0	0	0	0	0	0	0	0	0	0	0	0	0	0	0	4.52509E-05	0
ASV10182	0	0	0	0	0	0	0	0	0	0	0	0	0	0	0	0	0	0	0	0	0	0	0	0	0	4.52509E-05	0
ASV10183	0	0	0	0	0	0	0	0	0	0	0	0	0	0	0	0	0	0	0	0	0	0	0	0	0	4.52509E-05	0
ASV10184	0	0	0	0	0	0	0	0	0	0	0	0	0	0	0	0	0	0	0	0	0	0	0	0	0	4.52509E-05	0
ASV10185	0	0	0	0	0	0	0	0	0	0	0	0	0	0	0	0	0	0	0	0	0	0	0	0	0	4.52509E-05	0
ASV10186	0	0	0	0	0	0	0	0	0	0	0	0	0	0	0	0	0	0	0	0	0	0	0	0	0	4.52509E-05	0
ASV10187	0	0	0	0	0	0	0	0	0	0	0	0	0	0	0	0	0	0	0	0	0	0	0	0	0	4.52509E-05	0
ASV10188	0	0	0	0	0	0	0	0	0	0	0	0	0	0	0	0	0	0	0	0	0	0	0	0	0	4.52509E-05	0
ASV10189	0	0	0	0	0	0	0	0	0	0	0	0	0	0	0	0	0	0	0	0	0	0	0	0	0	4.52509E-05	0
ASV10190	0	0	0	0	0	0	0	0	0	0	0	0	0	0	0	0	0	0	0	0	0	0	0	0	0	4.52509E-05	0
ASV10194	0	0	0	0	0	0	0	0	0	0	0	0	0	0	0	0	0	0	0	0	0	4.52509E-05	0	0	0	0	0
ASV10195	0	0	0	0	0	0	0	0	0	0	0	0	0	0	0	0	0	0	0	0	0	9.05018E-05	0	0	0	0	0
ASV10196	0	0	0	0	0	0	0	0	0	0	0	0	0	0	0	0	0	0	0	0	0	4.52509E-05	0	0	0	0	0
ASV10197	0	0	0	0	0	0	0	0	0	0	0	0	0	0	0	0	0	0	0	0	0	4.52509E-05	0	0	0	0	0
ASV10198	0	0	0	0	0	0	0	0	0	0	0	0	0	0	0	0	0	0	0	0	0	0.000135753	0	0	0	0	0
ASV10199	0	0	0	0	0	0	0	0	0	0	0	0	0	0	0	0	0	0	0	0	0	0.000135753	0	0	0	0	0
ASV10200	0	0	0	0	0	0	0	0	0	0	0	0	0	0	0	0	0	0	0	0	0	4.52509E-05	0	0	0	0	0
ASV10201	0	0	0	0	0	0	0	0	0	0	0	0	0	0	0	0	0	0	0	0	0	0.000135753	0	0	0	0	0
ASV10202	0	0	0	0	0	0	0	0	0	0	0	0	0	0	0	0	0	0	0	0	0	4.52509E-05	0	0	0	0	0
ASV10203	0	0	0	0	0	0	0	0	0	0	0	0	0	0	0	0	0	0	0	0	0	9.05018E-05	0	0	0	0	0
ASV10204	0	0	0	0	0	0	0	0	0	0	0	0	0	0	0	0	0	0	0	0	0	0.000135753	0	0	0	0	0
ASV10208	0	0	0	0	0	0	0	0	0	0	0	0	0	0	0	0	0	0	0	0	0	9.05018E-05	0	0	0	0	0
ASV10209	0	0	0	0	0	0	0	0	0	0	0	0	0	0	0	0	0	0	0	0	0	9.05018E-05	0	0	0	0	0
ASV10210	0	0	0	0	0	0	0	0	0	0	0	0	0	0	0	0	0	0	0	0	0	9.05018E-05	0	0	0	0	0
ASV10211	0	0	0	0	0	0	0	0	0	0	0	0	0	0	0	0	0	0	0	0	0	4.52509E-05	0	0	0	0	0
ASV10212	0	0	0	0	0	0	0	0	0	0	0	0	0	0	0	0	0	0	0	0	0	9.05018E-05	0	0	0	0	0
ASV10213	0	0	0	0	0	0	0	0	0	4.52509E-05	0	0	0	0	0	0	0	0	0	0	0	0	0	0	0	0	0
ASV10214	0	0	0	0	0	0	0	0	0	4.52509E-05	0	0	0	0	0	0	0	0	0	0	0	0	0	0	0	0	0
ASV10215	0	0	0	0	0	0	0	0	0	4.52509E-05	0	0	0	0	0	0	0	0	0	0	0	0	0	0	0	0	0
ASV10216	0	0	0	0	0	0	0	0	0	4.52509E-05	0	0	0	0	0	0	0	0	0	0	0	0	0	0	0	0	0
ASV10217	0	0	0	0	0	0	0	0	0	4.52509E-05	0	0	0	0	0	0	0	0	0	0	0	0	0	0	0	0	0
ASV10218	0	0	0	0	0	0	0	0	0	4.52509E-05	0	0	0	0	0	0	0	0	0	0	0	0	0	0	0	0	0
ASV10220	0	0	0	0	0	0	0	0	0	0	0	0	0	0	0	0	0	0	0	0	0	9.05018E-05	0	0	0	0	0
ASV10221	0	0	0	0	0	0	0	0	0	0	0	0	0	0	0	0	0	0	0	0	0	4.52509E-05	0	0	0	0	0
ASV10222	0	0	0	0	0	0	0	0	0	0	0	0	0	0	0	0	0	0	0	0	0	4.52509E-05	0	0	0	0	0
ASV10224	0	0	0	0	0	0	0	0	0	0	0	0	0	0	4.52509E-05	0	0	0	0	0	0	0	0	0	0	0	0
ASV10227	0	0	0	0	0	0	0	0	0	0	0	0	0	0	9.05018E-05	0	0	0	0	0	0	0	0	0	0	0	0
ASV10228	0	0	0	0	0	0	0	0	0	0	0	0	0	0	9.05018E-05	0	0	0	0	0	0	0	0	0	0	0	0
ASV10229	0	0	0	0	0	0	0	0	0	0	0	0	0	0	9.05018E-05	0	0	0	0	0	0	0	0	0	0	0	0
ASV10231	0	0	0	0	0	0	0	0	0	0	0	0	0	0	9.05018E-05	0	0	0	0	0	0	0	0	0	0	0	0
ASV10234	0	0	0	0	0	0	0	0	0	0	0	0	0	0	4.52509E-05	0	0	0	0	0	0	0	0	0	0	0	0
ASV10235	0	0	0	0	0	0	0	0	0	0	0	0	0	0	4.52509E-05	0	0	0	0	0	0	0	0	0	0	0	0
ASV10237	0	0	0	0	0	0	0	0	0	0	0	0	0	0	0	0	0	0	0	0	0	9.05018E-05	0	0	0	0	0
ASV10238	0	0	0	0	0	0	0	0	0	0	0	0	0	0	0	0	0	0	0	0	0	9.05018E-05	0	0	0	0	0
ASV10240	0	0	0	0	0	0	0	0	0	0	0	0	0	0	0	0	0	0	0	0	0	0.000135753	0	0	0	0	0
ASV10242	0	0	0	0	0	0	0	0	0	0	0	0	0	0	0	0	0	0	0	0	0	9.05018E-05	0	0	0	0	0
ASV10243	0	0	0	0	0	0	0	0	0	0	0	0	0	0	0	0	0	0	0	0	0	9.05018E-05	0	0	0	0	0
ASV10244	0	0	0	0	0	0	0	0	0	0	0	0	0	0	0	0	0	0	0	0	0	4.52509E-05	0	0	0	0	0
ASV10246	0	0	0	0	0	0	0	0	0	0	0	0	0	0	0	0	0	0	0	0	9.05018E-05	0	0	0	0	0	0
ASV10248	0	0	0	0	0	0	0	0	0	0	0	0	0	0	0	0	9.05018E-05	0	0	0	0	0	0	0	0	0	0
ASV10385	0	0	0	0	0	0	0	0	0	0	0	0	0	0	0	0	4.52509E-05	0	0	0	0	0	0	0	0	0	0
ASV10386	0	0	0	0	0	0	0	0	0	0	0	0	0	0	0	0	9.05018E-05	0	0	0	0	0	0	0	0	0	0
ASV10388	0	0	0	0	0	0	0	0	0	0	0	0	0	0	0	0	4.52509E-05	0	0	0	0	0	0	0	0	0	0
ASV10389	0	0	0	0	0	0	0	0	0	0	0	0	0	0	0	0	0.000135753	0	0	0	0	0	0	0	0	0	0
ASV10393	0	0	0	0	0	0	0	0	0	0	0	0	0	0	0	0	0.000135753	0	0	0	0	0	0	0	0	0	0
ASV10394	0	0	0	0	0	0	0	0	0	0	0	0	0	0	0	0	9.05018E-05	0	0	0	0	0	0	0	0	0	0
ASV10396	0	0	0	0	0	0	0	0	0	0	0	0	0	0	0	0	0.000135753	0	0	0	0	0	0	0	0	0	0
ASV10397	0	0	0	0	0	0	0	0	0	0	0	0	0	0	0	0	4.52509E-05	0	0	0	0	0	0	0	0	0	0
ASV10398	0	0	0	0	0	0	0	0	0	0	0	0	0	0	0	0	9.05018E-05	0	0	0	0	0	0	0	0	0	0
ASV10400	0	0	0	0	0	0	0	0	0	0	0	0	0	0	0	0	9.05018E-05	0	0	0	0	0	0	0	0	0	0
ASV10404	0	0	0	0	0	0	0	0	0	0	0	0	0	0	0	0	0.000135753	0	0	0	0	0	0	0	0	0	0
ASV10409	0	0	0	0	0	0	0	0	0	0	0	0	0	0	0	0	4.52509E-05	0	0	0	0	0	0	0	0	0	0
ASV10410	0	0	0	0	0	0	0	0	0	0	0	0	0	0	0	0	4.52509E-05	0	0	0	0	0	0	0	0	0	0
ASV10411	0	0	0	0	0	0	0	0	0	0	0	0	0	0	0	0	9.05018E-05	0	0	0	0	0	0	0	0	0	0
ASV10412	0	0	0	0	0	0	0	0	0	0	0	0	0	0	0	0	4.52509E-05	0	0	0	0	0	0	0	0	0	0
ASV10469	0	0	0	0	0	0	0	0	0	0	0	0	0	0	0	0	0	0	0	0	0	0	0	0	0	0	4.52509E-05
ASV10470	0	0	0	0	0	0	0	0	0	0	0	0	0	0	0	0	0	0	0	0	0	0	0	0	4.52509E-05	0	0
ASV10472	0	0	0	0	0	0	0	0	0	0	0	0	0	0	0	0	0	0	0	0	0	0	0	4.52509E-05	0	0	0
ASV10474	0	0	0	0	0	0	0	0	0	0	0	0	0	0	0	0	0	0	0	0	0	0	0	0.000135753	0	0	0
ASV10475	0	0	0	0	0	0	0	0	0	0	0	0	0	0	0	0	0	0	0	0	0	0	0	4.52509E-05	0	0	0
ASV10476	0	0	0	0	0	0	0	0	0	0	0	0	0	0	0	0	0	0	0	0	0	0	0	4.52509E-05	0	0	0
ASV10477	0	0	0	0	0	0	0	0	0	0	0	0	0	0	0	0	0	0	0	0	0	0	0	4.52509E-05	0	0	0
ASV10479	0	0	0	0	0	0	0	0	0	0	0	0	0	0	0	0	0	0	0	4.52509E-05	0	0	0	0	0	0	0
ASV10480	0	0	0	0	0	0	0	0	0	0	0	0	0	0	0	0	0	0	0	4.52509E-05	0	0	0	0	0	0	0
ASV10481	0	0	0	0	0	0	0	0	0	0	0	0	0	0	0	0	0	0	0	4.52509E-05	0	0	0	0	0	0	0
ASV10483	0	0	0	0	0	0	0	0	0	0	0	0	0	0	0	0	0	0	0	4.52509E-05	0	0	0	0	0	0	0
ASV10485	0	0	0	0	0	0	0	0	0	0	0	0	0	0	0	0	0	0	0	9.05018E-05	0	0	0	0	0	0	0
ASV10488	0	0	0	0	0	0	0	0	0	0	0	0	0	0	0	0	0	0	0	4.52509E-05	0	0	0	0	0	0	0
ASV10491	0	0	0	0	0	0	0	0	0	0	0	0	0	0	0	0	0	0	0	9.05018E-05	0	0	0	0	0	0	0
ASV10496	0	0	0	0	0	0	0	0	0	0	0	0	0	0	0	0	0	0	0	0	0	0	0	4.52509E-05	0	0	0
ASV10497	0	0	0	0	0	0	0	0	0	0	0	0	0	0	0	0	0	0	0	0	0	0	0	4.52509E-05	0	0	0
ASV10499	0	0	0	0	0	0	0	0	0	0	0	0	0	0	0	0	0	0	0	0	0	0	0	4.52509E-05	0	0	0
ASV10501	0	0	0	0	0	0	0	0	0	0	0	0	0	0	0	4.52509E-05	0	0	0	0	0	0	0	0	0	0	0
ASV10502	0	0	0	0	0	0	0	0	0	0	0	0	0	0	0	4.52509E-05	0	0	0	0	0	0	0	0	0	0	0
ASV10505	0	0	0	0	0	0	0	0	0	0	0	0	0	0	0	0	0	0	0	0	0	0	0	9.05018E-05	0	0	0
ASV10506	0	0	0	0	0	0	0	0	0	0	0	0	0	0	0	0	0	0	0	0	0	0	0	9.05018E-05	0	0	0
ASV10507	0	0	0	0	0	0	0	0	0	0	0	0	0	0	0	0	0	0	0	0	0	0	0	4.52509E-05	0	0	0
ASV10508	0	0	0	0	0	0	0	0	0	0	0	0	0	0	0	0	0	0	0	0	0	0	0	4.52509E-05	0	0	0
ASV10509	0	0	0	0	0	0	0	0	0	0	0	0	0	0	0	0	0	0	0	0	0	0	0	9.05018E-05	0	0	0
ASV10510	0	0	0	0	0	0	0	0	0	0	0	0	0	0	0	0	0	0	0	0	0	0	0	4.52509E-05	0	0	0
ASV10511	0	0	0	0	0	0	0	0	0	0	0	0	0	0	0	0	0	0	0	0	0	0	0	4.52509E-05	0	0	0
ASV10513	0	0	0	0	0	0	0	0	0	0	0	0	0	0	0	0	0	0	0	0	0	0	0	0.000135753	0	0	0
ASV10515	0	0	0	0	0	0	0	0	0	0	0	0	0	0	0	0	0	0	0	0	0	0	0	4.52509E-05	0	0	0
ASV10516	0	0	0	0	0	0	0	0	0	0	0	0	0	0	0	0	0	0	0	0	0	0	0	9.05018E-05	0	0	0
ASV10517	0	0	0	0	0	0	0	0	0	0	0	0	0	0	0	0	0	0	0	0	0	0	0	0.000181004	0	0	0
ASV10518	0	0	0	0	0	0	0	0	0	0	0	0	0	0	0	0	0	0	0	0	0	0	0	9.05018E-05	0	0	0
ASV10521	0	0	0	0	0	0	0	0	0	0	0	0	0	0	0	0	0	0	0	0	0	0	0	4.52509E-05	0	0	0
ASV10522	0	0	0	0	0	0	0	0	0	0	0	0	0	0	0	0	0	0	0	0	0	0	0	9.05018E-05	0	0	0
ASV10525	0	0	0	0	0	0	0	0	0	0	0	0	0	0	0	0	0	0	0	4.52509E-05	0	0	0	0	0	0	0
ASV10526	0	0	0	0	0	0	0	0	0	0	0	0	0	0	0	0	0	0	0	0	0	0	0	0	0	0	4.52509E-05
ASV10527	0	0	0	0	0	0	0	0	0	0	0	0	0	0	0	0	0	0	0	0	0	0	9.05018E-05	0	0	0	0
ASV10528	0	0	0	0	0	0	0	0	0	0	0	0	0	0	0	0	0	0	0	0	0	0	4.52509E-05	0	0	0	0
ASV10529	0	0	0	0	0	0	0	0	0	0	0	0	0	0	0	0	0	0	0	0	0	0	9.05018E-05	0	0	0	0
ASV10530	0	0	0	0	0	0	0	0	0	0	0	0	0	0	0	0	0	0	0	0	0	0	4.52509E-05	0	0	0	0
ASV10531	0	0	0	0	0	0	0	0	0	0	0	0	0	0	0	0	0	0	0	0	0	0	4.52509E-05	0	0	0	0
ASV10535	0	0	0	0	0	0	0	0	0	0	0	0	0	0	0	0	0	0	0	0	0	0	4.52509E-05	0	0	0	0
ASV10537	0	0	0	0	0	0	0	0	0	0	0	0	0	0	0	0	0	0	0	0	0	0	9.05018E-05	0	0	0	0
ASV10538	0	0	0	0	0	0	0	0	0	0	0	0	0	0	0	0	0	0	0	0	0	0	4.52509E-05	0	0	0	0
ASV10539	0	0	0	0	0	0	0	0	0	0	0	0	0	0	0	0	0	0	0	0	0	0	9.05018E-05	0	0	0	0
ASV10540	0	0	0	0	0	0	0	0	0	0	0	0	0	0	0	0	0	0	0	0	0	0	9.05018E-05	0	0	0	0
ASV10541	0	0	0	0	0	0	0	0	0	0	0	0	0	0	0	0	0	0	0	0	0	0	4.52509E-05	0	0	0	0
ASV10542	0	0	0	0	0	0	0	0	0	0	0	0	0	0	0	0	0	0	0	0	0	0	9.05018E-05	0	0	0	0
ASV10544	0	0	0	0	0	0	0	0	0	0	0	0	0	0	0	0	0	0	0	0	0	0	9.05018E-05	0	0	0	0
ASV10546	0	0	0	0	0	0	0	0	0	0	0	0	0	0	0	0	0	0	0	0	0	0	0.000135753	0	0	0	0
ASV10547	0	0	0	0	0	0	0	0	0	0	4.52509E-05	0	0	0	0	0	0	0	0	0	0	0	0	0	0	0	0
ASV10548	0	0	0	0	0	0	0	0	0	0	4.52509E-05	0	0	0	0	0	0	0	0	0	0	0	0	0	0	0	0
ASV10549	0	0	0	0	0	0	0	0	0	0	4.52509E-05	0	0	0	0	0	0	0	0	0	0	0	0	0	0	0	0
ASV10550	0	0	0	0	0	0	0	0	0	0	4.52509E-05	0	0	0	0	0	0	0	0	0	0	0	0	0	0	0	0
ASV10551	0	0	0	0	0	0	0	0	0	0	4.52509E-05	0	0	0	0	0	0	0	0	0	0	0	0	0	0	0	0
ASV10552	0	0	0	0	0	0	0	0	0	0	0	0	0	0	0	0	0	0	0	0	0	0	9.05018E-05	0	0	0	0
ASV10553	0	0	0	0	0	0	0	0	0	0	0	0	0	0	0	0	0	0	0	0	0	0	9.05018E-05	0	0	0	0
ASV10554	0	0	0	0	0	0	0	0	0	0	0	0	0	0	0	0	0	0	0	9.05018E-05	0	0	0	0	0	0	0
ASV10558	0	0	0	4.52509E-05	0	0	0	0	0	0	0	0	0	0	0	0	0	0	0	0	0	0	0	0	0	0	0
ASV10560	0	0	0	4.52509E-05	0	0	0	0	0	0	0	0	0	0	0	0	0	0	0	0	0	0	0	0	0	0	0
ASV10561	0	0	0	4.52509E-05	0	0	0	0	0	0	0	0	0	0	0	0	0	0	0	0	0	0	0	0	0	0	0
ASV10562	0	0	0	4.52509E-05	0	0	0	0	0	0	0	0	0	0	0	0	0	0	0	0	0	0	0	0	0	0	0
ASV10563	0	0	0	0.000135753	0	0	0	0	0	0	0	0	0	0	0	0	0	0	0	0	0	0	0	0	0	0	0
ASV10564	0	0	0	4.52509E-05	0	0	0	0	0	0	0	0	0	0	0	0	0	0	0	0	0	0	0	0	0	0	0
ASV10565	0	0	0	4.52509E-05	0	0	0	0	0	0	0	0	0	0	0	0	0	0	0	0	0	0	0	0	0	0	0
ASV10570	0	0	0	9.05018E-05	0	0	0	0	0	0	0	0	0	0	0	0	0	0	0	0	0	0	0	0	0	0	0
ASV10571	0	0	0	9.05018E-05	0	0	0	0	0	0	0	0	0	0	0	0	0	0	0	0	0	0	0	0	0	0	0
ASV10572	0	0	0	9.05018E-05	0	0	0	0	0	0	0	0	0	0	0	0	0	0	0	0	0	0	0	0	0	0	0
ASV10573	0	0	0	0.000135753	0	0	0	0	0	0	0	0	0	0	0	0	0	0	0	0	0	0	0	0	0	0	0
ASV10575	0	0	0	4.52509E-05	0	0	0	0	0	0	0	0	0	0	0	0	0	0	0	0	0	0	0	0	0	0	0
ASV10577	0	0	0	0	0	0	0	0	0	0	0	0	0	0	0	0	0	0	0	0	0	0	4.52509E-05	0	0	0	0
ASV10579	0	0	0	0	0	0	0	0	0	0	0	0	0	0	0	0	0	0	0	0	0	0	4.52509E-05	0	0	0	0
ASV10580	0	0	0	0	0	0	0	0	0	0	0	0	0	0	0	4.52509E-05	0	0	0	0	0	0	0	0	0	0	0
ASV10581	0	0	0	0	0	0	0	0	0	0	0	0	0	0	0	4.52509E-05	0	0	0	0	0	0	0	0	0	0	0
ASV10582	0	0	0	0	0	0	0	0	0	0	0	0	0	0	0	4.52509E-05	0	0	0	0	0	0	0	0	0	0	0
ASV10583	0	0	0	0	0	0	0	0	0	0	0	0	0	9.05018E-05	0	0	0	0	0	0	0	0	0	0	0	0	0
ASV10584	0	0	0	0	0	0	0	0	0	0	0	0	0	4.52509E-05	0	0	0	0	0	0	0	0	0	0	0	0	0
ASV10586	0	0	0	0	0	0	0	0	0	0	0	0	0	4.52509E-05	0	0	0	0	0	0	0	0	0	0	0	0	0
ASV10587	0	0	0	0	0	0	0	0	0	0	0	0	0	4.52509E-05	0	0	0	0	0	0	0	0	0	0	0	0	0
ASV10589	0	0	0	0	0	0	0	0	0	0	0	0	0	9.05018E-05	0	0	0	0	0	0	0	0	0	0	0	0	0
ASV10590	0	0	0	0	0	0	0	0	0	0	0	0	0	4.52509E-05	0	0	0	0	0	0	0	0	0	0	0	0	0
ASV10592	0	0	0	0	0	0	0	0	0	0	0	0	0	4.52509E-05	0	0	0	0	0	0	0	0	0	0	0	0	0
ASV10593	0	0	0	0	0	0	0	0	0	0	0	0	0	9.05018E-05	0	0	0	0	0	0	0	0	0	0	0	0	0
ASV10594	0	0	0	0	0	0	0	0	0	0	0	0	0	9.05018E-05	0	0	0	0	0	0	0	0	0	0	0	0	0
ASV10595	0	0	0	0	0	0	0	0	4.52509E-05	0	0	0	0	0	0	0	0	0	0	0	0	0	0	0	0	0	0
ASV10597	0	0	0	0	0	0	0	0	4.52509E-05	0	0	0	0	0	0	0	0	0	0	0	0	0	0	0	0	0	0
ASV10603	0	0	0	0	0	0	0	0	9.05018E-05	0	0	0	0	0	0	0	0	0	0	0	0	0	0	0	0	0	0
ASV10605	0	0	0	0	0	0	0	0	9.05018E-05	0	0	0	0	0	0	0	0	0	0	0	0	0	0	0	0	0	0
ASV10606	0	0	0	0	0	0	0	0	9.05018E-05	0	0	0	0	0	0	0	0	0	0	0	0	0	0	0	0	0	0
ASV10607	0	0	0	0	0	0	0	0	4.52509E-05	0	0	0	0	0	0	0	0	0	0	0	0	0	0	0	0	0	0
ASV10612	0	0	0	0	0	0	0	0	0	0	0	0	0	0	0	0	0	0	0	0	0	0	0	0	4.52509E-05	0	0
ASV10614	0	0	0	0	0	0	0	0	0	0	0	0	0	0	0	0	0	0	0	0	0	0	0	0	4.52509E-05	0	0
ASV10615	0	0	0	0	0	0	0	0	0	0	0	0	0	9.05018E-05	0	0	0	0	0	0	0	0	0	0	0	0	0
ASV10617	0	0	0	0	0	0	0	0	0	0	0	0	0	4.52509E-05	0	0	0	0	0	0	0	0	0	0	0	0	0
ASV10618	0	0	0	0	0	0	0	0	0	0	0	0	0	4.52509E-05	0	0	0	0	0	0	0	0	0	0	0	0	0
ASV10620	0	0	0	0	0	0	0	0	0	0	0	0	0	9.05018E-05	0	0	0	0	0	0	0	0	0	0	0	0	0
ASV10621	0	0	0	0	0	0	0	0	0	0	0	0	0	0.000135753	0	0	0	0	0	0	0	0	0	0	0	0	0
ASV10622	0	0	0	0	0	0	0	0	0	0	0	0	0	9.05018E-05	0	0	0	0	0	0	0	0	0	0	0	0	0
ASV10623	0	0	0	0	0	0	0	0	0	0	0	0	0	4.52509E-05	0	0	0	0	0	0	0	0	0	0	0	0	0
ASV10625	0	0	0	0	0	0	0	0	0	0	0	0	0	9.05018E-05	0	0	0	0	0	0	0	0	0	0	0	0	0
ASV10626	0	0	0	0	0	0	0	0	0	0	0	0	0	4.52509E-05	0	0	0	0	0	0	0	0	0	0	0	0	0
ASV10629	0	0	0	0	0	0	0	0	0	0	0	0	0	4.52509E-05	0	0	0	0	0	0	0	0	0	0	0	0	0
ASV10630	0	0	0	0	0	0	0	0	0	0	0	0	0	4.52509E-05	0	0	0	0	0	0	0	0	0	0	0	0	0
ASV10632	0	0	0	0	0	0	0	0	0	0	0	0	0	4.52509E-05	0	0	0	0	0	0	0	0	0	0	0	0	0
ASV10636	0	0	0	0	0	0	0	0	4.52509E-05	0	0	0	0	0	0	0	0	0	0	0	0	0	0	0	0	0	0
ASV10637	0	0	0	0	0	0	0	0	4.52509E-05	0	0	0	0	0	0	0	0	0	0	0	0	0	0	0	0	0	0
ASV10638	0	0	0	0	0	0	0	0	4.52509E-05	0	0	0	0	0	0	0	0	0	0	0	0	0	0	0	0	0	0
ASV10639	0	0	0	0	0	0	0	0	0	0	0	0	0	0	0	4.52509E-05	0	0	0	0	0	0	0	0	0	0	0
ASV10641	0	0	0	0	0	0	0	0	0	0	0	0	0	0	0	9.05018E-05	0	0	0	0	0	0	0	0	0	0	0
ASV10642	0	0	0	0	0	0	0	0	0	0	0	0	0	0	0	4.52509E-05	0	0	0	0	0	0	0	0	0	0	0
ASV10646	0	0	0	0	0	0	0	0	0	0	0	0	0	0	0	4.52509E-05	0	0	0	0	0	0	0	0	0	0	0
ASV10648	0	0	0	0	0	0	0	0	0	0	0	0	0	0	0	4.52509E-05	0	0	0	0	0	0	0	0	0	0	0
ASV10651	0	0	0	0	0	0	0	0	0	0	0	0	0	0	0	9.05018E-05	0	0	0	0	0	0	0	0	0	0	0
ASV10654	0	0	0	0	0	0	0	0	0	0	0	0	0	0	0	4.52509E-05	0	0	0	0	0	0	0	0	0	0	0
ASV10655	0	0	0	0	0	0	0	0	0	0	0	0	0	0	0	9.05018E-05	0	0	0	0	0	0	0	0	0	0	0
ASV10658	0	0	0	0	0	0	0	0	0	0	0	0	0	0	0	4.52509E-05	0	0	0	0	0	0	0	0	0	0	0
ASV10661	0	0	0	0	0	0	0	0	0	0	0	0	0	0	0	4.52509E-05	0	0	0	0	0	0	0	0	0	0	0
ASV10664	0	0	0	0	0	0	0	0	4.52509E-05	0	0	0	0	0	0	0	0	0	0	0	0	0	0	0	0	0	0
ASV10665	0	0	0	0	0	0	0	0	4.52509E-05	0	0	0	0	0	0	0	0	0	0	0	0	0	0	0	0	0	0
ASV10668	0	0	0	0	0	0	0	0	9.05018E-05	0	0	0	0	0	0	0	0	0	0	0	0	0	0	0	0	0	0
ASV10669	0	0	0	0	0	0	0	0	9.05018E-05	0	0	0	0	0	0	0	0	0	0	0	0	0	0	0	0	0	0
ASV10670	0	0	0	0	0	0	0	0	0.000181004	0	0	0	0	0	0	0	0	0	0	0	0	0	0	0	0	0	0
ASV10671	0	0	0	0	0	0	0	0	9.05018E-05	0	0	0	0	0	0	0	0	0	0	0	0	0	0	0	0	0	0
ASV10674	0	0	0	0	0	0	0	0	0.000135753	0	0	0	0	0	0	0	0	0	0	0	0	0	0	0	0	0	0
ASV10675	0	0	0	0	0	0	0	0	4.52509E-05	0	0	0	0	0	0	0	0	0	0	0	0	0	0	0	0	0	0
ASV10677	0	0	0	0	0	0	0	0	0.000135753	0	0	0	0	0	0	0	0	0	0	0	0	0	0	0	0	0	0
ASV10678	0	0	0	0	0	0	0	0	4.52509E-05	0	0	0	0	0	0	0	0	0	0	0	0	0	0	0	0	0	0
ASV10679	0	0	0	0	0	0	0	0	4.52509E-05	0	0	0	0	0	0	0	0	0	0	0	0	0	0	0	0	0	0
ASV10680	0	0	0	0	0	0	0	0	9.05018E-05	0	0	0	0	0	0	0	0	0	0	0	0	0	0	0	0	0	0
ASV10681	0	0	0	0	0	0	0	0	0.000135753	0	0	0	0	0	0	0	0	0	0	0	0	0	0	0	0	0	0
ASV10683	0	0	0	0	0	0	0	0	4.52509E-05	0	0	0	0	0	0	0	0	0	0	0	0	0	0	0	0	0	0
ASV10684	0	0	0	0	0	0	0	0	4.52509E-05	0	0	0	0	0	0	0	0	0	0	0	0	0	0	0	0	0	0
ASV10685	0	0	0	0	0	0	0	0	4.52509E-05	0	0	0	0	0	0	0	0	0	0	0	0	0	0	0	0	0	0
ASV10686	0	0	0	0	0	0	0	0	4.52509E-05	0	0	0	0	0	0	0	0	0	0	0	0	0	0	0	0	0	0
ASV10688	0	0	0	0	0	0	0	0	9.05018E-05	0	0	0	0	0	0	0	0	0	0	0	0	0	0	0	0	0	0
ASV10689	0	0	0	0	0	0	0	0	4.52509E-05	0	0	0	0	0	0	0	0	0	0	0	0	0	0	0	0	0	0
ASV10690	0	0	0	0	0	0	0	0	9.05018E-05	0	0	0	0	0	0	0	0	0	0	0	0	0	0	0	0	0	0
ASV10691	0	0	0	0	0	0	0	0	0	0	4.52509E-05	0	0	0	0	0	0	0	0	0	0	0	0	0	0	0	0
ASV10692	0	0	0	0	0	0	0	0	0	0	4.52509E-05	0	0	0	0	0	0	0	0	0	0	0	0	0	0	0	0
ASV10693	0	0	0	0	0	0	0	0	0	0	4.52509E-05	0	0	0	0	0	0	0	0	0	0	0	0	0	0	0	0
ASV10694	0	0	0	0	0	0	0	0	0	0	0	0	4.52509E-05	0	0	0	0	0	0	0	0	0	0	0	0	0	0
ASV10695	0	0	0	0	0	0	0	0	0	0	0	0	4.52509E-05	0	0	0	0	0	0	0	0	0	0	0	0	0	0
ASV10696	0	0	0	0	0	0	0	0	0	0	0	0	4.52509E-05	0	0	0	0	0	0	0	0	0	0	0	0	0	0
ASV10698	0	0	0	0	0	0	0	0	0	0	0	0	4.52509E-05	0	0	0	0	0	0	0	0	0	0	0	0	0	0
ASV10699	0	0	0	0	0	0	0	0	0	0	0	0	4.52509E-05	0	0	0	0	0	0	0	0	0	0	0	0	0	0
ASV10701	0	0	0	0	0	0	0	0	0	0	0	0	9.05018E-05	0	0	0	0	0	0	0	0	0	0	0	0	0	0
ASV10702	0	0	0	0	0	0	0	0	0	0	0	0	4.52509E-05	0	0	0	0	0	0	0	0	0	0	0	0	0	0
ASV10704	0	0	0	0	0	0	0	0	0	0	0	0	9.05018E-05	0	0	0	0	0	0	0	0	0	0	0	0	0	0
ASV10705	0	0	0	0	0	0	0	0	0	0	0	0	4.52509E-05	0	0	0	0	0	0	0	0	0	0	0	0	0	0
ASV10706	0	0	0	0	0	0	0	0	0	0	0	0	4.52509E-05	0	0	0	0	0	0	0	0	0	0	0	0	0	0
ASV10707	0	0	0	0	0	0	0	0	0	0	0	0	4.52509E-05	0	0	0	0	0	0	0	0	0	0	0	0	0	0
ASV10708	0	0	0	0	0	0	0	0	0	0	0	0	4.52509E-05	0	0	0	0	0	0	0	0	0	0	0	0	0	0
ASV10709	0	0	0	0	0	0	0	0	0	0	0	0	9.05018E-05	0	0	0	0	0	0	0	0	0	0	0	0	0	0
ASV10711	0	0	0	0	0	0	0	0	0	0	0	0	4.52509E-05	0	0	0	0	0	0	0	0	0	0	0	0	0	0
ASV10716	0	0	0	0	0	0	0	0	0	0	0	0	9.05018E-05	0	0	0	0	0	0	0	0	0	0	0	0	0	0
ASV10718	0	0	0	0	0	0	0	0	0	0	0	0	4.52509E-05	0	0	0	0	0	0	0	0	0	0	0	0	0	0
ASV10720	0	0	0	0	0	0	0	0	0	0	0	0	9.05018E-05	0	0	0	0	0	0	0	0	0	0	0	0	0	0
ASV10721	0	0	0	0	0	4.52509E-05	0	0	0	0	0	0	0	0	0	0	0	0	0	0	0	0	0	0	0	0	0
ASV10722	0	0	0	0	0	4.52509E-05	0	0	0	0	0	0	0	0	0	0	0	0	0	0	0	0	0	0	0	0	0
ASV10724	0	0	0	0	0	4.52509E-05	0	0	0	0	0	0	0	0	0	0	0	0	0	0	0	0	0	0	0	0	0
ASV10725	0	0	0	0	0	9.05018E-05	0	0	0	0	0	0	0	0	0	0	0	0	0	0	0	0	0	0	0	0	0
ASV10728	0	0	0	0	0	4.52509E-05	0	0	0	0	0	0	0	0	0	0	0	0	0	0	0	0	0	0	0	0	0
ASV10730	0	0	0	0	0	4.52509E-05	0	0	0	0	0	0	0	0	0	0	0	0	0	0	0	0	0	0	0	0	0
ASV10735	0	0	0	0	0	0	0	0	0	0	0	0	0.000135753	0	0	0	0	0	0	0	0	0	0	0	0	0	0
ASV10736	0	0	0	0	0	0.000135753	0	0	0	0	0	0	0	0	0	0	0	0	0	0	0	0	0	0	0	0	0
ASV10737	0	0	0	0	0	4.52509E-05	0	0	0	0	0	0	0	0	0	0	0	0	0	0	0	0	0	0	0	0	0
ASV10738	0	0	0	0	0	9.05018E-05	0	0	0	0	0	0	0	0	0	0	0	0	0	0	0	0	0	0	0	0	0
ASV10739	0	0	0	0	0	4.52509E-05	0	0	0	0	0	0	0	0	0	0	0	0	0	0	0	0	0	0	0	0	0
ASV10741	0	0	0	0	0	9.05018E-05	0	0	0	0	0	0	0	0	0	0	0	0	0	0	0	0	0	0	0	0	0
ASV10744	0	0	0	0	0	0	0	0	0	0	0	0	4.52509E-05	0	0	0	0	0	0	0	0	0	0	0	0	0	0
ASV10746	0	0	0	0	0	0	0	0	0	0	0	0	4.52509E-05	0	0	0	0	0	0	0	0	0	0	0	0	0	0
ASV10750	0	0	0	0	0	0	0	0	0	0	0	0	0	0	0	0	0	0	0	0	0	0	0	0	0	0	4.52509E-05
ASV10751	0	0	0	0	0	0	0	4.52509E-05	0	0	0	0	0	0	0	0	0	0	0	0	0	0	0	0	0	0	0
ASV10752	0	0	0	0	0	0	0	4.52509E-05	0	0	0	0	0	0	0	0	0	0	0	0	0	0	0	0	0	0	0
ASV10754	0	0	0	0	0	0	0	0	0	0	0	0	0	0	0	0	0	0	0	0	0	0	0	0	0	0	9.05018E-05
ASV10755	0	0	0	0	0	0	0	0	0	0	0	0	0	0	0	0	0	0	0	0	0	0	0	0	0	0	4.52509E-05
ASV10756	0	0	0	0	0	0	0	0	0	0	0	0	0	0	0	0	0	0	0	0	0	0	0	0	0	0	9.05018E-05
ASV10757	0	0	0	0	0	0	0	0	0	0	0	0	0	0	0	0	0	0	0	0	0	0	0	0	0	0	4.52509E-05
ASV10758	0	0	0	0	0	0	0	0	0	0	0	0	0	0	0	0	0	0	0	0	0	0	0	0	0	0	9.05018E-05
ASV10760	0	0	0	0	0	0	0	0	0	0	0	0	0	0	0	0	0	0	0	0	0	0	0	0	0	0	0.000135753
ASV10761	0	0	0	0	0	0	0	0	0	0	0	0	0	0	0	0	0	0	0	0	0	0	0	0	0	0	9.05018E-05
ASV10762	0	0	0	0	0	0	0	0	0	0	0	0	0	0	0	0	0	0	0	0	0	0	0	0	0	0	4.52509E-05
ASV10764	0	0	0	0	0	0	0	0	0	0	0	0	0	0	0	0	0	0	0	0	0	0	0	0	0	0	4.52509E-05
ASV10765	0	0	0	0	0	0	0	0	0	0	0	0	0	0	0	0	0	0	0	0	0	0	0	0	0	0	4.52509E-05
ASV10767	0	0	0	0	0	0	0	0	0	0	0	0	0	0	0	0	0	0	0	0	0	0	0	0	0	0	9.05018E-05
ASV10769	0	0	0	0	0	0	0	0	0	0	0	0	0	0	0	0	0	0	0	0	0	0	0	0	0	0	4.52509E-05
ASV10770	0	0	0	0	0	0	0	0	0	0	0	0	0	0	0	0	0	0	0	0	0	0	0	0	0	0	4.52509E-05
ASV10772	0	0	0	0	0	0	0	0	0	0	0	0	0	0	0	0	0	0	0	0	0	0	0	0	0	0	4.52509E-05
ASV10775	0	0	0	0	0	0	0	4.52509E-05	0	0	0	0	0	0	0	0	0	0	0	0	0	0	0	0	0	0	0
ASV10777	0	0	0	0	0	0	0	4.52509E-05	0	0	0	0	0	0	0	0	0	0	0	0	0	0	0	0	0	0	0
ASV10779	0	0	0	0	0	0	0	4.52509E-05	0	0	0	0	0	0	0	0	0	0	0	0	0	0	0	0	0	0	0
ASV10780	0	0	0	0	0	0	0	9.05018E-05	0	0	0	0	0	0	0	0	0	0	0	0	0	0	0	0	0	0	0
ASV10785	0	0	0	0	0	0	0	4.52509E-05	0	0	0	0	0	0	0	0	0	0	0	0	0	0	0	0	0	0	0
ASV10788	0	0	0	0	0	0	0	4.52509E-05	0	0	0	0	0	0	0	0	0	0	0	0	0	0	0	0	0	0	0
ASV10790	0	0	0	0	0	0	0	4.52509E-05	0	0	0	0	0	0	0	0	0	0	0	0	0	0	0	0	0	0	0
ASV10795	0	0	0	0	0	0	0	4.52509E-05	0	0	0	0	0	0	0	0	0	0	0	0	0	0	0	0	0	0	0
ASV10796	0	0	0	0	0	0	0	0.000226255	0	0	0	0	0	0	0	0	0	0	0	0	0	0	0	0	0	0	0
ASV10801	0	0	0	0	0	0	0	4.52509E-05	0	0	0	0	0	0	0	0	0	0	0	0	0	0	0	0	0	0	0
ASV10802	0	0	0	0	0	4.52509E-05	0	0	0	0	0	0	0	0	0	0	0	0	0	0	0	0	0	0	0	0	0
ASV10803	0	0	0	0	0	4.52509E-05	0	0	0	0	0	0	0	0	0	0	0	0	0	0	0	0	0	0	0	0	0
ASV10804	0	0	0	0	0	0	0	0	0	0	4.52509E-05	0	0	0	0	0	0	0	0	0	0	0	0	0	0	0	0
ASV10805	0	0	0	0	0	0	0	0	0	0	4.52509E-05	0	0	0	0	0	0	0	0	0	0	0	0	0	0	0	0
ASV10806	0	0	0	0	0	0	0	0	0	0	4.52509E-05	0	0	0	0	0	0	0	0	0	0	0	0	0	0	0	0
ASV10807	0	0	0	0	0	0	0	0	0	0	4.52509E-05	0	0	0	0	0	0	0	0	0	0	0	0	0	0	0	0
ASV10808	0	0	0	0	0	0	0	0	0	0	4.52509E-05	0	0	0	0	0	0	0	0	0	0	0	0	0	0	0	0
ASV10809	0	0	0	0	0	0	0	0	0	0	4.52509E-05	0	0	0	0	0	0	0	0	0	0	0	0	0	0	0	0
ASV10810	0	0	0	0	0	0	0	0	0	0	4.52509E-05	0	0	0	0	0	0	0	0	0	0	0	0	0	0	0	0
ASV10811	0	0	0	0	0	0	0	0	0	0	4.52509E-05	0	0	0	0	0	0	0	0	0	0	0	0	0	0	0	0
ASV10812	0	0	0	0	0	0	0	0	0	0	4.52509E-05	0	0	0	0	0	0	0	0	0	0	0	0	0	0	0	0
ASV10813	0	0	0	0	0	0	0	0	0	0	4.52509E-05	0	0	0	0	0	0	0	0	0	0	0	0	0	0	0	0
ASV10814	0	0	0	0	0	0	0	0	0	0	4.52509E-05	0	0	0	0	0	0	0	0	0	0	0	0	0	0	0	0
ASV10815	0	0	0	0	0	0	0	0	0	0	4.52509E-05	0	0	0	0	0	0	0	0	0	0	0	0	0	0	0	0
ASV10816	0	0	0	0	0	0	0	0	0	0	4.52509E-05	0	0	0	0	0	0	0	0	0	0	0	0	0	0	0	0
ASV10818	0	0	0	0	0	0	0	0	0	0	4.52509E-05	0	0	0	0	0	0	0	0	0	0	0	0	0	0	0	0
ASV10819	0	0	0	0	0	0	0	0	0	0	0	0	0	0	0	0	0	4.52509E-05	0	0	0	0	0	0	0	0	0
ASV10822	0	0	0	0	0	0	0	0	0	0	0	0	0	0	0	0	0	0.000135753	0	0	0	0	0	0	0	0	0
ASV10823	0	0	0	0	0	0	0	0	0	0	0	0	0	0	0	0	0	4.52509E-05	0	0	0	0	0	0	0	0	0
ASV10825	0	0	0	0	0	0	0	0	0	0	0	0	0	0	0	0	0	0.000226255	0	0	0	0	0	0	0	0	0
ASV10827	0	0	0	0	0	0	0	0	0	0	0	0	0	0	0	0	0	0.000135753	0	0	0	0	0	0	0	0	0
ASV10829	0	0	0	0	0	0	0	0	0	0	0	0	0	0	0	0	0	9.05018E-05	0	0	0	0	0	0	0	0	0
ASV10830	0	0	0	0	0	0	0	0	0	0	4.52509E-05	0	0	0	0	0	0	0	0	0	0	0	0	0	0	0	0
ASV10831	0	0	0	0	0	0	0	0	0	0	4.52509E-05	0	0	0	0	0	0	0	0	0	0	0	0	0	0	0	0
ASV10832	0	0	0	0	0	4.52509E-05	0	0	0	0	0	0	0	0	0	0	0	0	0	0	0	0	0	0	0	0	0
ASV10833	0	0	0	0	0	0	0	0	0	0	4.52509E-05	0	0	0	0	0	0	0	0	0	0	0	0	0	0	0	0
ASV10834	0	0	0	0	0	0	0	0	0	0	4.52509E-05	0	0	0	0	0	0	0	0	0	0	0	0	0	0	0	0
ASV10835	0	0	0	0	0	0	0	0	0	0	4.52509E-05	0	0	0	0	0	0	0	0	0	0	0	0	0	0	0	0
ASV10836	0	0	0	0	0	0	0	0	0	0	4.52509E-05	0	0	0	0	0	0	0	0	0	0	0	0	0	0	0	0
ASV10837	0	0	0	0	0	0	0	0	0	0	4.52509E-05	0	0	0	0	0	0	0	0	0	0	0	0	0	0	0	0
ASV10838	0	0	0	0	0	0	0	0	0	0	4.52509E-05	0	0	0	0	0	0	0	0	0	0	0	0	0	0	0	0
ASV10839	0	0	0	0	0	0	0	0	0	0	4.52509E-05	0	0	0	0	0	0	0	0	0	0	0	0	0	0	0	0
ASV10840	0	0	0	0	0	0	0	0	0	0	4.52509E-05	0	0	0	0	0	0	0	0	0	0	0	0	0	0	0	0
ASV10841	0	0	0	0	0	0	0	0	0	0	4.52509E-05	0	0	0	0	0	0	0	0	0	0	0	0	0	0	0	0
ASV10842	0	0	0	0	0	0	0	0	0	0	4.52509E-05	0	0	0	0	0	0	0	0	0	0	0	0	0	0	0	0
ASV10843	0	0	0	0	0	0	0	0	0	0	4.52509E-05	0	0	0	0	0	0	0	0	0	0	0	0	0	0	0	0
ASV10844	0	0	0	0	0	0	0	0	0	0	4.52509E-05	0	0	0	0	0	0	0	0	0	0	0	0	0	0	0	0
ASV10845	0	0	0	0	0	0	0	0	0	0	4.52509E-05	0	0	0	0	0	0	0	0	0	0	0	0	0	0	0	0
ASV10846	0	0	0	0	0	0	0	0	0	0	4.52509E-05	0	0	0	0	0	0	0	0	0	0	0	0	0	0	0	0
ASV10847	0	0	0	0	0	0	0	0	0	0	4.52509E-05	0	0	0	0	0	0	0	0	0	0	0	0	0	0	0	0
ASV10848	0	0	0	0	0	0	0	0	0	0	4.52509E-05	0	0	0	0	0	0	0	0	0	0	0	0	0	0	0	0
ASV10849	0	0	0	0	0	0	0	0	0	0	4.52509E-05	0	0	0	0	0	0	0	0	0	0	0	0	0	0	0	0
ASV10850	0	0	0	0	0	0	0	0	0	0	4.52509E-05	0	0	0	0	0	0	0	0	0	0	0	0	0	0	0	0
ASV10851	0	0	0	0	0	0	0	0	0	0	4.52509E-05	0	0	0	0	0	0	0	0	0	0	0	0	0	0	0	0
ASV10852	0	0	0	0	0	0	0	0	0	0	4.52509E-05	0	0	0	0	0	0	0	0	0	0	0	0	0	0	0	0
ASV10853	0	0	0	0	0	0	0	0	0	0	4.52509E-05	0	0	0	0	0	0	0	0	0	0	0	0	0	0	0	0
ASV10854	0	0	0	0	0	0	0	0	0	0	4.52509E-05	0	0	0	0	0	0	0	0	0	0	0	0	0	0	0	0
ASV10855	0	0	0	0	0	0	0	0	0	0	4.52509E-05	0	0	0	0	0	0	0	0	0	0	0	0	0	0	0	0
ASV10856	0	0	0	0	0	0	0	0	0	0	4.52509E-05	0	0	0	0	0	0	0	0	0	0	0	0	0	0	0	0
ASV10857	0	0	0	0	0	0	0	0	0	0	4.52509E-05	0	0	0	0	0	0	0	0	0	0	0	0	0	0	0	0
ASV10859	0	0	0	0	0	0	0	0	0	0	0	0	0	0	0	0	0	9.05018E-05	0	0	0	0	0	0	0	0	0
ASV10860	0	0	0	0	0	0	0	0	0	0	0	0	0	0	0	0	0	4.52509E-05	0	0	0	0	0	0	0	0	0
ASV10862	0	4.52509E-05	0	0	0	0	0	0	0	0	0	0	0	0	0	0	0	0	0	0	0	0	0	0	0	0	0
ASV10863	0	9.05018E-05	0	0	0	0	0	0	0	0	0	0	0	0	0	0	0	0	0	0	0	0	0	0	0	0	0
ASV10865	0	9.05018E-05	0	0	0	0	0	0	0	0	0	0	0	0	0	0	0	0	0	0	0	0	0	0	0	0	0
ASV10866	0	4.52509E-05	0	0	0	0	0	0	0	0	0	0	0	0	0	0	0	0	0	0	0	0	0	0	0	0	0
ASV10867	0	9.05018E-05	0	0	0	0	0	0	0	0	0	0	0	0	0	0	0	0	0	0	0	0	0	0	0	0	0
ASV10869	0	4.52509E-05	0	0	0	0	0	0	0	0	0	0	0	0	0	0	0	0	0	0	0	0	0	0	0	0	0
ASV10870	0	4.52509E-05	0	0	0	0	0	0	0	0	0	0	0	0	0	0	0	0	0	0	0	0	0	0	0	0	0
ASV10871	0	9.05018E-05	0	0	0	0	0	0	0	0	0	0	0	0	0	0	0	0	0	0	0	0	0	0	0	0	0
ASV10872	0	4.52509E-05	0	0	0	0	0	0	0	0	0	0	0	0	0	0	0	0	0	0	0	0	0	0	0	0	0
ASV10873	0	4.52509E-05	0	0	0	0	0	0	0	0	0	0	0	0	0	0	0	0	0	0	0	0	0	0	0	0	0
ASV10876	0	4.52509E-05	0	0	0	0	0	0	0	0	0	0	0	0	0	0	0	0	0	0	0	0	0	0	0	0	0
ASV10878	0	9.05018E-05	0	0	0	0	0	0	0	0	0	0	0	0	0	0	0	0	0	0	0	0	0	0	0	0	0
ASV10879	0	4.52509E-05	0	0	0	0	0	0	0	0	0	0	0	0	0	0	0	0	0	0	0	0	0	0	0	0	0
ASV10883	0	0	0	0	0	4.52509E-05	0	0	0	0	0	0	0	0	0	0	0	0	0	0	0	0	0	0	0	0	0
ASV10884	0	0	0	0	0	4.52509E-05	0	0	0	0	0	0	0	0	0	0	0	0	0	0	0	0	0	0	0	0	0
ASV10885	0	0	0	0	0	4.52509E-05	0	0	0	0	0	0	0	0	0	0	0	0	0	0	0	0	0	0	0	0	0
ASV10886	0	4.52509E-05	0	0	0	0	0	0	0	0	0	0	0	0	0	0	0	0	0	0	0	0	0	0	0	0	0
ASV10887	0	0.000135753	0	0	0	0	0	0	0	0	0	0	0	0	0	0	0	0	0	0	0	0	0	0	0	0	0
ASV10888	0	9.05018E-05	0	0	0	0	0	0	0	0	0	0	0	0	0	0	0	0	0	0	0	0	0	0	0	0	0
ASV10890	0	0	0	0	0	0	0	0	0	0	0	0	0	0	0	0	0	0.000181004	0	0	0	0	0	0	0	0	0
ASV10891	0	0	0	0	0	0	0	0	0	0	0	0	0	0	0	0	0	4.52509E-05	0	0	0	0	0	0	0	0	0
ASV10892	0	0	0	0	0	0	0	0	0	0	0	0	0	0	0	0	0	4.52509E-05	0	0	0	0	0	0	0	0	0
ASV10896	0	0	0	0	0	0	0	0	0	0	0	0	0	0	0	0	0	4.52509E-05	0	0	0	0	0	0	0	0	0
ASV10898	0	0	0	0	0	0	0	0	0	0	0	0	0	0	0	0	0	4.52509E-05	0	0	0	0	0	0	0	0	0
ASV10900	0	0	0	0	0	0	0	0	0	0	0	0	0	0	0	0	0	0.000135753	0	0	0	0	0	0	0	0	0
ASV10902	0	0	0	0	0	0	0	0	0	0	0	0	0	0	0	0	0	4.52509E-05	0	0	0	0	0	0	0	0	0
ASV10903	0	0	0	0	0	0	0	0	0	0	0	0	0	0	0	0	0	4.52509E-05	0	0	0	0	0	0	0	0	0
ASV10906	0	0	0	0	0	0	0	0	0	0	0	0	0	0	0	0	0	4.52509E-05	0	0	0	0	0	0	0	0	0
ASV10908	0	0	0	0	0	0	0	0	0	0	0	0	0	0	0	0	0	4.52509E-05	0	0	0	0	0	0	0	0	0
ASV10909	0	4.52509E-05	0	0	0	0	0	0	0	0	0	0	0	0	0	0	0	0	0	0	0	0	0	0	0	0	0
ASV10910	0	9.05018E-05	0	0	0	0	0	0	0	0	0	0	0	0	0	0	0	0	0	0	0	0	0	0	0	0	0
ASV10911	0	4.52509E-05	0	0	0	0	0	0	0	0	0	0	0	0	0	0	0	0	0	0	0	0	0	0	0	0	0
ASV46	4.52509E-05	0	4.52509E-05	4.52509E-05	0.000181004	0.000226255	0.000226255	0.000407258	0.001131273	0.000588262	0.003077062	0.006606634	0.008597674	0.019910403	0.022580207	0.018960134	0.01529481	0.010452962	0.03113263	0.014661297	0.009819449	0.009593194	0.01086022	0.002217295	0.002036291	0.001086022	0.000814516
ASV188	4.52509E-05	0.000135753	0	0.000135753	0.000135753	0.000181004	0.000362007	0.000181004	0.000407258	0.000135753	0.000814516	0.001221775	0.001448029	0.001900538	0.002715055	0.002850808	0.002579302	0.002353048	0.00199104	0.002036291	0.002172044	0.00199104	0.002126793	0.001448029	0.001176524	0.001448029	0.000678764
ASV266	4.52509E-05	0.000271505	0.001176524	0.000724015	0.000316756	0.000724015	0.000588262	9.05018E-05	9.05018E-05	0	0	0	0	0	0	0	0	0	9.05018E-05	0.000226255	0.000271505	0.000543011	0.000452509	0.001221775	0.000859767	0.001221775	0.001538531
ASV285	4.52509E-05	4.52509E-05	0.000135753	0.000181004	0.000181004	9.05018E-05	0.000407258	0.000633513	0.003665324	0.005022852	0.004796597	0.002307797	0.003755826	0.003393819	0.003258066	0.0024888	0.001900538	0.001719535	0.001855288	0.001312277	0.001312277	0.000452509	0.000452509	9.05018E-05	0.000181004	4.52509E-05	0.000316756
ASV326	4.52509E-05	9.05018E-05	0.000135753	9.05018E-05	4.52509E-05	0.000181004	9.05018E-05	0.000271505	0.000135753	0	0.000135753	0.000362007	4.52509E-05	0.00049776	0.000407258	0.000678764	0.000724015	0.000633513	0.000633513	0.000678764	0.001267026	0.000905018	0.001357527	0.000362007	0.000633513	0.000362007	0.000678764
ASV379	4.52509E-05	0	0.000452509	0	0.004253586	0.004253586	0.000271505	0	0.001267026	4.52509E-05	0.000724015	0.002307797	0.001402778	0	0	0.000316756	0	0.000724015	0.000950269	0.000407258	0	0.000316756	0.00099552	0.000362007	0.000588262	0.000226255	0
ASV483	4.52509E-05	0.000135753	0.000452509	0.000362007	0.000135753	0.000271505	0.000543011	0.000271505	0.000633513	0.000407258	0.000588262	0.001357527	0.001086022	0.000814516	0.000814516	0.000724015	0.000950269	0.000407258	0.000859767	0.000678764	0.001040771	0.001312277	0.001086022	0.002172044	0.001900538	0.001719535	0.000633513
ASV512	4.52509E-05	0.000316756	0.000769266	0	0.000859767	0.000271505	0	0.000452509	0.000452509	9.05018E-05	0.000181004	0	0.000181004	9.05018E-05	0.000362007	0.000316756	0.000226255	0.000543011	0.000226255	0.000181004	0	0.000226255	0.000588262	0.000181004	0.000271505	0.000316756	0.000452509
ASV539	4.52509E-05	0.000181004	0.000316756	0.000316756	0.000407258	0.000316756	0.000271505	0.000271505	0.000226255	0.000362007	0.000271505	0.000724015	9.05018E-05	0.000407258	0.000226255	0.000452509	0.000452509	0.00049776	0.000769266	0.000814516	0.001086022	0.000950269	0.000407258	0.000271505	0.000407258	0.00049776	0.00049776
ASV546	4.52509E-05	0.000181004	0.000181004	0.000271505	0.000271505	0.000588262	0.000724015	0.000588262	0.000543011	0.000678764	0.000407258	0.000950269	0.000950269	0.000588262	0.001221775	0.001448029	0.001719535	0.001086022	0.001221775	0.000859767	0.000633513	0.00049776	0.000769266	0.000452509	0.000181004	0.000135753	0.000226255
ASV704	4.52509E-05	0.000226255	9.05018E-05	0.000226255	0.000271505	0	0.000407258	0.000135753	0.000181004	0	0.000226255	0.000181004	0.000588262	0.000769266	0.000452509	0.000452509	0.000588262	0.000362007	0.000362007	0.000316756	0.000543011	0.000362007	0.000135753	0.000135753	9.05018E-05	0.000316756	0.000226255
ASV783	4.52509E-05	0	0	0	9.05018E-05	0	0	0	0	0	0	0.000135753	0	0	0	0	0	0	4.52509E-05	0	0	0	0	0	0	9.05018E-05	0.000226255
ASV869	4.52509E-05	4.52509E-05	0.001312277	9.05018E-05	0.001719535	0.000543011	9.05018E-05	0.000226255	0.000407258	0	0.000226255	0.000407258	9.05018E-05	9.05018E-05	0	4.52509E-05	0	0	9.05018E-05	9.05018E-05	0	0.000226255	0.000859767	0.00049776	0.001040771	0.000271505	0.000226255
ASV899	4.52509E-05	0.000181004	0.000226255	0.000226255	0.000226255	0.000226255	0.000316756	0.000316756	9.05018E-05	0.000135753	0	0.000316756	0	0.000362007	9.05018E-05	0.000181004	0.000316756	0.000316756	0	4.52509E-05	9.05018E-05	0	9.05018E-05	4.52509E-05	0	0	0.000135753
ASV913	4.52509E-05	9.05018E-05	0.000135753	0.000362007	0.000226255	0.000226255	0.000316756	0.000181004	0.000362007	0.000271505	9.05018E-05	0.000452509	0.000135753	0.000226255	0.000135753	0.00049776	0.000407258	0.000135753	0.000226255	0.000226255	0.000135753	0.000181004	4.52509E-05	0	0	0	0.000135753
ASV962	4.52509E-05	0	0.000135753	0.000316756	0.000181004	0.000181004	0.000271505	0.000316756	0.000271505	0.000181004	0.000316756	0.000316756	0.000135753	0.000362007	0.000543011	0.000271505	0.000407258	0.000362007	0.000452509	0.000362007	9.05018E-05	0.000226255	0.000181004	0.000181004	0.000135753	0.000135753	0.000135753
ASV1011	4.52509E-05	0	9.05018E-05	0.000181004	0.000271505	0.000407258	0.000362007	0.000271505	0.000407258	0.000362007	0.000814516	0.000362007	0.000226255	0.000362007	0	0.000271505	0.000362007	0	0.000724015	0	0.000407258	0	0.000316756	0.000316756	0.000181004	0.000135753	0.000226255
ASV1073	4.52509E-05	0.000181004	0.000181004	0.000135753	0	0.000181004	0	0.000362007	0.000271505	0.00049776	0.000543011	0.00049776	0.00049776	0.000181004	0.000362007	0.000362007	0.000452509	0.000181004	0.000271505	0.000226255	0.000226255	0.000362007	0	0.000181004	0.000135753	0	0.000135753
ASV1083	4.52509E-05	0	9.05018E-05	0.000271505	0	0.000271505	0.000226255	0.000316756	9.05018E-05	0.000316756	0.000181004	9.05018E-05	0	9.05018E-05	0.000226255	0	0.000181004	0	9.05018E-05	0	0.000226255	0.000226255	9.05018E-05	0	9.05018E-05	0	9.05018E-05
ASV1093	4.52509E-05	0	4.52509E-05	0.000135753	0.000135753	9.05018E-05	0.000181004	9.05018E-05	0.000271505	0.000181004	0.000226255	0.000181004	0.000362007	0.000316756	4.52509E-05	9.05018E-05	0.000271505	0	9.05018E-05	0.000271505	0.000181004	0.000316756	9.05018E-05	0.000226255	0.000362007	0.000181004	0
ASV1197	4.52509E-05	0.00049776	0.000362007	0.000588262	9.05018E-05	0.000814516	0.000271505	0.000181004	0	0.000181004	0.000135753	0.000226255	9.05018E-05	0	0	0.000271505	0	0	0	0.000135753	0.000135753	0.000226255	0.000181004	0.000181004	0.000226255	0.000135753	0.000362007
ASV1215	4.52509E-05	9.05018E-05	9.05018E-05	0	0	9.05018E-05	9.05018E-05	0.000135753	0.000135753	0.000135753	0	0	0	0.000135753	0.000135753	0.000226255	9.05018E-05	9.05018E-05	0.000226255	4.52509E-05	0.000362007	0.000181004	0.000135753	0.000226255	9.05018E-05	9.05018E-05	0.000362007
ASV1258	4.52509E-05	0	0	0.000135753	9.05018E-05	0.000226255	0.000135753	0	0	0	0.000407258	0.000543011	0.000181004	0.000543011	0.000452509	0.000543011	0.000271505	0.000362007	0.000226255	0.000135753	0.000181004	9.05018E-05	0.000135753	4.52509E-05	9.05018E-05	0	0
ASV1380	4.52509E-05	0	0	0	0	0	0	0	4.52509E-05	0	4.52509E-05	0	0	0	0	9.05018E-05	0	0	0	0.000181004	4.52509E-05	0	0	0	0	0	0
ASV1434	4.52509E-05	0.000316756	0.000226255	0.000226255	9.05018E-05	0	9.05018E-05	0.000181004	4.52509E-05	0	0	4.52509E-05	4.52509E-05	0	0	0	0	0	0	0	0	0	0	0.000135753	0.000407258	0.000859767	0.001267026
ASV1435	4.52509E-05	0	9.05018E-05	0.000316756	0	0	0.000135753	0	0	0	0	0	0	0	0	0	0	0	0	0	9.05018E-05	0	0	0	0	0.000181004	0
ASV1467	4.52509E-05	9.05018E-05	0.000226255	0	0.000181004	0	9.05018E-05	0	0.000181004	9.05018E-05	9.05018E-05	0	0	0	0	0	9.05018E-05	0	4.52509E-05	0	0	0	0	0	0	0	0
ASV1494	4.52509E-05	4.52509E-05	9.05018E-05	0.000181004	0.000135753	9.05018E-05	9.05018E-05	0	0.000226255	0.000181004	0.000181004	0.000181004	0	0.000135753	9.05018E-05	0.000135753	0.000226255	0.000226255	0.000181004	0.000226255	0.000181004	0.000135753	0.000135753	9.05018E-05	0.000135753	0	9.05018E-05
ASV1612	4.52509E-05	0	9.05018E-05	0	0	9.05018E-05	0	0	0	0.000271505	0	0.000543011	0.000859767	0.000362007	0	0.000316756	0.000316756	0	0	0	0	0	0	0	0	0	0
ASV1621	4.52509E-05	0.000135753	0.000135753	0.000181004	0	0.000181004	0.000316756	0.000362007	0.000362007	9.05018E-05	0.000226255	0	0.000135753	0	0	4.52509E-05	0	0.000135753	0.000135753	0	9.05018E-05	9.05018E-05	0	0	0.000135753	0	0.000181004
ASV1654	4.52509E-05	0	0	0.000181004	0	9.05018E-05	0.000226255	9.05018E-05	0	0.000181004	0.000135753	0.000362007	0.000181004	0.000135753	9.05018E-05	0.000181004	9.05018E-05	9.05018E-05	0.000135753	0.000271505	0.000135753	9.05018E-05	0.000135753	0	0	0	0
ASV1667	4.52509E-05	0.000226255	9.05018E-05	0.000362007	0.000181004	0.000181004	0.000135753	9.05018E-05	0.000181004	9.05018E-05	4.52509E-05	0.000135753	4.52509E-05	0	4.52509E-05	0	9.05018E-05	0	4.52509E-05	0	9.05018E-05	0	9.05018E-05	4.52509E-05	4.52509E-05	0.000135753	0.000181004
ASV1677	4.52509E-05	0.000226255	0.000135753	0	0	0	0.000181004	0	0	4.52509E-05	0	0	9.05018E-05	0.000181004	0.000181004	9.05018E-05	0.000181004	0.000135753	0	0.000135753	0.000181004	4.52509E-05	4.52509E-05	9.05018E-05	4.52509E-05	9.05018E-05	0
ASV1690	4.52509E-05	0	4.52509E-05	0.000135753	0.000271505	0.000271505	0	0.000226255	0.000135753	9.05018E-05	0.000316756	9.05018E-05	0.000135753	0.000226255	9.05018E-05	0	0.000181004	0	0	0	4.52509E-05	0	9.05018E-05	0.000181004	4.52509E-05	0.000181004	0
ASV1709	4.52509E-05	0	0	0	0.000135753	4.52509E-05	0.000181004	0.00049776	0.000362007	0.000362007	0.00049776	0	0.000135753	0.000135753	0.000271505	9.05018E-05	0	0	0	4.52509E-05	0	0	0	0	0	0	0
ASV1752	4.52509E-05	0	9.05018E-05	0	0	0	0	0.000407258	9.05018E-05	0.000452509	0.000271505	0.000181004	0	0.000181004	0.000226255	9.05018E-05	0	0.000135753	9.05018E-05	0	0	0	4.52509E-05	0	0	0	0
ASV1757	4.52509E-05	9.05018E-05	0	9.05018E-05	0	0.000135753	0.000271505	0.000135753	0.000181004	0.000226255	0.000226255	4.52509E-05	9.05018E-05	0.000181004	0	0.000135753	4.52509E-05	0.000181004	0	0	9.05018E-05	9.05018E-05	0	0.000226255	0	0	0
ASV1874	4.52509E-05	0	0	0	0.000452509	0.000271505	0	0.000362007	0.000362007	0	0.000226255	0.000135753	0	0	0	0	0	0.000135753	4.52509E-05	0	4.52509E-05	0	0	9.05018E-05	0	0	0
ASV1916	4.52509E-05	0	0.000135753	0	0	4.52509E-05	0	0.000181004	0	0.000181004	9.05018E-05	0	0	0	0.000181004	0	0.000135753	0.000271505	9.05018E-05	0.000135753	0	0	0.000181004	0	9.05018E-05	0	9.05018E-05
ASV2059	4.52509E-05	0	0	4.52509E-05	0	0	0.000226255	0	0	0	0	9.05018E-05	0	9.05018E-05	0.000135753	4.52509E-05	0	4.52509E-05	0	0	0.000135753	4.52509E-05	9.05018E-05	0	0	0	0
ASV2129	4.52509E-05	9.05018E-05	9.05018E-05	9.05018E-05	0	0.000135753	9.05018E-05	0	0	0.000181004	0	0	9.05018E-05	0	9.05018E-05	9.05018E-05	9.05018E-05	9.05018E-05	0	4.52509E-05	9.05018E-05	4.52509E-05	0.000135753	0	0	4.52509E-05	0
ASV2193	4.52509E-05	9.05018E-05	0	0	0	9.05018E-05	0	4.52509E-05	0	0.000316756	4.52509E-05	0.000135753	0.000226255	4.52509E-05	0	0.000135753	9.05018E-05	9.05018E-05	0	0	9.05018E-05	0	0	0	0	0	0
ASV2220	4.52509E-05	0	0	9.05018E-05	0	0	0	0.000135753	4.52509E-05	0	0	0	0	0	0.000135753	0	0	0	0	0	9.05018E-05	0	0	0	0	4.52509E-05	0
ASV2277	4.52509E-05	0.000181004	0.000135753	0.000316756	0.000181004	4.52509E-05	0.000135753	4.52509E-05	0	9.05018E-05	0	9.05018E-05	0	0.000226255	0	0	0	0	0	0	0	0	0.000226255	0	0	0	0
ASV2289	4.52509E-05	4.52509E-05	9.05018E-05	0.000135753	0.000135753	0	0	4.52509E-05	9.05018E-05	0	4.52509E-05	0	0.000135753	9.05018E-05	4.52509E-05	0.000181004	9.05018E-05	4.52509E-05	4.52509E-05	9.05018E-05	0	0	0	0	0	0	0
ASV2318	4.52509E-05	0.000271505	0.000135753	0.000135753	0.000135753	0.000181004	0.000226255	0	9.05018E-05	0	0	0	0	0	0	0	0	0	0	4.52509E-05	0	4.52509E-05	0	0	0	0	0
ASV2342	4.52509E-05	0	0	0.000181004	0	0.000181004	0	0	0	0	0	0	0	0	0	0.000271505	0	0	0	0	0	0	0.000226255	0.000181004	0.000135753	0	0
ASV2359	4.52509E-05	0	0	0.000226255	0.000135753	0	0.000226255	0.000181004	9.05018E-05	9.05018E-05	9.05018E-05	0	0	9.05018E-05	0	0	0	0	0	0	0	0	0	0	0	0.000135753	0.000135753
ASV2398	4.52509E-05	0	0	0	0	0	4.52509E-05	0.000181004	9.05018E-05	0	0.000226255	0	0	0	0	0	0	0	0	0	0	0	0	0	0	0	0
ASV2399	4.52509E-05	0	0	0	0.000135753	4.52509E-05	0	0	0	9.05018E-05	0	9.05018E-05	0	0	0	0	0	9.05018E-05	9.05018E-05	0	0	0.000135753	0	0	0.000135753	0	0.000181004
ASV2401	4.52509E-05	0	0.000271505	0	0.000226255	0.000181004	0	0	0	0	0.000226255	0	0	4.52509E-05	0	0	0.000135753	9.05018E-05	0	0.000181004	4.52509E-05	4.52509E-05	0	0	0	0	0
ASV2405	4.52509E-05	0	0	0	0	0	0	0	0	0	0	0	0	0	4.52509E-05	0	0	0	0	0	0	0	0	0	0	0	0
ASV2444	4.52509E-05	0	0	0	0	9.05018E-05	0.000226255	0.000181004	0	0	9.05018E-05	0	9.05018E-05	0.000181004	4.52509E-05	0.000135753	0	0	0	0	0	0	0	0	0	0	0
ASV2512	4.52509E-05	0	0	0	0	0	0	0	0	9.05018E-05	0	0.000135753	0.000226255	0.000226255	0.000135753	0.000135753	9.05018E-05	0	0	0	0	0	0	0	0	0	0
ASV2523	4.52509E-05	0	0	0	0	0	0	0.000271505	0	4.52509E-05	4.52509E-05	9.05018E-05	9.05018E-05	9.05018E-05	0.000181004	0.000271505	0	9.05018E-05	0	0	0	0	0	0	0	0	0
ASV2587	4.52509E-05	0	0	0	0	0	0	0	0	0.000135753	0	0	0	4.52509E-05	0	0	0	4.52509E-05	4.52509E-05	0	0.000135753	0	0	0	0	0	0
ASV2602	4.52509E-05	0	0	0	0	9.05018E-05	0.000135753	9.05018E-05	9.05018E-05	4.52509E-05	0	0	0	0	0	4.52509E-05	0	0	0	0	0	0	4.52509E-05	9.05018E-05	0	0	0
ASV2622	4.52509E-05	0	0	0	4.52509E-05	0	0	0	0	0	0	0	0	4.52509E-05	0	0	0	0	0	4.52509E-05	9.05018E-05	4.52509E-05	0.000181004	4.52509E-05	9.05018E-05	0	9.05018E-05
ASV2630	4.52509E-05	0.000135753	0.000135753	9.05018E-05	0	0	0.000135753	0	0	0	0	0	4.52509E-05	0	0	0	0	0	0	0	0	0	0	0	0	9.05018E-05	0
ASV2647	4.52509E-05	0	4.52509E-05	0	0	0	0	0	4.52509E-05	0	0	4.52509E-05	0	9.05018E-05	0	0	0	0	0	0	0.000271505	0	0	0	0.000226255	0	0.000135753
ASV2729	4.52509E-05	0	0.000135753	0.000271505	0.000362007	0.000135753	0	0	0	4.52509E-05	0	4.52509E-05	0	0	0	0	0	0	0	0	0	0	0	0	0	0	0
ASV2738	4.52509E-05	0	0	0	0	0	0.000181004	4.52509E-05	9.05018E-05	0.000135753	0	9.05018E-05	0	0	4.52509E-05	4.52509E-05	0	0	0	0	0	0	0	0	0	0	4.52509E-05
ASV2766	4.52509E-05	0	0	0	9.05018E-05	9.05018E-05	0	0	0	0.000181004	0.000135753	0	4.52509E-05	0	4.52509E-05	9.05018E-05	0	0	4.52509E-05	0	4.52509E-05	0	0	0	0	4.52509E-05	0
ASV2800	4.52509E-05	0	0	0	0	0	4.52509E-05	0	0	0	0	0	0	0	0	0	0	0	0	0	0	0	0	0	0	4.52509E-05	9.05018E-05
ASV2875	4.52509E-05	0	0	0	0	0	0	0	0	0	0	0	0	0	0	0	0	0	0	9.05018E-05	0.000226255	0.000181004	0	9.05018E-05	0	0.000226255	0
ASV2954	4.52509E-05	0	0.000181004	0.000181004	0.000135753	0	0	0	0	0	0	0	0	0	0	0	0	0	0	0	0	9.05018E-05	0	0	4.52509E-05	0	0
ASV3044	4.52509E-05	4.52509E-05	0.000135753	0.000135753	4.52509E-05	0	0	0	0	0	0	0	0	0	4.52509E-05	0	0	9.05018E-05	0	0	0.000181004	0	0	0	0	0	0
ASV3070	4.52509E-05	0	0	0	0	0	4.52509E-05	0	0	0	0	0	0	0	0	0	0	0	0	0	0	0	0	0	0	0	0
ASV3180	4.52509E-05	0	0	0	0	0	0	0	0.000271505	0	0	0	0	0	0	0	0	0	0	0	0	0.000226255	0.000135753	0	0	0	0
ASV3184	4.52509E-05	0	0	0	0	0	0	0	0	0	4.52509E-05	9.05018E-05	0	0	0	4.52509E-05	0	0	0	0	9.05018E-05	0	0	0	0	0	0
ASV3439	4.52509E-05	0	9.05018E-05	0	0	0	0	0	0	0	0	0	0	0	0	0	0	0	0	0	0	0	0.000135753	0	0.000181004	9.05018E-05	0.000135753
ASV3440	4.52509E-05	0	0	0	0	0	0.000135753	0.000135753	0	0	0	0	0	0	0	0	0	0	0	0	0	0	0	0	0	0	9.05018E-05
ASV3533	4.52509E-05	0	9.05018E-05	0.000135753	0	0	0	0	4.52509E-05	0	0	0	0	0	0	0	0	0	0	0	0	0	0	0	0	0	0
ASV3538	4.52509E-05	0	0	0	0	4.52509E-05	0	4.52509E-05	0	0	0	0	0	0	0	0	0	0	0	0	4.52509E-05	0	0	0	0	0	0
ASV3551	4.52509E-05	0.000135753	0	0	0	0	0	0	0	0	0	0	0	0	0	0	0	0	0	0	0	0	0	0	0	0	0
ASV3578	4.52509E-05	0	0	0	0	0	0	0	0	0	0	0	0	0	0	0	0	0	0	0	0	0	0	0	0	0	0
ASV3597	4.52509E-05	0	4.52509E-05	0.000135753	0	0	0	0	0	0	0	0	0	0	0	0	0	0	0	0	0	0	0	0	0	0.000135753	9.05018E-05
ASV3648	4.52509E-05	0	0	0	0	0	0	0	0	0	0	9.05018E-05	0	0	9.05018E-05	0.000135753	0	0	0	0	0	0	0	0	0	0	0
ASV3649	4.52509E-05	0	0	0	0	0	0	0.000135753	0	0	0	0	4.52509E-05	0	0	0	0	0	0	4.52509E-05	0	0	0	0	4.52509E-05	0	0
ASV3716	4.52509E-05	9.05018E-05	0.000135753	4.52509E-05	0.000135753	0	0	0	0	0	0	0	0	0	0	0	0	0	0	0	0	0	0	0	0	0	0
ASV3781	4.52509E-05	0	0	0	0	0	0	0	0	0	0	0	0	0	0	0	0	0	0	0.000135753	0.000226255	0	0	0	4.52509E-05	0	0
ASV3839	4.52509E-05	0.000226255	0	0	0	0.000181004	0	0	0	0	0	0	0	0	0	0	0	0	0	0	0	0	0	0	0	0	0
ASV3898	4.52509E-05	0	4.52509E-05	0	0	0	0	0	0	0	0	0	0	0	0	0	0	0	9.05018E-05	0	4.52509E-05	0	0	0	0	0	0
ASV3964	4.52509E-05	4.52509E-05	0	0	0	0	0	0	0	0	0	0	0	0	0	4.52509E-05	0	0	9.05018E-05	0	0	4.52509E-05	0	0	0	0	4.52509E-05
ASV4043	4.52509E-05	0	0	0	0	0	4.52509E-05	0.000135753	0	0	0	0	0	0	0	0	0	0	4.52509E-05	0	0	0	0	0	0	0	9.05018E-05
ASV4092	4.52509E-05	0	0	0	0	0	0	0	0	0.000181004	0	0	0	0	0	0	0	0	0	0	0	0	0	0	0	0	0
ASV4123	4.52509E-05	0	0	4.52509E-05	0	0	4.52509E-05	0	4.52509E-05	0	0	0	0	4.52509E-05	0	0	0	0	0	4.52509E-05	0	0	0	0	0	0	0
ASV4325	4.52509E-05	0	0	0	0	0	0	0	0	0	0	0	0	0	0	0	0	9.05018E-05	0	0	0	0	0	0	0	0	0
ASV4338	4.52509E-05	0	0	0	0	0	0	4.52509E-05	0	0	0	0	9.05018E-05	0	0	0	0	0	0	0	4.52509E-05	9.05018E-05	0	0	0	0	0
ASV4528	4.52509E-05	9.05018E-05	0	0	9.05018E-05	4.52509E-05	0	0	0	0	0	0	0	0	0	0	0	0	0	0	0	0	0	0	0	0	0
ASV4684	4.52509E-05	0	0.000135753	0	4.52509E-05	0	0	0	0	0	0	0	0	0	0	0	0	0	0	0	0	0	0	0	0	0	0
ASV4837	4.52509E-05	0	0	0	0	0	0	0	0	0	0	0	0	0	0	0	0	0	0	0	0	0	0	0	0	0	0
ASV4845	4.52509E-05	0	0	0	0	0	0	0	4.52509E-05	0.000226255	0	0	0	0	0	0	0	0	9.05018E-05	0	0	0	0	0	0	0	0
ASV5014	4.52509E-05	0	0	0	4.52509E-05	0	0	9.05018E-05	0	0	0	0	0	0	0	0	0	0	0	0	0	0	0	0	0	0	0
ASV5036	4.52509E-05	0	0	0	0	0	0	0	0	0	0	0	0	0	0	0	0	0	0	0	0	0	0	0	9.05018E-05	0	0
ASV5043	4.52509E-05	0	0	0	0	0	0	0	0	0	0	0	0	0	0	0	0	0	0	0	0	0	0	0	0	0	9.05018E-05
ASV5214	4.52509E-05	0	0	0	0	0	0	0	0	0	0	9.05018E-05	0	0	0	0	0	0	0	0	0	0	0	0	0	0	0
ASV5227	4.52509E-05	0	0	0	0	0	0	0	0	0	0	0	0	0	0	4.52509E-05	0	0	0	0	0	0	0	0	0	0	0
ASV5459	4.52509E-05	0	0	0	0	0	0	0	0	0	0	0	0	0	0	0	4.52509E-05	0	0	0	4.52509E-05	0	0	0	0	0	0
ASV5554	4.52509E-05	0	0	0	0	0	0	0	0	0	0	0	0	0	0	0	0	0	0	0	0	0	0	0	0	9.05018E-05	0
ASV5555	4.52509E-05	0	0	4.52509E-05	0	0	0	0	0	0	0	0	0	0	0	0	0	0	0	0	0	0	0	0	0	0	0
ASV5556	4.52509E-05	9.05018E-05	0	0	0	0	0	0	0	0	0	0	0	0	0	0	0	0	0	0	0	0	0	0	0	0	0
ASV5558	4.52509E-05	0	0	0	0	0	0	0	0	0	9.05018E-05	0	0	0	0	0	0	0	0	0	0	0	0	0	0	0	0
ASV5559	4.52509E-05	0	0	0	0	0	0	0	0	0	0	0	0	0	0	0	0	0	0	0	0	0	0	0	0	0	0
ASV5801	4.52509E-05	0	0	0	0	0	0	0	0	0	0	0	0	0	0	0	0	0	0	0	0	0	0	0	0	0	0
ASV6258	4.52509E-05	0	4.52509E-05	0	0	0	0	0	0	0	0	0	0	0	0	0	0	0	0	0	0	0	0	0	0	0	0
ASV6283	4.52509E-05	0	0	0	0	0	4.52509E-05	0	0	0	0	0	0	0	0	0	0	0	0	0	0	0	0	0	0	0	0
ASV6821	4.52509E-05	0	0	0	0	0	0	0	0	0	0	0	0	0	0	0	0	0	0	0	0	0	0	0	0	0	0
ASV6862	4.52509E-05	0	0	0	0	0	0	0	0	0	0	0	0	0	0	0	0	0	0	0	0	0	0	0	0	0	0
ASV6864	4.52509E-05	0	0	4.52509E-05	0	0	0	0	0	0	0	0	0	0	0	0	0	0	0	0	0	0	0	0	0	0	0
ASV6866	4.52509E-05	0	0	0	0	0	0	0	0	0	0	0	0	0	0	0	0	0	0	0	0	0	0	0	0	0	0
ASV6867	4.52509E-05	0	0	0	0	0	0	0	0	0	0	0	0	0	0	0	0	0	0	0	0	0	0	0	0	0	0
ASV6868	4.52509E-05	0	0	0	0	0	0	0	0	0	0	0	0	0	0	0	0	0	0	0	0	0	0	0	0	0	0
ASV6869	4.52509E-05	0	0	0	0	0	0	0	0	0	0	0	0	0	0	0	0	0	0	0	0	0	0	0	0	0	0
ASV7622	4.52509E-05	0	0	0	0	0	0	0	0	0	0	0	0	0	0	0	0	0	0	0	0	0	0	0	0	0	0
ASV7635	4.52509E-05	0	0	0	0	0	0	0	0	0	0	0	0	0	0	0	0	0	0	0	0	0	0	0	0	0	0
ASV7636	4.52509E-05	0	0	0	0	0	0	0	0	0	0	0	0	0	0	0	0	0	0	0	0	0	0	0	0	0	0
ASV7637	4.52509E-05	0	0	0	0	0	0	0	0	0	0	0	0	0	0	0	0	0	0	0	0	0	0	0	0	0	0
ASV7639	4.52509E-05	0	0	0	0	0	0	0	0	0	0	0	0	0	0	0	0	0	0	0	0	0	0	0	0	0	0
ASV7643	4.52509E-05	0	0	0	0	0	0	0	0	0	0	0	0	0	0	0	0	0	0	0	0	0	0	0	0	0	0
ASV8552	4.52509E-05	0	0	0	0	0	0	0	0	0	0	0	0	0	0	0	0	0	0	0	0	0	0	0	0	0	0
ASV8554	4.52509E-05	0	0	0	0	0	0	0	0	0	0	0	0	0	0	0	0	0	0	0	0	0	0	0	0	0	0
ASV8555	4.52509E-05	0	0	0	0	0	0	0	0	0	0	0	0	0	0	0	0	0	0	0	0	0	0	0	0	0	0
ASV8556	4.52509E-05	0	0	0	0	0	0	0	0	0	0	0	0	0	0	0	0	0	0	0	0	0	0	0	0	0	0
ASV8557	4.52509E-05	0	0	0	0	0	0	0	0	0	0	0	0	0	0	0	0	0	0	0	0	0	0	0	0	0	0
ASV8567	4.52509E-05	0	0	0	0	0	0	0	0	0	0	0	0	0	0	0	0	0	0	0	0	0	0	0	0	0	0
ASV8568	4.52509E-05	0	0	0	0	0	0	0	0	0	0	0	0	0	0	0	0	0	0	0	0	0	0	0	0	0	0
ASV8578	4.52509E-05	0	0	0	0	0	0	0	0	0	0	0	0	0	0	0	0	0	0	0	0	0	0	0	0	0	0
ASV8582	4.52509E-05	0	0	0	0	0	0	0	0	0	0	0	0	0	0	0	0	0	0	0	0	0	0	0	0	0	0
ASV8583	4.52509E-05	0	0	0	0	0	0	0	0	0	0	0	0	0	0	0	0	0	0	0	0	0	0	0	0	0	0
ASV8584	4.52509E-05	0	0	0	0	0	0	0	0	0	0	0	0	0	0	0	0	0	0	0	0	0	0	0	0	0	0
ASV10026	4.52509E-05	0	0	0	0	0	0	0	0	0	0	0	0	0	0	0	0	0	0	0	0	0	0	0	0	0	0
ASV10027	4.52509E-05	0	0	0	0	0	0	0	0	0	0	0	0	0	0	0	0	0	0	0	0	0	0	0	0	0	0
ASV10028	4.52509E-05	0	0	0	0	0	0	0	0	0	0	0	0	0	0	0	0	0	0	0	0	0	0	0	0	0	0
ASV10035	4.52509E-05	0	0	0	0	0	0	0	0	0	0	0	0	0	0	0	0	0	0	0	0	0	0	0	0	0	0
ASV10038	4.52509E-05	0	0	0	0	0	0	0	0	0	0	0	0	0	0	0	0	0	0	0	0	0	0	0	0	0	0
ASV10039	4.52509E-05	0	0	0	0	0	0	0	0	0	0	0	0	0	0	0	0	0	0	0	0	0	0	0	0	0	0
ASV10042	4.52509E-05	0	0	0	0	0	0	0	0	0	0	0	0	0	0	0	0	0	0	0	0	0	0	0	0	0	0
ASV10044	4.52509E-05	0	0	0	0	0	0	0	0	0	0	0	0	0	0	0	0	0	0	0	0	0	0	0	0	0	0
ASV10048	4.52509E-05	0	0	0	0	0	0	0	0	0	0	0	0	0	0	0	0	0	0	0	0	0	0	0	0	0	0
ASV26	9.05018E-05	0.000588262	0.002896059	0.001448029	0.001131273	0.003122313	0.000588262	0.000588262	0.001040771	0.005022852	0	0.000362007	0.000543011	9.05018E-05	0.000633513	0.002036291	0.00099552	0.000724015	0.000950269	0.001267026	0.001674284	0.000769266	0.004208335	0.002624553	0.003620073	0.006018372	0.004841848
ASV370	9.05018E-05	0.000226255	9.05018E-05	0.000271505	0.000135753	9.05018E-05	0.000135753	4.52509E-05	0	0	0	0	9.05018E-05	0	0	0.000814516	0.001900538	0.002443549	0.001764786	0.001719535	0.001402778	0.00099552	0.000814516	0.000316756	0.000316756	9.05018E-05	0
ASV408	9.05018E-05	0.000362007	0.000407258	0.000905018	0.000588262	0.000588262	0.00049776	0.000407258	0.000678764	0.001176524	0.00049776	0.001448029	0.000859767	0.002443549	0.000724015	0.000905018	0.001402778	0.001448029	0.001131273	0.000950269	0.001538531	0.000769266	0.001312277	0.000724015	0.000905018	0.000678764	0.000724015
ASV536	9.05018E-05	9.05018E-05	0.000271505	0.000362007	0.000316756	0.000226255	0.000678764	0.001131273	0.000905018	0.001040771	0.001086022	0.001086022	0.00149328	0.00294131	0.001402778	0.001221775	0.001221775	0.000814516	0.00049776	0	0.000407258	0.000181004	9.05018E-05	0.000181004	0.000271505	0	0.000181004
ASV553	9.05018E-05	0.000316756	0.001402778	0	0.00149328	0.000905018	0.000135753	0.000678764	0.000814516	0.000724015	0.000950269	0.00049776	0.000724015	0.000362007	0.000814516	0.000543011	0.001221775	0.001357527	0.000678764	0.000724015	9.05018E-05	0.000678764	0.000588262	0.000316756	0.000407258	0.000316756	0.000633513
ASV558	9.05018E-05	0.000135753	0.000226255	0.000181004	0.000226255	0.000271505	0.000135753	0.00049776	0.00049776	0	0.00049776	0.001764786	0.000588262	0.002353048	0.000678764	0.00099552	0.001357527	0.000814516	0.000724015	0.000678764	0.001221775	0.000543011	0.000452509	0.000135753	0.000407258	0.000226255	0.000452509
ASV575	9.05018E-05	9.05018E-05	0.000271505	0.00049776	0.000950269	0.00049776	0.000724015	0.000181004	4.52509E-05	0	0	0	0	0	0	4.52509E-05	0	0.000135753	0.000226255	0.00049776	0.001629033	0.001176524	0.001448029	0.00049776	0.000226255	0.000362007	0.000543011
ASV602	9.05018E-05	0.000362007	0	0	0	0	0	0	0	0	0	0	0	0	0	0	0	0	0	0	0	0	0	0	0	0.000181004	0
ASV622	9.05018E-05	9.05018E-05	0.000135753	0.000181004	9.05018E-05	0.000226255	0.000859767	0.000950269	0.001131273	0.001810037	0.000905018	0.00049776	0.001312277	0.001629033	0.000950269	0.000814516	0.000950269	0.000362007	0.000362007	0.000226255	0.000316756	0.000362007	0.000135753	0	0	9.05018E-05	0.000226255
ASV623	9.05018E-05	0.000271505	0	9.05018E-05	0.000226255	9.05018E-05	0.000226255	4.52509E-05	0	0	0	0.000181004	9.05018E-05	0.000181004	0.000271505	0.000135753	0.000181004	0.000135753	0.000271505	0.000226255	0.000724015	0.000769266	0.000724015	0.000724015	0.000407258	0.000181004	0.000135753
ASV637	9.05018E-05	0.000181004	4.52509E-05	0.000181004	0.000226255	0.000135753	0.000135753	0.000362007	0.000588262	0.000271505	0.001583782	0.001357527	0.00149328	0.001176524	0.001267026	0.000859767	0.001086022	0.000859767	0.000543011	0	0.000407258	0.000543011	0.000316756	0.000135753	0.000271505	0.000226255	9.05018E-05
ASV640	9.05018E-05	0.000316756	0.000181004	0.000316756	0.000271505	0.000407258	0.000543011	0.000678764	0.000543011	0.000588262	0.000316756	0.000859767	0.000859767	0.000452509	0.000407258	0.000362007	0.000407258	0.000407258	0.00049776	0.000452509	0.000135753	0.000181004	0.000135753	0	0.000181004	0	9.05018E-05
ASV675	9.05018E-05	0	0	0	0	0	0.000135753	0	0	0	0	0	0	0	0	0.000316756	0.000271505	0.000226255	0	0.000271505	0.000271505	0.000543011	0.000543011	0.001086022	0.000724015	0.001040771	0.001131273
ASV683	9.05018E-05	0.000226255	0.000724015	0.000226255	0.000181004	0.000226255	0.000135753	4.52509E-05	0	0	0	0	0.000135753	0.000226255	0.00049776	0.001040771	0.001402778	0.000181004	0.000407258	0.00049776	0.000226255	0.000226255	0.000135753	0.000181004	9.05018E-05	0	0
ASV729	9.05018E-05	0.000452509	0.000769266	0.000814516	0.000452509	0.000362007	0.000588262	0.000633513	0.000271505	0.000316756	0.000316756	0.00049776	0.000452509	0.000452509	0.00049776	0.000362007	0.00049776	0.000135753	0.000226255	9.05018E-05	0.000226255	0.000135753	0	9.05018E-05	0	0.000226255	0.000226255
ASV760	9.05018E-05	4.52509E-05	0.000407258	4.52509E-05	9.05018E-05	0	0.000135753	4.52509E-05	0.000271505	0.000950269	0.000633513	0.000588262	0.000724015	0.000543011	0.000814516	0.000543011	0.000407258	0.000226255	0.000407258	0.000407258	0.000633513	0.000271505	0.000181004	9.05018E-05	0.000271505	0.000271505	0.000633513
ASV840	9.05018E-05	0.000181004	0.000181004	9.05018E-05	9.05018E-05	4.52509E-05	9.05018E-05	0.000316756	4.52509E-05	0	9.05018E-05	0.000181004	0.000181004	0	0.000362007	0.000271505	0.000271505	0.000316756	0.000316756	0.000181004	0.000271505	9.05018E-05	9.05018E-05	0.000135753	0	9.05018E-05	0.000181004
ASV846	9.05018E-05	9.05018E-05	0.000135753	0.000181004	0.000135753	0.000226255	0.000135753	0.000226255	0.000316756	0.000135753	0.000181004	0.000316756	0.000316756	0.000316756	9.05018E-05	0.000226255	0.000316756	9.05018E-05	0.000407258	0.000226255	0.00049776	0.000226255	0.000452509	0.000181004	0.000316756	0.00049776	0.000316756
ASV903	9.05018E-05	0	0.000135753	0	0.000271505	9.05018E-05	0.000271505	0.00099552	0.000588262	0.000678764	0.000271505	0.000543011	0.000724015	0.000814516	0.000633513	0.000543011	0.00049776	0.000226255	0.000226255	0	0.000316756	0.000271505	0.000135753	0	0.000226255	0	0
ASV950	9.05018E-05	0	0	0	0	0	0	0.000181004	0	0.000407258	0.000543011	0.000769266	0.000633513	0.000769266	0.000905018	0.001040771	0.000769266	0.000724015	0.000362007	0.000181004	0.000452509	0	0.000226255	0	0	0	0
ASV1129	9.05018E-05	0	4.52509E-05	0.000135753	0	0	0	0	0	0	0	0	0	0	0	0	4.52509E-05	0	0.000135753	0.000181004	0.000588262	4.52509E-05	0	0	4.52509E-05	0	0
ASV1144	9.05018E-05	0	0	0	9.05018E-05	0	0	0	0	0	0	0	0	0	0	9.05018E-05	0	9.05018E-05	0	0	0	0	0	0	0	0	0
ASV1188	9.05018E-05	4.52509E-05	0.00099552	9.05018E-05	0.00149328	0.000226255	0	0	0	0	0	0	0	0	0	0	0	0	0	0	0	0	0	9.05018E-05	0.000407258	0.000543011	0.000950269
ASV1284	9.05018E-05	0	0	0.000135753	9.05018E-05	0	0	0	0	0	0	0	0	0	0.000226255	0	0	0.000181004	0.000226255	0.000316756	0.000407258	0.000407258	0.000226255	0.000181004	9.05018E-05	0.000181004	0
ASV1311	9.05018E-05	0	9.05018E-05	0.000452509	0.000181004	0.000271505	0.000316756	0.000181004	0.000181004	4.52509E-05	0	0	0	0	0	9.05018E-05	0	0	0	0	0.000181004	0	0	0	0	0	4.52509E-05
ASV1316	9.05018E-05	0.000226255	0.000226255	0.000407258	9.05018E-05	0	9.05018E-05	0	0	0	0	0	0	0	0	0	0	0	0	0	4.52509E-05	9.05018E-05	9.05018E-05	0.000135753	0.000181004	0.000316756	0.000271505
ASV1324	9.05018E-05	0.000181004	0.000135753	0.000181004	9.05018E-05	0	0.000135753	0.000271505	0.000316756	0	0.00049776	0.000814516	0.000362007	0.00049776	0.000226255	0.000181004	0.000181004	0.000181004	0.000271505	0.000181004	9.05018E-05	9.05018E-05	0	0	0	0	0
ASV1342	9.05018E-05	9.05018E-05	0	0	0	0	0	0	0	0	0	0.000543011	0.000588262	0	0.000181004	0	0	0	0	0	0	0	0	0	0	0	0
ASV1368	9.05018E-05	0.000181004	0.000316756	0.000678764	0.000724015	0.000678764	0.000769266	0.000271505	4.52509E-05	0	0	0	0	0	0	0	0	0	0	0	0	0	0	0	0	0	0
ASV1433	9.05018E-05	0.000181004	0.000181004	0.000181004	0	0.000226255	0.000452509	0.000181004	0.000135753	0.000362007	0.000135753	9.05018E-05	0.000181004	0.000181004	0.000316756	0.000135753	0	9.05018E-05	0	0	0.000271505	0	0.000135753	0	4.52509E-05	0	0.000226255
ASV1483	9.05018E-05	9.05018E-05	0	0.000226255	0.000226255	0.000135753	0.000181004	0.000226255	0.000135753	0.000135753	0.000226255	0.000226255	4.52509E-05	0	0.000135753	9.05018E-05	0.000135753	0.000181004	0	9.05018E-05	0	4.52509E-05	0.000181004	4.52509E-05	0	0	9.05018E-05
ASV1499	9.05018E-05	4.52509E-05	0	0	0.000226255	0.000226255	0.000181004	0.000135753	0.000271505	9.05018E-05	9.05018E-05	0.000135753	9.05018E-05	9.05018E-05	4.52509E-05	0	4.52509E-05	9.05018E-05	0.000226255	0.000135753	0.000135753	0.000226255	0.000135753	0	9.05018E-05	9.05018E-05	0.000226255
ASV1512	9.05018E-05	4.52509E-05	9.05018E-05	0.000135753	0	0.000181004	0.000181004	0.000181004	9.05018E-05	0.000181004	0.000271505	0.000135753	0.000226255	0.000271505	0.000181004	0.000181004	0.000135753	0.000135753	4.52509E-05	0.000135753	9.05018E-05	9.05018E-05	0.000135753	9.05018E-05	0	9.05018E-05	0
ASV1549	9.05018E-05	9.05018E-05	0.000226255	0.000181004	0	4.52509E-05	0	9.05018E-05	0.000181004	0.000181004	0.000135753	0.000316756	0.000226255	0.000226255	9.05018E-05	0.000271505	0	4.52509E-05	0.000135753	0	0.000135753	4.52509E-05	0	0	0	0	9.05018E-05
ASV1597	9.05018E-05	0	0.000135753	0	0	0	0	0	9.05018E-05	0.000271505	0.000226255	0.000633513	0.000362007	0.000181004	0.000316756	0.000135753	0.000226255	0.000181004	0	4.52509E-05	0	0	0.000226255	0	0	0	0
ASV1641	9.05018E-05	0.000226255	0.000407258	0.000181004	0.000181004	9.05018E-05	4.52509E-05	9.05018E-05	0.000181004	0.000135753	0.000135753	0.000181004	0.000135753	0.000226255	0	0	9.05018E-05	4.52509E-05	0	4.52509E-05	9.05018E-05	0	0.000135753	0	9.05018E-05	0	4.52509E-05
ASV1722	9.05018E-05	0	0	4.52509E-05	0	0	0.000226255	0.000226255	0.000226255	0.000181004	0	0.000181004	0.000226255	0.000181004	4.52509E-05	4.52509E-05	0	0.000181004	0	0.000135753	4.52509E-05	0	0.000271505	0.000135753	0	0	0
ASV1847	9.05018E-05	0	0.000181004	0	0	0	0	0	0.000181004	0	9.05018E-05	0	0	0.000226255	0	0.000316756	0	0	0.000135753	0	0.000135753	0	0	0	0.000135753	0	0
ASV1871	9.05018E-05	0	0	0	0	0	0	0	0	0	0	0	0	0	0	0	0	0	0	0	0	0	0	0	0	0	0
ASV1876	9.05018E-05	0	0	0.000135753	0	0	0.000135753	0.000135753	4.52509E-05	0	0.000226255	0	0	0.000226255	0	0.000135753	9.05018E-05	0.000271505	0	0	9.05018E-05	0	0	0.000181004	0	0	0
ASV1954	9.05018E-05	9.05018E-05	0	0.000226255	0.000181004	9.05018E-05	9.05018E-05	0.000135753	0	0.000226255	0.000226255	0.000181004	9.05018E-05	0.000181004	0.000181004	0	0	0	0	0	4.52509E-05	0	0	0	0	0	0
ASV1998	9.05018E-05	4.52509E-05	0	4.52509E-05	0.000181004	0	0	0	9.05018E-05	9.05018E-05	0	0	0.000181004	0	0	0	0.000135753	0.000135753	0	0.000135753	9.05018E-05	0	0	0	0	0	9.05018E-05
ASV2045	9.05018E-05	0	4.52509E-05	0	4.52509E-05	0.000135753	0	4.52509E-05	0	0	0	0.000181004	9.05018E-05	9.05018E-05	0	9.05018E-05	4.52509E-05	9.05018E-05	0.000181004	0	0	0	0	0	0	0	0
ASV2064	9.05018E-05	0	0	0	0	0	0.000226255	0	0	0	0	0	0	0	0	0	0	0	0	0	0	0	0	0	0	0	0
ASV2077	9.05018E-05	0	0.000135753	4.52509E-05	0	9.05018E-05	4.52509E-05	0.000135753	0.000181004	0	9.05018E-05	0	0	9.05018E-05	4.52509E-05	0	0	0	4.52509E-05	9.05018E-05	0.000135753	0	4.52509E-05	4.52509E-05	9.05018E-05	0	9.05018E-05
ASV2087	9.05018E-05	4.52509E-05	4.52509E-05	9.05018E-05	0.000135753	0.000135753	9.05018E-05	9.05018E-05	0	0.000181004	0	9.05018E-05	9.05018E-05	9.05018E-05	0	9.05018E-05	9.05018E-05	0	0	4.52509E-05	4.52509E-05	0	9.05018E-05	0	0.000135753	9.05018E-05	0
ASV2199	9.05018E-05	0	0.000135753	4.52509E-05	0	0	0	0	9.05018E-05	9.05018E-05	0	9.05018E-05	0	0	9.05018E-05	0	9.05018E-05	0	0	4.52509E-05	0.000362007	0	0	0.000135753	0	0	0.000226255
ASV2320	9.05018E-05	9.05018E-05	0.000135753	0	0	0	4.52509E-05	0	0	9.05018E-05	0.000407258	4.52509E-05	0	9.05018E-05	4.52509E-05	0	0	9.05018E-05	0	0	9.05018E-05	4.52509E-05	0	0	0	0	4.52509E-05
ASV2353	9.05018E-05	0	0	0	0	0	0	0	0	0	0	0	0	0	0	0	0	0.000181004	0.000135753	0.000181004	0.000226255	0.000181004	0.000181004	0	9.05018E-05	0	0
ASV2471	9.05018E-05	0	4.52509E-05	4.52509E-05	9.05018E-05	0	0.000181004	9.05018E-05	0	0.000135753	0	0.000226255	0	0	9.05018E-05	0	4.52509E-05	0	0	0	0	0	4.52509E-05	0	0	0	0
ASV2815	9.05018E-05	0	0	0	0	0	0	0	0	0	0	0	9.05018E-05	4.52509E-05	0	0	0	0	0	0	0	0	0	0	0	0	0
ASV3048	9.05018E-05	0	0.000271505	0	0	0	0	0	0	0	0	0	0	0	0	0	0	0	0	0	0	9.05018E-05	0.000181004	0	4.52509E-05	0	0
ASV3094	9.05018E-05	0	0	0	0	0	0	0.000271505	0	0	0.000135753	0	0	0	0	9.05018E-05	0	0	0	0	0	9.05018E-05	0	0	0	0	0
ASV3183	9.05018E-05	0	0	4.52509E-05	0	4.52509E-05	0	9.05018E-05	0	9.05018E-05	0	0	0	0	0.000135753	0	0	0	0	0	0	0	0	0	0.000135753	0	0
ASV3210	9.05018E-05	0	0	0.000226255	0	0	0	0	0	0	0	0	0	0	0	0	0	0	0	0	0	0	0	0	0	0	0
ASV3223	9.05018E-05	9.05018E-05	0	0	0	0	0	0.000135753	0	0.000181004	4.52509E-05	0	4.52509E-05	0	0	0	0	0	0	0	0	0	0	0	0	0	0
ASV3388	9.05018E-05	4.52509E-05	0	0	0	0	0	0	4.52509E-05	4.52509E-05	0	0	0.000181004	0	0	0	0	0	0	0	0	0	0	0	4.52509E-05	0	0
ASV3573	9.05018E-05	0	0	0	0	0	0	0	0	0	0	0.000407258	0	0	0	0	0	0	0	0	0	0	0	0	0	0	0
ASV3626	9.05018E-05	0	4.52509E-05	0	0	0	0	4.52509E-05	0	0	0	0	0	0	0.000181004	4.52509E-05	9.05018E-05	0	0	0	0	0	0	0	0	0	0
ASV4042	9.05018E-05	0	0	0	0.000135753	0	0	4.52509E-05	0	0	0	0	0	4.52509E-05	0	0	0	0	0	4.52509E-05	0	0	0	0	0	0	0
ASV4122	9.05018E-05	0	0	0	0	0	0	9.05018E-05	0	0	0	4.52509E-05	0	0	0	0	0	0.000135753	0	0	0	0	0	0	0	0	0
ASV4124	9.05018E-05	0	0	0	0	0	0	0	0	0	0.000181004	0	0	0	0	0	0	0	0	0	0	0	0	4.52509E-05	0	0	0
ASV4426	9.05018E-05	0	0	9.05018E-05	0	9.05018E-05	4.52509E-05	0	0	0	0	0	0	0	0	0	0	0	0	0	0	0	0	0	0	0	0
ASV4987	9.05018E-05	0	0	0	0	0	0	0	0	0	0	0	0	0	0	0	0	0	0	0	0	0	0	0	0	0	0
ASV5044	9.05018E-05	0	0	0	4.52509E-05	0	0	0	0	0	0	0	0	0	0	0	0	0	0	0	0	0	0	0	0	0	0
ASV5472	9.05018E-05	0	0	0	0	0	0	0	0	0	0	0	0	9.05018E-05	0	0	0	0	0	0	4.52509E-05	0	0	0	0	0	0
ASV5803	9.05018E-05	0	0	0	0	0	0	0	0	0	0	0	0	0	0	0	0	0	0	0	0	0	0	0	0	0	0
ASV5804	9.05018E-05	0	0	0	0	0	0	0	0	0	0	0	0	0	0	0	0	0	0	0	0	0	0	0	0	0	0
ASV6279	9.05018E-05	0	0	0	0	0	0	0	0	0	0	0	0	0	0	0	0	0	0	0	0	0	0	0	0	0	0
ASV6280	9.05018E-05	0	0	0	0	0	0	0	0	0	0	0	0	0	0	0	0	0	0	0	0	0	0	0	0	0	0
ASV6282	9.05018E-05	0	0	0	0	0	0	0	0	0	0	0	0	0	0	0	0	0	0	0	0	0	0	0	0	0	0
ASV6839	9.05018E-05	0	0	0	0	0	0	0	0	0	0	0	0	0	0	0	0	0	0	0	0	0	0	0	0	0	0
ASV6840	9.05018E-05	0	0	0	0	0	0	0	0	0	0	0	0	0	0	0	0	0	0	0	0	0	0	0	0	0	0
ASV6863	9.05018E-05	0	0	0	0	0	0	0	0	0	0	0	0	0	0	0	0	0	0	0	0	0	0	0	0	0	0
ASV6865	9.05018E-05	0	0	0	0	0	0	0	0	0	0	0	0	0	0	0	0	0	0	0	0	0	0	0	0	0	0
ASV7633	9.05018E-05	0	0	0	0	0	0	0	0	0	0	0	0	0	0	0	0	0	0	0	0	0	0	0	0	0	0
ASV7642	9.05018E-05	0	0	0	0	0	0	0	0	0	0	0	0	0	0	0	0	0	0	0	0	0	0	0	0	0	0
ASV8553	9.05018E-05	0	0	0	0	0	0	0	0	0	0	0	0	0	0	0	0	0	0	0	0	0	0	0	0	0	0
ASV8569	9.05018E-05	0	0	0	0	0	0	0	0	0	0	0	0	0	0	0	0	0	0	0	0	0	0	0	0	0	0
ASV10030	9.05018E-05	0	0	0	0	0	0	0	0	0	0	0	0	0	0	0	0	0	0	0	0	0	0	0	0	0	0
ASV10031	9.05018E-05	0	0	0	0	0	0	0	0	0	0	0	0	0	0	0	0	0	0	0	0	0	0	0	0	0	0
ASV10032	9.05018E-05	0	0	0	0	0	0	0	0	0	0	0	0	0	0	0	0	0	0	0	0	0	0	0	0	0	0
ASV10033	9.05018E-05	0	0	0	0	0	0	0	0	0	0	0	0	0	0	0	0	0	0	0	0	0	0	0	0	0	0
ASV10043	9.05018E-05	0	0	0	0	0	0	0	0	0	0	0	0	0	0	0	0	0	0	0	0	0	0	0	0	0	0
ASV85	0.000135753	0.000678764	0.00149328	0.000950269	0.000859767	0.001131273	0.001855288	0.001131273	0.00049776	0.00049776	0.00049776	0.000950269	0.001538531	0.002126793	0.002715055	0.003891579	0.003801077	0.001357527	0.002172044	0.001945789	0.002217295	0.001719535	0.001221775	0.001900538	0.001629033	0.002036291	0.002126793
ASV123	0.000135753	0.004706095	0.001357527	0	0.004706095	0.001900538	0.000769266	0	0.002172044	0.001040771	0.001900538	0.003212815	0.002624553	0.000543011	0.00149328	0.002353048	0.001583782	0.001312277	0.002398299	0.001945789	0.002262546	0.002081542	0.003846328	0.002081542	0.001629033	0.001131273	0.003574822
ASV319	0.000135753	0.000452509	0.00049776	0.000362007	0.000181004	0.000362007	0.000588262	0.000407258	0.000316756	0.000316756	0.000271505	0.000633513	0.000678764	0.000588262	0.000543011	0.000678764	0.000588262	0.000724015	0.000724015	0.000588262	0.001086022	0.000588262	0.00049776	0.000316756	0.000271505	0.000316756	0.000452509
ASV348	0.000135753	0.000316756	0.000181004	0.000316756	0.000271505	0.000452509	0.000814516	0.001086022	0.001719535	0.0024888	0.001810037	0.002081542	0.002534051	0.003122313	0.002353048	0.001402778	0.001221775	0.001448029	0.001402778	0.00099552	0.000905018	0.001040771	0.000543011	0.000678764	0.000452509	0.000407258	0.001131273
ASV428	0.000135753	0.000407258	0.000814516	0.000452509	0.000588262	0.00049776	0.000407258	0.000271505	0.000859767	0.000407258	0.000588262	0.000724015	0	0.001040771	0.000633513	0.000633513	0.000452509	0.000724015	0.001357527	0.001448029	0.001719535	0.001448029	0.001221775	0.000588262	0.000588262	0.001086022	0.000950269
ASV450	0.000135753	0	0.000316756	0.000271505	0.000226255	0.000271505	0.000543011	0.000543011	0.000407258	0	0	0.000724015	4.52509E-05	0.000950269	0.000271505	0.000814516	0.001810037	0.001176524	0.001357527	0.001312277	0.002353048	0.001176524	0.001448029	0.000905018	0.000905018	0.000271505	0.000543011
ASV467	0.000135753	0	4.52509E-05	4.52509E-05	9.05018E-05	9.05018E-05	9.05018E-05	0.000407258	0.000316756	0.000724015	0.000769266	0.001131273	0.00149328	0.001040771	0.001629033	0.001448029	0.002217295	0.002036291	0.001810037	0.001448029	0.001040771	0.001221775	0.000769266	0.000588262	0.000362007	0.000316756	0.000316756
ASV476	0.000135753	0.000181004	0.000407258	0.000316756	0.000452509	0.000543011	0.000678764	0.000633513	0.001086022	0.001402778	0.001810037	0.001131273	0.000859767	0.001312277	0.001040771	0.001221775	0.001221775	0.000678764	0.000859767	0.00049776	0.000633513	0.000407258	0.000316756	0.000181004	0.000316756	9.05018E-05	0.000271505
ASV494	0.000135753	0.000316756	0	0.000543011	0.000588262	0.000135753	0.000316756	0.000362007	0.000362007	0.000226255	0.00049776	0.000633513	4.52509E-05	0.000633513	0.000588262	0.000543011	0.000362007	0.000588262	0.000724015	0.000724015	0.000859767	0.000814516	0.000362007	0.000362007	0.000316756	0.000543011	0.000769266
ASV516	0.000135753	0.000135753	0.000226255	0.000452509	0.000271505	0.000543011	0.001402778	0.001176524	0.001945789	0.003574822	0.00149328	0	0.001131273	0.001357527	0.000950269	0.000769266	0.000588262	0.000407258	0.000543011	0.000316756	0.00049776	0.000181004	0.000316756	0	0.000135753	0	0
ASV537	0.000135753	0.000316756	0	0.000181004	0.000452509	0.000181004	0.000226255	0.00049776	0.001674284	0.001674284	0.001448029	0.001402778	0.001131273	0.000859767	0.000678764	0.000769266	0.001040771	0.001086022	0.000859767	0.000724015	0.00049776	0.00049776	0.00049776	0.000407258	0.000452509	0.000316756	0
ASV597	0.000135753	0	0.000181004	9.05018E-05	0.000181004	0.000181004	0.000769266	0.000769266	0.000678764	0.000362007	0.000271505	0.000452509	0.000633513	0.001629033	0.000407258	0.000950269	0.000859767	0.00049776	0.000226255	0.000181004	0.00049776	0.000407258	0.000362007	0.000362007	0.000226255	0.000226255	0.000271505
ASV604	0.000135753	0.000316756	0.001312277	0	0.001402778	0.001221775	0.000362007	0.001040771	0.001131273	0.000859767	0.001402778	0.000724015	0.000905018	0.000226255	0.000633513	0.000181004	0.000362007	0.000724015	0.000362007	0.000226255	9.05018E-05	0	0.000543011	0	0	0.000271505	0.000181004
ASV620	0.000135753	0.000362007	0.000407258	0.00049776	0.000181004	0.000271505	0.000452509	0.000316756	0.000226255	9.05018E-05	0.000362007	0.00049776	0.000226255	0	0.000316756	0.000226255	0	0.000135753	9.05018E-05	0	0.000226255	0.000135753	0.000226255	0.000271505	0.000226255	0.000271505	0.000135753
ASV668	0.000135753	9.05018E-05	0.000135753	0.000135753	0.000226255	0.000135753	0.000181004	0.000226255	0.00049776	0.000407258	0.000271505	0.000316756	0.000407258	0.000271505	0	0.000135753	0.000226255	0.000226255	0.000181004	0.000181004	0.000135753	0.000181004	9.05018E-05	0	0.000271505	9.05018E-05	9.05018E-05
ASV681	0.000135753	0.000181004	0.000135753	9.05018E-05	0.000181004	0.000362007	0.000316756	0.000407258	0.00049776	0.000543011	0.000633513	0.000543011	0.000407258	0.000271505	0.000226255	0.00049776	0.000588262	0.000452509	0.000588262	0.001131273	0.001040771	0.001040771	0.000724015	0	0.000407258	0.000271505	0.000271505
ASV692	0.000135753	0.000226255	0.000452509	0.00049776	0.000452509	0.000181004	0.000407258	0.000452509	0.000724015	0.000859767	0.000452509	0.000769266	0.000814516	0.000362007	0.000452509	0.000407258	0.00049776	0.000452509	0.000316756	0.000362007	0.000362007	0.000181004	0.000271505	0	0	0	0.000135753
ASV697	0.000135753	0.000135753	0	0.000316756	0	0	0.000271505	0.000588262	0.001267026	0.001131273	0	0.00099552	0.000769266	0.001176524	0	0	0.000724015	0.000859767	0.000859767	0	0.000407258	0.000271505	0.000226255	0.00049776	0.000135753	0.000135753	0.000181004
ASV710	0.000135753	0	0	0	0.000226255	0	0	0	0	0	0.000181004	0	0	0	0	0	0.000135753	0	0.000181004	0	0.000135753	0.000226255	0	0.000271505	0.000362007	0.000271505	0.000226255
ASV722	0.000135753	0.000135753	0	0	0	0	0.000362007	0	0	9.05018E-05	0	0	4.52509E-05	0.000135753	0	0.000226255	4.52509E-05	0	0.000226255	4.52509E-05	0.000362007	0.000316756	0.000226255	0.000543011	0.000271505	0.00049776	0.000407258
ASV777	0.000135753	0.000181004	0	0.000316756	0.000271505	0.00049776	0.00049776	0.000678764	0.000950269	0.002036291	0.000814516	0	0.000588262	0.000452509	0.001040771	0.000407258	0.000407258	0.000362007	0.000271505	0.000316756	0.000181004	0.000271505	0	4.52509E-05	0	0	0
ASV798	0.000135753	0.000135753	0.000135753	0.000543011	0.000181004	0.000362007	0.000905018	0.000633513	0	0.000362007	9.05018E-05	0.000407258	0.000226255	0.000181004	0	0.000588262	0.000362007	0.000271505	0.000316756	0.000181004	0.000271505	0.000271505	0.000452509	0.000226255	0.000135753	0.000181004	0.000181004
ASV902	0.000135753	0.000407258	0.000226255	0	0.000859767	0.000226255	0.000181004	0	0.000271505	0.000362007	0.000181004	0.000407258	0.000271505	9.05018E-05	9.05018E-05	0.000135753	0.000271505	0.000362007	0.000724015	4.52509E-05	0.000271505	0.000226255	0.000407258	0.000362007	0.000226255	9.05018E-05	0.000362007
ASV947	0.000135753	0.000316756	0.000135753	0.000135753	0	0.000135753	0.000135753	0.000316756	9.05018E-05	0.000633513	9.05018E-05	0.000543011	0.000362007	0.000859767	0.000678764	0.00049776	0.000769266	0.00049776	0.000316756	0.000316756	0.000271505	0.000181004	4.52509E-05	0.000271505	9.05018E-05	0	0
ASV983	0.000135753	0.000135753	0.000226255	0.000226255	0.000135753	9.05018E-05	0	9.05018E-05	9.05018E-05	0	0	0	9.05018E-05	0.000271505	0.000407258	0.000316756	0.000271505	0.000181004	9.05018E-05	9.05018E-05	4.52509E-05	9.05018E-05	9.05018E-05	0	4.52509E-05	0	0
ASV1001	0.000135753	0	0	0	0	0	0	0	0.000135753	0.000181004	0.000271505	0.000452509	0.000271505	0.000316756	0.000226255	0.00049776	0.000271505	0.000407258	0.000135753	9.05018E-05	0.000135753	0.000362007	0.000226255	9.05018E-05	0.000135753	0	0
ASV1022	0.000135753	0.000135753	0.000362007	0.001086022	0.001402778	0.000452509	0.000633513	0.000678764	0.00049776	0.000407258	0.000181004	0.000226255	9.05018E-05	0.000226255	0	4.52509E-05	9.05018E-05	0.000135753	0	4.52509E-05	0.000135753	0.000181004	0	0	0	0	0
ASV1038	0.000135753	0.000271505	0.000226255	9.05018E-05	0.000181004	9.05018E-05	0.000271505	9.05018E-05	0.000362007	0	0.000181004	0.000362007	0.000181004	0.000181004	0.000226255	0.000271505	9.05018E-05	0.000181004	0.000181004	0.000181004	0.000407258	0.000271505	0.000226255	0.000135753	0	0.000135753	0.000407258
ASV1082	0.000135753	0.000181004	0	0	0.000452509	0	0.000452509	0	0	0	0	0	0	0	0	0	0.00049776	0	0.000543011	0	0.000407258	0	0	0.000543011	0.000316756	0.00099552	0.000814516
ASV1120	0.000135753	0.000181004	0.000181004	9.05018E-05	9.05018E-05	0	0.000135753	0.000543011	0.000678764	0.000362007	0.000181004	0.000271505	0.00049776	0.000362007	0.000543011	0.000543011	0.000362007	0.000452509	0.000226255	0	0.000135753	0	9.05018E-05	0.000135753	0	4.52509E-05	0
ASV1122	0.000135753	0.000135753	0.000135753	0.000226255	0	0.000135753	0.000271505	0.000226255	9.05018E-05	0.000316756	0.00049776	0	0	0.000407258	0.000452509	0.000316756	0.000452509	0.000452509	0.000135753	0.000135753	0.000452509	0.000316756	0.000181004	0.000271505	0.000135753	9.05018E-05	0
ASV1226	0.000135753	0.000226255	0.000452509	0.000362007	0.000226255	9.05018E-05	0.000226255	9.05018E-05	0	9.05018E-05	9.05018E-05	0.000135753	0	0.000181004	4.52509E-05	0.000135753	9.05018E-05	9.05018E-05	0.000135753	0.000271505	0.000452509	0.000407258	0.000226255	0.000181004	0.000316756	0.000181004	0.000181004
ASV1227	0.000135753	0.000724015	0	9.05018E-05	0.000135753	9.05018E-05	0.000181004	0	0	0	9.05018E-05	0.000226255	0.000135753	0	0	0.000135753	9.05018E-05	0	0	4.52509E-05	0	0	0	0	0	0	0
ASV1240	0.000135753	0.000316756	0.000407258	0.000452509	0.000135753	0.000362007	9.05018E-05	4.52509E-05	0.000271505	0	0.000226255	0.000316756	0.000135753	0.00049776	0.000316756	9.05018E-05	0.000181004	0	0.000271505	0	0.000226255	0	0	0	0.000226255	0.000181004	0.000181004
ASV1286	0.000135753	0.000271505	0.000181004	0.000452509	0.00049776	0.000271505	0.000452509	0.000316756	0	9.05018E-05	0	0.000135753	9.05018E-05	9.05018E-05	0.000271505	4.52509E-05	0	0.000135753	9.05018E-05	4.52509E-05	4.52509E-05	0.000135753	9.05018E-05	9.05018E-05	0	0.000181004	0.000181004
ASV1307	0.000135753	9.05018E-05	0.000407258	9.05018E-05	0.000271505	0	0	9.05018E-05	0.000543011	0	0	0.000181004	0	0	0	0	0.000181004	0.000271505	0.000633513	0.000362007	0	0.000135753	0.000633513	0	0.00049776	0	0
ASV1318	0.000135753	0.001040771	9.05018E-05	0	0.000588262	4.52509E-05	4.52509E-05	0	0.000226255	0.000316756	4.52509E-05	0.000316756	0.000452509	0	0	0.000135753	0.000226255	0.000135753	0.000226255	9.05018E-05	0	4.52509E-05	0.000135753	0.000135753	4.52509E-05	0.000135753	0
ASV1430	0.000135753	9.05018E-05	0.000181004	0.000135753	0.000316756	0.000271505	0.000316756	0.000316756	0.000271505	0.000226255	0.000362007	0	0.000271505	0.000135753	0	0	9.05018E-05	0	0	0.000135753	0.000135753	0.000181004	0.000135753	0.000135753	0	9.05018E-05	0
ASV1493	0.000135753	9.05018E-05	4.52509E-05	0.000407258	0.000362007	0.000362007	0.000135753	0.000135753	0.000135753	0.000226255	0.000226255	0.000181004	9.05018E-05	0.000135753	0.000181004	0.000181004	4.52509E-05	0	9.05018E-05	4.52509E-05	9.05018E-05	0	0	4.52509E-05	0	0	9.05018E-05
ASV1502	0.000135753	0	0.000181004	0.000135753	0.000135753	0	0.000181004	0	9.05018E-05	4.52509E-05	0.000135753	0.000181004	0	0.000135753	4.52509E-05	0.000181004	9.05018E-05	9.05018E-05	0.000226255	0.000226255	0.000226255	0.000226255	9.05018E-05	9.05018E-05	0	0	0.000135753
ASV1541	0.000135753	0.000316756	0.000181004	0.000181004	0.000543011	0.000316756	0.000588262	0.000452509	0.000181004	0.000181004	0	0	4.52509E-05	4.52509E-05	0	0	0	0	0	0	0	0	0	0	0	0	0
ASV1587	0.000135753	0.000316756	0.000135753	0.000226255	0.000271505	0.000135753	0.000407258	0	4.52509E-05	9.05018E-05	0.000181004	0.000135753	0.000135753	0.000181004	0	0	0.000226255	9.05018E-05	0	0	0.000135753	0.000181004	0	0	0	0	0.000135753
ASV1701	0.000135753	0.000271505	0.000226255	0.000135753	0.000271505	0.000181004	0.000316756	0	0.000181004	0.000135753	0	0	0.000226255	0	0.000226255	0	0	0	0	0	0.000135753	0	0	0	9.05018E-05	0	0
ASV1721	0.000135753	9.05018E-05	0.000316756	0	0.000678764	0.000543011	0	0	0.000452509	0	0.000226255	9.05018E-05	0	0	0	9.05018E-05	0	0	0	0	0	0	0	0	0	0	0
ASV1767	0.000135753	0.000135753	0	0	9.05018E-05	9.05018E-05	0	0.000226255	0.000226255	0.000316756	0	0.000226255	9.05018E-05	0.000181004	0.000181004	0.000135753	0.000135753	4.52509E-05	0.000135753	0.000135753	9.05018E-05	4.52509E-05	9.05018E-05	0	0	0	0
ASV1785	0.000135753	0	0	0	0	0	0	0.000181004	0.000226255	0.000181004	0	0.000181004	0.000452509	0	0.000226255	0.000407258	0	0.000362007	0.000226255	0	0	0	0	0	0	0	0
ASV1787	0.000135753	0.000226255	0.000135753	0.000271505	0.000181004	0	0	9.05018E-05	0	0.000181004	0.000316756	9.05018E-05	0.000135753	0	9.05018E-05	0.000135753	4.52509E-05	4.52509E-05	9.05018E-05	0	0.000135753	0	0	0	0	0	0
ASV1854	0.000135753	0	0	9.05018E-05	0	0.000135753	0	0.000135753	0.000226255	0	0	0	0	0	0	0	0	0	0	0.000181004	0	0	0	0	0.000135753	0.000271505	0
ASV1892	0.000135753	0	0	0	0.000135753	0	9.05018E-05	0	0.000181004	0.000271505	0	0.000226255	0.000316756	0	0.000181004	0.000316756	0	0	0	9.05018E-05	0	0	0	0.000181004	0	0	0
ASV1961	0.000135753	0	0.000181004	0.000362007	0	0	0.000226255	0	0	0	0	0.000226255	0	0	0	0	4.52509E-05	9.05018E-05	9.05018E-05	0	0	0.000226255	0.000226255	0	9.05018E-05	0	0.000135753
ASV1982	0.000135753	0	4.52509E-05	0.000181004	0	0	9.05018E-05	0	9.05018E-05	0.000271505	0.000135753	0.000135753	0.000226255	0.000181004	9.05018E-05	9.05018E-05	0.000135753	9.05018E-05	0	0	4.52509E-05	0	0	4.52509E-05	0	0	0
ASV2011	0.000135753	0	0	0.000226255	0.000135753	0.000181004	0.000135753	0	0	0	0	0	9.05018E-05	4.52509E-05	0	0	0	4.52509E-05	0.000135753	0.000181004	9.05018E-05	0.000135753	9.05018E-05	9.05018E-05	4.52509E-05	0	0
ASV2024	0.000135753	0	0.000271505	4.52509E-05	0.000226255	0	0.000181004	0.000181004	0.000271505	0.000135753	0	0	9.05018E-05	0	0	0	0	0	0	0	0	0	0	0	0	0	0
ASV2025	0.000135753	0	0	0	9.05018E-05	0.000135753	0	0.000135753	0	0	0	0.000135753	0	0	0	0	0	0	0	0	0	0	0	0	0	0	0
ASV2172	0.000135753	0	0	0.000181004	0	0	0	0	9.05018E-05	9.05018E-05	0	0	0	0	0	0	0	0	0	0.000407258	0	0	0	0.000226255	0.000181004	0	0.000316756
ASV2235	0.000135753	0	0	0	0	0	0	0	0	0	0	0.000271505	9.05018E-05	0.000135753	9.05018E-05	9.05018E-05	0	0.000135753	4.52509E-05	0	4.52509E-05	0	4.52509E-05	0	0	9.05018E-05	0
ASV2269	0.000135753	0	9.05018E-05	9.05018E-05	0	0	0.000135753	4.52509E-05	0	0.000271505	0	0	0.000135753	4.52509E-05	0	0	0	0	0	9.05018E-05	0	0	4.52509E-05	9.05018E-05	0	9.05018E-05	9.05018E-05
ASV2629	0.000135753	0	0	0.000135753	0	0	0	0	4.52509E-05	0	0	0	9.05018E-05	0	0	0	0	0	0	0	9.05018E-05	0.000181004	0	0	0	0	0.000135753
ASV2763	0.000135753	4.52509E-05	0	0	0	0	0	0	0	0	0	0	0	0	0	0	0	0	0	0	0	0	0	0	0	0	0
ASV2934	0.000135753	0	0.000135753	0	0	0	4.52509E-05	0	0	0	0	0	0	0	0	0	0	0.000226255	0	0	0.000181004	0	0	0	0	0	0
ASV2992	0.000135753	0	0	9.05018E-05	0	0	0	0	0	0	0	0	0	0	0	0	0	0	9.05018E-05	9.05018E-05	0	0.000135753	4.52509E-05	9.05018E-05	0	9.05018E-05	0
ASV3136	0.000135753	0	0	0.000181004	0.000181004	9.05018E-05	9.05018E-05	0	0	0	0	0	0	0	0	0	0	0	0	0	0	0	0	0	0	0	0
ASV3227	0.000135753	0	0	0	0	0	0	0	0	0	0	0	0	0	0	0	0	0	0	0	0	0	0	0	0	0	0
ASV3266	0.000135753	0	0	0	0.000181004	0	0	9.05018E-05	0	0	0	0.000135753	0	0	0	0	0	0	0	0	0.000135753	0	0	0	0	0	4.52509E-05
ASV3307	0.000135753	9.05018E-05	0	0	0	0	0	0	0	0	0	0	0	0	0	0	0	0	0	0	0	0	0	0	0	0	0
ASV3351	0.000135753	0.000181004	4.52509E-05	0	4.52509E-05	0	4.52509E-05	0	0	0	0	9.05018E-05	0	0	0	0	0	0	0	0	0	0	0	0	0	0	0
ASV3391	0.000135753	0	0.000271505	0	0	0	0	0	9.05018E-05	0	0	0	0	0	0	0	0	0	0	0	0	0	0	0	0	0	0
ASV3481	0.000135753	0	0.000181004	0	0	9.05018E-05	0	9.05018E-05	0	0	0	0	0	0	0	0	0	0	0	0	0	0	0	0	0	0	0
ASV3539	0.000135753	0	0	0	0	0	0	0	0	9.05018E-05	9.05018E-05	0	0	0	4.52509E-05	0	0	0.000135753	4.52509E-05	0	0	0	0	0	0	0	0
ASV3587	0.000135753	0.000135753	4.52509E-05	0	0	0	0	0	0	0	0	0	0	0	0	0	0	0	0	4.52509E-05	0	0	0	0	0	4.52509E-05	0
ASV3966	0.000135753	0	0	0	0	0	0	0	0	0	0	0	0	0	0	0	0	0	4.52509E-05	0	0	0	0	0	9.05018E-05	0	9.05018E-05
ASV4126	0.000135753	0	0.000135753	0	0	0	0	0	0	0	0	0	0	0	0	0	0	0	0	0	0	0	0	0	0	0	0
ASV4127	0.000135753	0.000181004	0	0	0	0	0	0	0	0	0	0	0	0	0	0	0	0	0	0	0	0	0	0	0	0	0
ASV4324	0.000135753	0	0	0	0	0	0	0	0	0	4.52509E-05	0	4.52509E-05	0	0	0	0	0	0	0	0	0	0	0	0	0	0
ASV4681	0.000135753	9.05018E-05	0	0	0	0	0	0	0	0	0	0	0	0	0	0	0	0	0	0	0	0	0	0	0	0	0
ASV4984	0.000135753	0	0	0	0	0	0	0	0	0	0	0	0	0	0	0	0	0	0	0	0	0	0	0	0	0	0
ASV5012	0.000135753	0	0	0	0	0	0	0	0	0	0	0	0	0	0	0	0	0	0	0	0	0	0	0	0	0	0
ASV5055	0.000135753	0	0	0	0	0	0	0	0	0	0	0	0	0	0	0	0	4.52509E-05	0	0	0	0	0	0	0	0	0
ASV5213	0.000135753	0	0	0	0	0	0	0	0	0	0	0	0	0	0	0	0	0	0	0	0	0	0	0	0	0	0
ASV5215	0.000135753	0	0	0	0	0	0	0	0	0	0	0	0	0	0	0	0	0	0	0	0	0	0	0	0	0	0
ASV5217	0.000135753	0	0	0	0	0	0	0	0	0	0	0	0	0	0	0	0	0	0	0	0	0	0	0	0	0	0
ASV5219	0.000135753	0	0	0	0	0	0	0	0	0	0	0	0	0	0	0	0	0	0	0	0	0	0	0	0	0	0
ASV5566	0.000135753	0	0	0	0	0	0	0	0	0	0	0	0	0	0	0	0	0	0	0	0	0	0	0	0	0	0
ASV5873	0.000135753	0	0	0	0	0	0	0	0	0	0	0	0	0	0	0	0	0	0	0	0	0	0	0	0	0	0
ASV5875	0.000135753	0	0	0	0	0	0	0	0	0	0	0	0	0	0	0	0	0	0	0	0	0	0	0	0	0	0
ASV6281	0.000135753	0	0	0	0	0	0	0	0	0	0	0	0	0	0	0	0	0	0	0	0	0	0	0	0	0	0
ASV6818	0.000135753	0	0	0	0	0	0	0	0	0	0	0	0	0	0	0	0	0	0	0	0	0	0	0	0	0	0
ASV7640	0.000135753	0	0	0	0	0	0	0	0	0	0	0	0	0	0	0	0	0	0	0	0	0	0	0	4.52509E-05	0	0
ASV10037	0.000135753	0	0	0	0	0	0	0	0	0	0	0	0	0	0	0	0	0	0	0	0	0	0	0	0	0	0
ASV10046	0.000135753	0	0	0	0	0	0	0	0	0	0	0	0	0	0	0	0	0	0	0	0	0	0	0	0	0	0
ASV62	0.000181004	0.000543011	0.000859767	0.000724015	0.000769266	0.001176524	0.001629033	0.001583782	0.000724015	0.000724015	0.00049776	0.000769266	0.000407258	0	0.000633513	0.001312277	0.001176524	0.000724015	0.000633513	0.000724015	0.001086022	0.000814516	0.000543011	0.000724015	0.000362007	0.000316756	0.000678764
ASV185	0.000181004	0.000452509	0.000724015	0.001312277	0.002443549	0.000724015	0.000226255	0.000226255	0.000135753	0	0	0	0	0.000135753	0.000181004	0.000769266	0.001040771	0.000633513	0.002353048	0.001945789	0.005339608	0.006154125	0.00642563	0.007511652	0.003755826	0.003031811	0.002669804
ASV197	0.000181004	0.000181004	9.05018E-05	0.000226255	0.000226255	0.000271505	0.00049776	0.000543011	0.001086022	0.001674284	0.001267026	0.002624553	0.00298656	0.00393683	0.003031811	0.003529571	0.003891579	0.002896059	0.003258066	0.002398299	0.002715055	0.002307797	0.001629033	0.000633513	0.00099552	0.000407258	0.000362007
ASV203	0.000181004	0.000678764	0.000678764	0.000452509	0	0.000226255	0.00049776	0.000362007	0.00049776	0.000226255	0.000271505	0.000724015	0.000271505	0.000452509	0.000859767	0.000950269	0.001176524	0.001040771	0.000814516	0.001267026	0.002126793	0.002850808	0.003348568	0.007285398	0.006742387	0.018733879	0.006787637
ASV235	0.000181004	0.000407258	0.000316756	0.000271505	0.000407258	0.000407258	0.000362007	0.000407258	0.000588262	0.002036291	0.002081542	0.001086022	0.001764786	0.002669804	0.003393819	0.002579302	0.002262546	0.002624553	0.002760306	0.003212815	0.002398299	0.001040771	0.00049776	0.000905018	0.000950269	0.000588262	0.001674284
ASV288	0.000181004	0.000271505	0.000407258	0.000543011	0.000362007	0.000633513	0.000905018	0.000724015	0.000950269	0.002353048	0.001945789	0.001040771	0.001267026	0.001221775	0.001131273	0.001040771	0.000678764	0.001583782	0.003303317	0.001764786	0.001900538	0.00099552	0.00099552	0.000905018	0.00099552	0.002307797	0.006244626
ASV311	0.000181004	0.000543011	0.000362007	0.00049776	0.000588262	0.000769266	0.001176524	0.000678764	0.00049776	0.000678764	0.001176524	0.000814516	0.00099552	0.000543011	0.000769266	0.00049776	0.000769266	0.000407258	0.000543011	0.000316756	0.000678764	0.000769266	0.000678764	0.000724015	0.000678764	0.000588262	0.000724015
ASV318	0.000181004	0.000226255	0.000452509	0.000362007	0.000452509	0.000407258	0	0	0	0	9.05018E-05	0	9.05018E-05	0	0	0.000271505	0.000271505	0.000135753	0.000316756	0.000407258	0.000588262	0.000588262	0.000407258	0.000543011	0.000724015	0.000678764	0.00049776
ASV347	0.000181004	0.000135753	0	0.000588262	0.000362007	0.000271505	0.000543011	0.000452509	9.05018E-05	0.000271505	0.000633513	0.000678764	0.000950269	0.001448029	0.001267026	0.001176524	0.001086022	0.00099552	0.001176524	0.000678764	0.001629033	0.00099552	0.000905018	0.000633513	0.000633513	0.001176524	0.001312277
ASV351	0.000181004	0.000407258	0.000678764	0.001176524	0.001131273	0.001040771	0.001267026	0.000814516	0.000633513	0.000633513	0.001357527	0.002172044	0.001538531	0.001086022	0.001357527	0.001312277	0.001402778	0.001221775	0.001538531	0.001131273	0.000905018	0.000814516	0.000905018	0.000633513	0.000678764	0.000452509	0.000452509
ASV362	0.000181004	0.000271505	0.000271505	0.000769266	0.000769266	0.000452509	0.00099552	0.000814516	0.001221775	0.001855288	0.001810037	0.001674284	0.002036291	0.001855288	0.002036291	0.002036291	0.002126793	0.001538531	0.001086022	0.00099552	0.000814516	0.001086022	0.000859767	0.000543011	0.000724015	0	0.000407258
ASV369	0.000181004	0.001312277	0.003031811	0.003348568	0.004253586	0.00298656	0.002896059	0.000724015	0.000226255	0.000724015	0.000362007	0.000588262	0.000226255	0.00049776	0.000316756	0.000407258	0.000452509	0.000226255	0.000316756	0.000226255	0.000633513	0.000452509	0.000814516	0.000633513	0.000407258	0.000769266	0.000543011
ASV426	0.000181004	9.05018E-05	0.000271505	0.000407258	0.000588262	0.000633513	0.001086022	0.001086022	0.00149328	0.001040771	0.000814516	0.001176524	0.000588262	0.000678764	0.000950269	0.001312277	0.001086022	0.001040771	0.001448029	0.00149328	0.001221775	0.001221775	0.001131273	0.001312277	0.001086022	0.000316756	0.00049776
ASV443	0.000181004	0.000633513	0.000769266	0.000859767	0.000543011	0.000950269	0.001312277	0.000859767	0.000678764	0.001221775	0.001810037	0.001176524	0.001221775	0.001131273	0.000950269	0.000859767	0.000859767	0.001040771	0.000678764	0.000543011	0.000859767	0.000905018	0.00049776	0.000362007	0.000362007	0.000452509	0.000407258
ASV444	0.000181004	0.000543011	0.000859767	0.00049776	0.000362007	0.000769266	0.001267026	0.001312277	0.001312277	0.001221775	0.002036291	0.002081542	0.000859767	0.00099552	0.000452509	0.000724015	0.000769266	0.00049776	0.000769266	0.00049776	0.001040771	0.001267026	0.000633513	0.000769266	0.000633513	0.000362007	0.000271505
ASV448	0.000181004	0.000316756	0.000950269	0.001312277	0.00099552	0.001086022	0.001267026	0.001131273	0.001131273	0.001221775	0.000905018	0.00149328	0.00099552	0.001086022	0.000769266	0.001719535	0.001131273	0.00099552	0.000859767	0.000543011	0.000950269	0.000271505	0.000271505	0.000316756	0.000135753	0.000135753	0.000181004
ASV458	0.000181004	0.000135753	0.000407258	0.000271505	0.000181004	0.000226255	9.05018E-05	0.000271505	4.52509E-05	0.000181004	0	9.05018E-05	9.05018E-05	0.000271505	0.000362007	0.000678764	0.000543011	0.000452509	0.000135753	0.000181004	0.000452509	0.000362007	0.000271505	0.000271505	0.000271505	0.000316756	0.000271505
ASV522	0.000181004	0.000316756	0.000724015	0.000588262	0.00049776	0.000362007	0.000724015	0.000543011	0.000181004	0.000543011	0.000950269	0.001267026	0.001267026	0.000633513	0.000950269	0.000724015	0.000905018	0.000859767	0.000543011	0.000588262	0.000633513	0.000678764	0.000543011	0.000905018	0.000814516	0.00099552	0.001040771
ASV527	0.000181004	0.000543011	0.001945789	0	0.002036291	0.000950269	0	0.000814516	0.000814516	0.000724015	0.001086022	0.00049776	0.000678764	0.000271505	0.00049776	0.000316756	0.00099552	0.001629033	0.000678764	0.00049776	0.000181004	0.000407258	0.000769266	0.000181004	0.000588262	0.000271505	0.001040771
ASV531	0.000181004	0.000678764	0.000362007	0.000588262	0.000859767	0.000769266	0.001448029	0.001176524	0.000633513	0.000678764	0.000678764	0.000950269	0.001086022	0.000452509	0.000950269	0.000588262	0.000543011	0.000588262	0.000588262	0	0.00049776	0.000814516	0.00049776	0.000724015	0.000814516	0.000543011	0.000633513
ASV547	0.000181004	0.000316756	0.000362007	0.000407258	0.000678764	0.000678764	0.000905018	0.000905018	0.000543011	0.000905018	0.000950269	0.000905018	0.001267026	0.00099552	0.000950269	0.000678764	0.000724015	0.00049776	0.000588262	0.000588262	0.000588262	0.000678764	0.000633513	0.000362007	0.00049776	0.000316756	0.000362007
ASV613	0.000181004	0.000271505	0.000452509	0.000633513	0.000543011	0.000633513	0.000950269	0.000588262	0.000271505	0.000543011	0.000859767	0.001086022	0.000543011	0.000588262	0.000859767	0.000633513	0.000724015	0.000678764	0.000407258	0.000316756	0.000452509	0.000543011	0.000588262	0.000452509	0.00049776	0.000633513	0.000226255
ASV641	0.000181004	0	0.000135753	0	0.000181004	0	0	0.000316756	0.000678764	0.000769266	0.000859767	0.000905018	0.000769266	0.000633513	0.000950269	0.000724015	0.001131273	0.000950269	0.001176524	0.000769266	0.000633513	0.000452509	0.000588262	0.000362007	0.000362007	0.000226255	0.000226255
ASV644	0.000181004	0	0	0	0	0.000135753	0	0	0	0	0	0.000135753	0	0.000135753	0	0	0.000181004	0	0	0	0	0	0	0.00049776	0	0	0
ASV723	0.000181004	0.000633513	0.000271505	0.000452509	0.000407258	0.000407258	0.00049776	0.000452509	0.000678764	0.000814516	0.000724015	0.000724015	0.000633513	0.000678764	0.000633513	0.000543011	0.000769266	0.000407258	0.000362007	0.000135753	0.000181004	0.000135753	0.000181004	0	0.000135753	4.52509E-05	0.000181004
ASV738	0.000181004	0.000678764	0.001810037	0.000135753	0.001312277	0.000724015	0.000135753	0.000452509	0.00049776	0.00049776	0.00049776	0.000543011	0.00049776	0	0.00049776	0.000271505	0.000588262	0.000588262	0.000316756	0.000452509	0	0	0	0	0.000316756	0	0.000633513
ASV752	0.000181004	0.000316756	0.000407258	0.000362007	0.000362007	9.05018E-05	0.000271505	0.000135753	0	0	0.000271505	0	0	0.000181004	9.05018E-05	0.000135753	0.000226255	0	0.000226255	0.000181004	9.05018E-05	0	0.000316756	0.000181004	0.000135753	0.000362007	9.05018E-05
ASV763	0.000181004	0.000271505	0.000543011	0.000678764	0.000769266	0.000271505	0.000362007	0.000678764	0.000271505	0.000271505	0.000814516	0.000362007	0.000271505	0.000407258	0.000362007	0.000452509	0.000181004	0.000226255	0.000452509	0.000362007	0.000543011	0.000543011	0.000181004	0.000226255	0.000135753	0	0.000452509
ASV839	0.000181004	0.000181004	0.000181004	0.000226255	0	0.000135753	0.000362007	0.000226255	0.000543011	0.000543011	0.00049776	0.001040771	0.000588262	0.000769266	0.000452509	0.000588262	0.000633513	0.000407258	0.000362007	0.000316756	0.000362007	0.000271505	0.000271505	0	0.000407258	0.000271505	0.000181004
ASV868	0.000181004	0.000271505	0.000181004	0.000407258	0.000316756	0.000316756	0.000407258	0.000407258	0.000271505	0.000452509	0	0.000135753	0.000407258	0.000633513	0.000316756	0.000135753	0.000135753	0	0	4.52509E-05	0	0	0	0	9.05018E-05	0	0
ASV895	0.000181004	0.000452509	0.000678764	0.000633513	0.000543011	0.000316756	0.001221775	0.000859767	0.000543011	0.000316756	0.000226255	0.000135753	0.000135753	9.05018E-05	4.52509E-05	4.52509E-05	0	0	0	9.05018E-05	0.000135753	0	4.52509E-05	0.000181004	9.05018E-05	0.000135753	0.000226255
ASV896	0.000181004	4.52509E-05	0.000226255	0.000316756	0.000226255	0.000271505	0.000226255	0.000271505	0.000362007	0.000407258	0.000181004	0.000316756	0.000362007	0.000362007	0.000588262	0.000271505	0.000316756	0.00049776	0.000407258	0.000226255	0.000135753	0.000407258	0.000181004	0.000181004	0	0	0.000316756
ASV906	0.000181004	0.000226255	0.000316756	0.000407258	0.000316756	9.05018E-05	0.000181004	0.000135753	0	0.000181004	0	0.000316756	0.000135753	0.000226255	0.000226255	0.000271505	0.000271505	0.000271505	0.000316756	0.000271505	0.001221775	0.000588262	0.000588262	0.000407258	0.000226255	0.000271505	0.001176524
ASV909	0.000181004	0	0.000271505	0.000271505	0	0.000407258	0	0.000407258	0.00049776	0.000452509	0.000633513	0.000543011	0.00049776	0.000633513	0	0.000452509	0.000678764	0.000678764	0	0.000316756	0.000316756	0	0.000362007	0.000362007	0.000226255	0.000181004	0.000362007
ASV931	0.000181004	0.000724015	0.00049776	0.000452509	0.000226255	0.000316756	0.00049776	0.000135753	0	0	0	0	0	0	4.52509E-05	0.000181004	0.000181004	0.000135753	0.000181004	0.000181004	0.000226255	0	0.000181004	0.000135753	0.000271505	0.000362007	0.000588262
ASV990	0.000181004	0.000452509	0.000543011	0.000588262	0.000271505	0.000226255	0.000633513	0.000588262	0.000316756	0.000316756	0.000362007	0.000316756	9.05018E-05	0.000226255	0.000226255	0.000181004	0.000181004	4.52509E-05	0.000181004	0.000226255	0.000181004	9.05018E-05	0.000181004	9.05018E-05	0.000226255	4.52509E-05	0.000181004
ASV1004	0.000181004	9.05018E-05	0	0.000135753	9.05018E-05	0.000181004	0.000135753	0.00049776	0.000543011	0.000362007	0.000362007	0.000226255	0.000316756	0.000452509	0.000362007	0.000543011	0.000407258	0.000407258	0.000316756	0.000316756	0.000316756	0.000181004	0.000271505	0.000271505	0.000181004	0.000181004	0
ASV1032	0.000181004	0.000362007	0.000226255	0.000226255	0.000135753	0.000271505	0.000452509	0.000452509	0.000362007	0.00049776	0.000543011	0.000633513	0.000271505	0.000452509	0.000316756	0.000181004	0	0.000226255	0.000181004	0.000181004	0.000271505	0.000316756	0.000135753	0	0.000135753	0	0
ASV1080	0.000181004	4.52509E-05	0.000135753	0.000362007	0.000226255	0.000135753	0.000226255	0.000181004	0.000181004	0	0.000543011	0.000271505	0.000316756	0.000452509	0.000226255	0.000271505	0	0.000271505	0	0.000362007	0.000271505	0.000316756	0	0.000226255	0.000135753	0	0.000316756
ASV1171	0.000181004	0	0.000633513	0.000362007	0.000226255	0.000316756	0.000362007	9.05018E-05	0.000135753	0	0	0	0	0	0	0	0	0	0	0	0	0	0	0.000271505	0.000543011	0.000950269	0.001357527
ASV1363	0.000181004	0.000226255	0.000181004	0.000271505	0.000181004	0.000226255	9.05018E-05	0	0	0.000181004	0	0.000362007	0.000181004	0	0.000181004	0.000226255	0.000181004	0.000362007	0.000181004	0.000181004	0.000181004	0.000271505	0	0	0	0.000271505	0
ASV1419	0.000181004	0.000181004	0.000181004	0.000316756	9.05018E-05	9.05018E-05	9.05018E-05	9.05018E-05	0	0.000135753	0.000226255	0.000181004	4.52509E-05	0	0.000135753	4.52509E-05	0.000135753	0.000135753	9.05018E-05	4.52509E-05	0.000271505	0.000316756	0.000135753	0.000181004	4.52509E-05	0.000181004	0.000316756
ASV1513	0.000181004	0.000543011	0.000543011	0.000407258	0.000181004	0.000181004	0.000407258	9.05018E-05	0.000135753	4.52509E-05	0.000181004	0	0	0	0	0	0	0	0	0	0	0	0	0	0	0	4.52509E-05
ASV1571	0.000181004	0	0	0	0	0	0	0	0	0	0	0	0	0	0	0.000181004	0	0	0.000181004	0	0	0	0	0	0	0	0
ASV1708	0.000181004	0.000271505	0	0	9.05018E-05	0	0.000226255	0	0	0	0	0	9.05018E-05	0	0	4.52509E-05	0.000135753	9.05018E-05	0.000181004	0.000135753	0.000135753	9.05018E-05	0	0.000271505	0.000181004	0.000226255	9.05018E-05
ASV1748	0.000181004	0	0.000633513	0.000543011	0	0	0	4.52509E-05	0	0	0	0	0	0	0	4.52509E-05	0.000362007	0.000452509	0.000181004	0	0	0	0	0	0	0	0
ASV1763	0.000181004	0.000135753	0.000316756	0.000316756	0.000135753	0	0.000135753	0	0.000226255	0	0	4.52509E-05	0	0	0	0	9.05018E-05	0	0	0	0.000181004	0	0	0.000135753	4.52509E-05	0.000271505	0.000226255
ASV1940	0.000181004	0.000226255	0.000135753	0	9.05018E-05	9.05018E-05	0.000135753	0.000135753	0.000135753	0	0	0.000135753	0	0	0	0	9.05018E-05	9.05018E-05	0	0	4.52509E-05	0	0.000271505	0.000181004	4.52509E-05	9.05018E-05	0
ASV2068	0.000181004	0	0	0	0	0	0	0	0	0	0	0	0	0	0	0	0	0	0	0.000316756	0	0.000362007	0	0.000407258	0.000271505	0	0
ASV2117	0.000181004	0	0	0	0	0	0	0	0	0	0	0	0	0	0	0	0	0	0	0	0	0	4.52509E-05	0	0	0.000135753	0.000226255
ASV2153	0.000181004	0	0.000135753	0	0	0	0	0	0	0	0.000181004	0	0	0	0	0	0.000181004	0.000226255	0	0	0.000181004	0	0	9.05018E-05	0	0.000135753	0
ASV2236	0.000181004	0.000362007	0.000316756	0	0	0	0	0	0	0	0	0.000181004	0	0.000226255	0	0	0	0	0	0	0.000181004	0	0	0	0	0	0
ASV2245	0.000181004	0	0	0.000226255	0	0	0.000226255	0	0.000135753	0	0	0.000181004	0	0	0.000181004	0	0	0	0.000135753	0.000135753	0	0	0	0	0	0	0
ASV2354	0.000181004	0	0	9.05018E-05	0	0	0	0	0	0	0.000135753	9.05018E-05	0	4.52509E-05	4.52509E-05	9.05018E-05	0.000181004	4.52509E-05	0	0	0.000181004	4.52509E-05	0	0	0	0	0.000135753
ASV2536	0.000181004	0.000316756	0	0.000271505	0	4.52509E-05	0	0	0	0	0	0	0	0	0	0	0	0	0.000181004	0	0	9.05018E-05	0	0	0	0	0
ASV2623	0.000181004	9.05018E-05	0	0	0	0	0	0	0	0	0	0	4.52509E-05	0	0	0	0.000226255	0	0	0	0.000181004	0	9.05018E-05	0	0	0	0
ASV2822	0.000181004	0	0	0	0	0	0	0	0	0	0	0.000316756	0	0	0	0	9.05018E-05	0	0.000226255	0	0	0	0	0	0	0	0
ASV2865	0.000181004	0.000633513	0	0	0	0	0	0	0	0	0	0	0	0	0	0	0	0	0	0	0	0	0	0	0	0	0
ASV3311	0.000181004	0	0	0	0	0	0.000135753	9.05018E-05	0	0	0	0	4.52509E-05	0	0	0	0	0	0	0	0	0	0	0	0	0	0
ASV3646	0.000181004	0.000226255	0	0	0	0	0	0	0	0	0	0	0	0	0	0	0	0	0	0	0	0	0	0	0	0	0
ASV3712	0.000181004	0	0	9.05018E-05	0	0	4.52509E-05	0	0	0.000135753	0	0	0	0	0	0	0	0	0	0	0	0	0	0	0	0	0
ASV3713	0.000181004	0	0.000226255	0	0	0	0	0	0	0	0	0	0	0	0	0	0	0	0	0	0	0	0	0	0	0	0
ASV3776	0.000181004	0	0	0	0	0	0	0	4.52509E-05	0	0	0	0	0.000135753	0	0	0	0	0	0	0	0	0	4.52509E-05	4.52509E-05	4.52509E-05	0
ASV3895	0.000181004	0.000135753	0	0	0	0	0	0	0	0	0	0	0	0	0	0	0	0	0	0	0	0	0	0	0	0	0
ASV4498	0.000181004	0	0	0	0	0	0	0	0	0	0	0	0	0	0	0	0	0	0	0	0	0	0	0	0	0	0
ASV4499	0.000181004	0	0	0	0	0	0	0	0	0	0	0	0	0	0	0	0	0	0	0	0	0	0	0	0	0	0
ASV4512	0.000181004	0	0	0	0	0	0	0	0	0	0	0	0	0	0	0	0	0	0	0	0	0	0	0	0	0	0
ASV4526	0.000181004	0	0	0	0	0	0	0	0	0	0	0	0	0	0	0	0	0	0	0	0	0	0	0	0	0	0
ASV5218	0.000181004	0	0	0	0	0	0	0	0	0	0	0	0	0	0	0	0	0	0	0	0	0	0	0	0	0	0
ASV5552	0.000181004	0	0	0	0	0	0	0	0	0	0	0	0	0	0	0	0	0	0	0	0	0	0	0	0	0	0
ASV6870	0.000181004	0	0	0	0	0	0	0	0	0	0	0	0	0	0	0	0	0	0	0	0	0	0	0	0	0	0
ASV81	0.000226255	0.003077062	0.00393683	0.005792117	0.003122313	0.004344088	0.004751346	0.003710575	0.004977601	0.00543011	0.010045703	0.006154125	0.006380379	0.007104394	0.005701615	0.003529571	0.003891579	0.004796597	0.005294357	0.005701615	0.005294357	0.004841848	0.004751346	0.002760306	0.002579302	0.004570343	0.003077062
ASV249	0.000226255	0.000452509	0.000905018	0.00199104	0.000588262	0.001312277	0.001855288	0.00149328	0.001402778	0.002850808	0.001810037	0.003122313	0.002715055	0.002715055	0.003122313	0.002579302	0.002669804	0.002760306	0.001764786	0.001402778	0.002036291	0.001538531	0.001674284	0.000814516	0.00049776	0.00049776	0.000362007
ASV267	0.000226255	0.00049776	0.00099552	0	0.001357527	0.000859767	0	0.000724015	0.001131273	0.000588262	0.000724015	0	0.000678764	0	0.000633513	0.000316756	0.00049776	0.00099552	0	0	0	0.000588262	0	0.000950269	0.000407258	0.000588262	0.000316756
ASV281	0.000226255	0.000588262	0.000814516	0.001357527	0.000769266	0.000905018	0.000769266	0.000452509	0.000135753	0.000362007	0.000407258	0.000588262	0.000407258	0.000316756	0	0.000316756	0.000316756	0.000362007	0.00049776	0.00049776	0.000905018	0.000814516	0.000814516	0.000678764	0.000633513	0.000769266	0.001131273
ASV344	0.000226255	0	0	0	0	0	0	0.000271505	0	0	0.000181004	0.000226255	0	0	0.000362007	0.000633513	0.000543011	0.000769266	0.000724015	0.000588262	0.00049776	0.000316756	0.000452509	0.00049776	0.000588262	0.000633513	0.000452509
ASV365	0.000226255	0.001583782	0.003258066	0	0.00294131	0.001764786	0	0.000543011	0.000543011	0	0	0.000181004	0.000452509	0.000316756	0.00049776	0.000588262	0.000633513	0.001131273	0.000859767	0.000859767	0	0.000724015	0.001583782	0.00149328	0.001176524	0.001402778	0.004253586
ASV378	0.000226255	0.000135753	4.52509E-05	9.05018E-05	0	0	0.000678764	0.002172044	0.003031811	0.002624553	0.001402778	0.001221775	0.001538531	0.003122313	0.002624553	0.002126793	0.001357527	0.001357527	0.00049776	0.00049776	0.00049776	0.000407258	0.000135753	0	9.05018E-05	0	0.000135753
ASV421	0.000226255	0.000950269	0.000452509	0.000633513	0.00099552	0.000588262	0.000724015	0.001040771	0.000226255	0.000181004	0	0.001312277	0.002217295	0.001221775	0.001131273	0.001855288	0.001040771	0.00049776	0.000859767	0.000316756	0.000678764	0.000452509	0.000724015	0.000950269	0.001131273	0.001131273	0.000633513
ASV441	0.000226255	0.000814516	0.001855288	0	0.001719535	0.001583782	0.000226255	0.001086022	0.001176524	0.00049776	0.001131273	0.000814516	0.000543011	0.000135753	0.000362007	0.000362007	0.00049776	0.000859767	0.000452509	0.000407258	0	0.000271505	0.000407258	0.000362007	0.000543011	0.000271505	0.000633513
ASV521	0.000226255	0.000316756	0.000724015	0.000633513	0	0.00049776	0.000316756	0.000271505	0.000271505	0.000181004	0	0.000362007	0.000271505	0.000226255	0.000316756	0.000543011	0.000452509	0.000271505	0.000588262	0.000769266	0.00099552	0.000769266	0.000633513	0.000859767	0.000633513	0.000724015	0.000859767
ASV559	0.000226255	0	0.000678764	0.000271505	0.000316756	0.000226255	0.000226255	0	0.000407258	0.000362007	0.000543011	0.000452509	0.000271505	0.000362007	0.000362007	0.000769266	0.000407258	0.00049776	0.000724015	0.000905018	0.001131273	0.000814516	0	0.000362007	0	0	0.000543011
ASV580	0.000226255	0	0	0	0	0	0	0	0.000181004	0	0	0	0	0	0	0.000181004	0.000226255	0.000271505	0.000271505	0.000226255	0.000271505	0	0	0	0	0	0
ASV600	0.000226255	0.000181004	0.000905018	0.000814516	0	0.000814516	0.000678764	0.000452509	0.000724015	0.000362007	0.000543011	0.000452509	0.000407258	0	0.000633513	0.000181004	0	0.000271505	0	0.000633513	0.000814516	0.001221775	0.000769266	0.000543011	0.000316756	0	0.00099552
ASV674	0.000226255	0.000226255	0.000362007	0.000633513	0.000181004	0.000316756	0.001221775	0.000633513	0.000814516	0.000814516	0.00099552	0.000905018	0.000362007	0.001086022	0.000452509	0.000814516	0.00049776	0.000633513	0.000226255	0.000135753	0.000407258	0.000271505	0	0	0.000362007	0	0.000316756
ASV743	0.000226255	0.000271505	0.000271505	0.000362007	0.000452509	0.000271505	0.000452509	0.000452509	0.000588262	0.00049776	0.000678764	0.000678764	0.000407258	0.000588262	0.000362007	0.000452509	0.00049776	0.000226255	0.000316756	0.000452509	0.000407258	0.00049776	0.000181004	0.000316756	0.000181004	0.000271505	0.000135753
ASV815	0.000226255	0	0.000316756	4.52509E-05	0.000181004	0	0.000181004	0.000135753	0	0	0	0	0.000181004	0	0.000181004	0.000543011	0.000814516	0.001719535	0.000859767	0.000452509	0.000135753	0.000181004	0	0	0.000135753	0.000316756	0.000135753
ASV837	0.000226255	0	0.000181004	0.000316756	0.000181004	0.000181004	0.000316756	0.000452509	0.000588262	0.000226255	0	0.000452509	0.000678764	0.000452509	0.000362007	0.000452509	0.000452509	0.00049776	0.000452509	0.000407258	0.000135753	0.000226255	0	0	0	0	0
ASV901	0.000226255	0.000407258	0.000316756	0.000362007	0.000226255	0.000271505	0.000181004	4.52509E-05	4.52509E-05	0.000135753	4.52509E-05	4.52509E-05	0	0.000271505	0.000316756	0.000362007	0.000226255	0.000678764	0.001176524	0.001357527	0.000724015	0.000633513	0.000181004	4.52509E-05	9.05018E-05	0	0.000271505
ASV961	0.000226255	0.000271505	0	0.000271505	0.000407258	0	0.000362007	0.00049776	0.000543011	0.000724015	0.000814516	0.000678764	0.000543011	0.000678764	0.000633513	0	0.000724015	0.000407258	0	0	0	9.05018E-05	0	4.52509E-05	0	0	0
ASV1023	0.000226255	0.000814516	0.001040771	0	0.000905018	0.000362007	0	0.000316756	0.000316756	0.000181004	0	0	0	0	0	0	0.000543011	0	0	0.000452509	0.000226255	0	0.000271505	0	0.000407258	0	0.000814516
ASV1052	0.000226255	0.000226255	0.000135753	0.000362007	0.000135753	0.000271505	9.05018E-05	0.000271505	0.000135753	0.000271505	0.000362007	0.000452509	4.52509E-05	0.00049776	0	9.05018E-05	0.000362007	0	0.000135753	0	0	4.52509E-05	4.52509E-05	9.05018E-05	9.05018E-05	0	9.05018E-05
ASV1090	0.000226255	0.000316756	0.000181004	0.000181004	0.000271505	0.000316756	0.000588262	0.00049776	0.000316756	0.000226255	0.000362007	0.000316756	0.000135753	0.000181004	0.000226255	0.000316756	0.000226255	0.000407258	0.000226255	0.000181004	9.05018E-05	0.000135753	0.000271505	0.000181004	0.000181004	0.000226255	4.52509E-05
ASV1250	0.000226255	0	9.05018E-05	0	9.05018E-05	9.05018E-05	0.000135753	9.05018E-05	0	0.000181004	0.000226255	0.001176524	0.000135753	0.000859767	0.000181004	0.000135753	0.000407258	0.000226255	0.000135753	0	0.000135753	9.05018E-05	0	4.52509E-05	0	0	0
ASV1287	0.000226255	0.000362007	0.000135753	0.000135753	0	0.000452509	0.000407258	0.000543011	0.00049776	0.000226255	0.000181004	0.000135753	0.000362007	0.000226255	0.000135753	0.000135753	0	0	0.000226255	9.05018E-05	0	0.000135753	0	9.05018E-05	0	0	0
ASV1297	0.000226255	0	0	0	0	0	0	0	0	0	0	0	0	0	0	0	0	0	0	0	0	0	0	0	0	0	0
ASV1535	0.000226255	0.000181004	0	0.000135753	9.05018E-05	0	0	0.000226255	0.000135753	0	0.000271505	0	9.05018E-05	0.000181004	0	0.000135753	9.05018E-05	0	9.05018E-05	0.000271505	9.05018E-05	0.000135753	0	0	9.05018E-05	0	0
ASV1668	0.000226255	0	0	0	0	0	0.000135753	0	0.000316756	0	0.000181004	0.000362007	0	0.000271505	0	0	0	0	0.000271505	0	0.000316756	0	0.000407258	0	0.000181004	0.000316756	0
ASV1853	0.000226255	0	0	9.05018E-05	4.52509E-05	0.000135753	0.000135753	9.05018E-05	0.000181004	0.000135753	0.000271505	0.000135753	0.000135753	4.52509E-05	0	0	0.000271505	0.000135753	0	4.52509E-05	4.52509E-05	0	0	9.05018E-05	0.000135753	0	0
ASV2137	0.000226255	0.000181004	0	0.000362007	0	0.000181004	0.000362007	0	0.000271505	0	0.000135753	0	0	0	0	0	0	0	0	0	0	0	0	0	0	0	0
ASV2760	0.000226255	9.05018E-05	0	0	0	0.000135753	0.000135753	0	0	0	0	0	0	0	0	0	0	0	0	0	0	0	0	0	0.000135753	0.000226255	0
ASV2943	0.000226255	0	9.05018E-05	0.000135753	0	0	0	0	0	0	0	0	0	0	0	0	0	0	0	0	9.05018E-05	0	0	0	0	0	0.000181004
ASV3102	0.000226255	0	0	0	0	0	0	0	0	0	0	0	0	0	0	0	9.05018E-05	9.05018E-05	0.000135753	0	0	0	0	0	0	0	0
ASV3207	0.000226255	0	0	0.000362007	0	0	0	0	0	0	0	0	0	0	0	0	0	0	0	0	0	0	0	9.05018E-05	0	0	0
ASV4323	0.000226255	0	0	0	0	0	0	0	0	0	0	0	0	0	0	0	0	0	0	0	0	0	0	0	0	0.000226255	0
ASV4500	0.000226255	0	0	0	0	0	0	0	0	0	0	0	0	0	0	0	0	0	0	0	0	0	0	0	0	0	0
ASV4501	0.000226255	0	0	0	0	0	0	4.52509E-05	0	0	0	0	0	0	0	0	0	0	0	0	0	0	0	0	0	0	0
ASV4686	0.000226255	0	0	0	0	0	0	0	0	0	0	0	0	0	0	0	0	0	0	0	0	0	0	0	0	0	0
ASV134	0.000271505	0.002262546	0.006108874	0.000316756	0.007828409	0.004208335	0.000543011	0.003393819	0.004751346	0.003212815	0.004796597	0.002307797	0.00298656	0.001448029	0.004117833	0.003212815	0.004208335	0.007375899	0.002669804	0.00298656	0.000271505	0.00199104	0.003574822	0.002669804	0.001900538	0.001719535	0.004660844
ASV147	0.000271505	0.000316756	0.000362007	0.000271505	0.000316756	0.000588262	0.000633513	0.00049776	0.000316756	0.000362007	0.000226255	0.000407258	0.000543011	0.00049776	0.000678764	0.000452509	0.000769266	0.000452509	0.000588262	0.000316756	0.000181004	0.000271505	0.000316756	0	0	0	0.000135753
ASV205	0.000271505	0.000724015	0.000588262	0.000678764	0.000407258	0.000814516	0.001629033	0.001402778	0.001040771	0.000452509	0.000950269	0.001221775	0.002172044	0.002262546	0.006289877	0.005158604	0.005113354	0.002805557	0.002262546	0.002534051	0.001402778	0.001176524	0.001267026	0.000543011	0.000452509	0.000633513	0.000226255
ASV214	0.000271505	0.001357527	0.001583782	0.001357527	0.00099552	0.000678764	0.001583782	0.000724015	0.000543011	0.000362007	0.000543011	0.001267026	0.000769266	0.000724015	0.001040771	0.001267026	0.002036291	0.001176524	0.000678764	0.000588262	0.00099552	0.00099552	0.001176524	0.000633513	0.00099552	0.002353048	0.001855288
ASV215	0.000271505	0	0.001176524	0.001267026	0.001583782	0.000859767	0.002036291	0.001945789	0.003031811	0.003167564	0.001719535	0.003484321	0.002624553	0.003212815	0.002217295	0.002715055	0.002443549	0.001764786	0.002805557	0.002081542	0.003982081	0.002262546	0.002353048	0.001674284	0.001448029	0.001267026	0.001086022
ASV238	0.000271505	0.000724015	0.000814516	0.001221775	0.000905018	0.000633513	0.000769266	0.000859767	0.001402778	0.001538531	0.001176524	0.001221775	0.001900538	0.003620073	0.001810037	0.002307797	0.001674284	0.001131273	0.000814516	0.000814516	0.001040771	0.000543011	0.000362007	0.000407258	0.000452509	0.000362007	0.000271505
ASV268	0.000271505	0.000362007	0.000362007	0.000452509	0.000633513	0.000814516	0.001900538	0.000905018	0.000226255	4.52509E-05	0.000135753	0.00049776	0.002217295	0.001131273	0.000678764	0.001674284	0.00199104	0.001719535	0.002398299	0.000905018	0.000543011	0.001040771	0.001448029	0.00294131	0.00294131	0.001674284	0.001176524
ASV269	0.000271505	0.000181004	0.000362007	0.000543011	0.000814516	0.000452509	0.001357527	0.001448029	0.001583782	0.001312277	0.000859767	0.004479841	0.001312277	0.00543011	0.001131273	0.00199104	0.002669804	0.001221775	0.001040771	0.00049776	0.00099552	0.000543011	0.000814516	0.000407258	0.000362007	0.000181004	0.000588262
ASV293	0.000271505	0.000769266	0.000678764	0.000814516	0.00049776	0.000271505	0.000769266	0.000226255	0.000181004	0.000362007	0	0.000181004	0.000769266	0.000362007	0.000271505	0.000135753	0.000135753	0.000135753	0	0.000135753	0.000543011	0.000543011	0.000678764	0.002805557	0.003891579	0.006697136	0.006968641
ASV307	0.000271505	0.000181004	0.000362007	0.000181004	0.000316756	0.000316756	0.000678764	0.000678764	0.000905018	0.001357527	0.001131273	0.001402778	0.002353048	0.002850808	0.001176524	0.002398299	0.001719535	0.001945789	0.001221775	0.001131273	0.001176524	0.000769266	0.000588262	0.000271505	0.000316756	9.05018E-05	0.000181004
ASV316	0.000271505	0.000678764	0.000407258	0.000316756	0.000226255	0	0	0.000135753	9.05018E-05	0	0	0	9.05018E-05	0	0.000181004	0.000678764	0.000452509	0.000271505	0.000588262	0.000678764	0.00099552	0.001040771	0.001448029	0.00149328	0.000950269	0.000633513	0.000724015
ASV364	0.000271505	0.001221775	0.000724015	0.00049776	0.000678764	0.000362007	0.000316756	0.000407258	0.000407258	0.000769266	0.000859767	0.000769266	0.000588262	0.000633513	0.000588262	0.000633513	0.000633513	0.000678764	0.000543011	0.000905018	0.002307797	0.002217295	0.002036291	0.001629033	0.001583782	0.000905018	0.002307797
ASV430	0.000271505	0.000452509	0.000316756	0.000724015	0.000905018	0.001312277	0.002398299	0.003212815	0.002081542	0.000543011	0.000950269	0.001402778	0.001764786	0.001086022	0.001221775	0.000905018	0.001176524	0.00049776	0.000588262	0.000678764	0.000316756	0.000271505	0.000181004	0.000226255	0.000181004	0.000135753	0.000181004
ASV461	0.000271505	0.001448029	0.001674284	0.000859767	0.000724015	0.000181004	0	4.52509E-05	0	0	0	0	0	0	0	0	0	0	0	0	0	0	0	0	0	0	0
ASV474	0.000271505	0.000362007	0.000316756	0.000905018	0.000362007	0.000543011	0.001131273	0.001131273	0.001131273	0.00294131	0.001357527	0.000814516	0.000905018	0.001583782	0.00199104	0.000814516	0.000814516	0.000769266	0.000678764	0.000859767	0.000181004	0.000588262	0.000452509	0.000181004	0.000407258	0	0.000181004
ASV523	0.000271505	0.00049776	0.001267026	0.001583782	0.000950269	0.001086022	0.001221775	0.001040771	0.000950269	0.001357527	0.000859767	0.001312277	0.000543011	0.001629033	0.000226255	0.00049776	0.000678764	0.00049776	0.000316756	0.000316756	0.000407258	0.000362007	0.000452509	0	0.000271505	0	9.05018E-05
ASV676	0.000271505	0.000724015	0.00049776	0.000226255	0.000814516	0.000588262	0.000859767	0.000814516	0.000543011	0.000814516	0.000362007	0.000407258	0.000724015	0.000543011	0.000452509	0.000362007	0.00049776	0.000362007	0.000316756	0.000271505	0.000316756	0.000362007	0.000271505	0.000135753	0.000181004	0	0.000181004
ASV886	0.000271505	0	0	0	0	0	0	9.05018E-05	0	0	0	9.05018E-05	0	0	0	0	0	0	0	0.000271505	0.000135753	9.05018E-05	0	0.000271505	0	0	0
ASV1005	0.000271505	0	0	0	0.000226255	0	0.000362007	0.000271505	0.000588262	0.00049776	0.000633513	0.000678764	0	0	0.000678764	0.000724015	0	0	0	0	0.000407258	0.000724015	0	0	0.000316756	0.000181004	0.000407258
ASV1017	0.000271505	4.52509E-05	0	0	0	0	0	0	0	0	0	0	4.52509E-05	0	0	0	0	0	0	0.000226255	0	0	0	9.05018E-05	0	0	0
ASV1116	0.000271505	0.000271505	4.52509E-05	0.000226255	4.52509E-05	0	0.000135753	0.000135753	0	0	0	0	4.52509E-05	0	4.52509E-05	0	0	0	9.05018E-05	9.05018E-05	0.000271505	0.000226255	4.52509E-05	0.000543011	0.000814516	0.000678764	0.001900538
ASV1135	0.000271505	9.05018E-05	9.05018E-05	9.05018E-05	0.000226255	0.000226255	0.000452509	0.000135753	0.000135753	4.52509E-05	0.000135753	0.000181004	9.05018E-05	0.000226255	9.05018E-05	0.000226255	0.000362007	0.000362007	0.000316756	0.000226255	0.000226255	0.000181004	0.000135753	0.000181004	9.05018E-05	0.000226255	0.000135753
ASV1136	0.000271505	0.000407258	0.000316756	0.000633513	0.000452509	0.000271505	0.000181004	0.000135753	0	9.05018E-05	0.000135753	0.000135753	0.000181004	4.52509E-05	0	4.52509E-05	0	0.000135753	0.000135753	4.52509E-05	0.000271505	0.000135753	0	0.000135753	0.000181004	0.000135753	0
ASV1190	0.000271505	0.000316756	0.000271505	0.000678764	0.000135753	0.000181004	0.000226255	0.00049776	0	0.000181004	0	0	0.000316756	0	0	0.000181004	0	0.000226255	0	0.000271505	0.000316756	0	0	0	0.000226255	0	0
ASV1192	0.000271505	0.000181004	0.000135753	0.000271505	0.000181004	0.000181004	0.000452509	0.000316756	0.000135753	0	0.000316756	0.000543011	0.000316756	0.000181004	0.000181004	0.000271505	0.000226255	0.000181004	0	0	0.000135753	0.000181004	0.000226255	0	0	0	0
ASV1230	0.000271505	0	0.000135753	0	0	9.05018E-05	0.000135753	0.000271505	0.000362007	0	0.000452509	0.000135753	0.000135753	0.000181004	0.000226255	0.000271505	0.000226255	0.000362007	0	0.000362007	0.000362007	0.000316756	0.000226255	0.000135753	0.000181004	0.000226255	0
ASV1271	0.000271505	0	0	0.000271505	0	0.000271505	0.000452509	0.000362007	0.000633513	0.000407258	0.000407258	0	0	0.000407258	0	0	0	0.000588262	0.000362007	0.000271505	0	0.000362007	0	0	0	0	0
ASV1274	0.000271505	0	0.000135753	0.000271505	0.000407258	0.000271505	0.000452509	0.000316756	0.000135753	0	9.05018E-05	0.000362007	0	0.000362007	0.000135753	0.000226255	0.000181004	0.000135753	0	0.000135753	0.000271505	0.000181004	0.000181004	4.52509E-05	4.52509E-05	0	0
ASV1339	0.000271505	0.000226255	0.000271505	0.000407258	0.000181004	0.000362007	0.000543011	0.000226255	0.000271505	0	0	0.000226255	0.000135753	9.05018E-05	0	0	0	0	0.000135753	0	9.05018E-05	0	0.000181004	0.000135753	0	0.000135753	0.000271505
ASV1379	0.000271505	0.000452509	0.000452509	0.000362007	0.000181004	0.000271505	0.000181004	0.000316756	0.000271505	4.52509E-05	0	0	0.000271505	0	0	0	0.000316756	0	0.000181004	0	0	0	0	0	0.000181004	0	0
ASV1487	0.000271505	0	0	0	0	0	0	0	0	0	0	0	0	0	0	0	0	0	0	0	0	0	0	0	0	0	0
ASV1547	0.000271505	0.000135753	0.000181004	0.000226255	0	0.000271505	0	0.000407258	0.000362007	9.05018E-05	9.05018E-05	0.000226255	0.000135753	0.000135753	0	0	0	9.05018E-05	0	0	0	0	0.000181004	0.000135753	0	0	0.000135753
ASV1657	0.000271505	0	0.000135753	9.05018E-05	9.05018E-05	0	0	0	0	0	0	0	9.05018E-05	9.05018E-05	0.000135753	0.000362007	0	9.05018E-05	0	9.05018E-05	0.000226255	0.000181004	9.05018E-05	0.000181004	0.000181004	4.52509E-05	9.05018E-05
ASV1803	0.000271505	0	0.000271505	0.000316756	0.000407258	0.000181004	0.000226255	9.05018E-05	0	0	0	0	0	0	0	0	0	0	0	0	0	0	0.000135753	0.000135753	0.000135753	0	0.000135753
ASV1852	0.000271505	0	0	0	0	0	0	0.000452509	0.000135753	0	0	0.000135753	0.000452509	0.000135753	0.000135753	0.000135753	0	0	0.000181004	0	0	0.000135753	0	0	0	0	0
ASV2076	0.000271505	0	0	0	0	0	0	0.000271505	0	0.000226255	0	0	0.000271505	0	0	0	0	0.000362007	9.05018E-05	0	0.000226255	0	0	0	0	0	0
ASV2138	0.000271505	0	0	0	0.000316756	0	0.000181004	0	0	0.000452509	0	0	0.000316756	0	0	0	0	0	0	0	0	0	0	0	0	0	0
ASV2445	0.000271505	0	0.000226255	0.000362007	0	0	0.000181004	0	0.000181004	0	0	0	0	0	0	0	9.05018E-05	0	0	0	0	0	0	0	0	0	0
ASV2664	0.000271505	0	0	0	0	0	0	0	4.52509E-05	0	0	0	0	0	0	0	0	0	0.000135753	0	0	0	0	0	0	0	0
ASV2933	0.000271505	0.000452509	0	0	0	0	0	0	0	0	0	0	0	0	0	0	0	0	0	0	0	0	0	0	0	0	0
ASV3019	0.000271505	0	0	0	0	0	0	0	0	0	0	0	4.52509E-05	0	0	4.52509E-05	0	9.05018E-05	4.52509E-05	4.52509E-05	0	0	0	0	0	0	0
ASV3208	0.000271505	0	0	0	0	0	0	0	0	0	0	0	0	0	0.000181004	0	0	0	0	9.05018E-05	0	0	0	0	0	0	0
ASV3221	0.000271505	0	0.000181004	0	0	0	0	0	0	0	0	0	0	0	0	0	0	0	0	0	0	0	0	0	9.05018E-05	0	0
ASV87	0.000316756	0.001221775	0.002896059	0.005656365	0.002760306	0.003348568	0.004841848	0.006289877	0.003484321	0.006651885	0.005158604	0.007737907	0.005294357	0.006832888	0.00592787	0.004796597	0.006018372	0.00493235	0.003891579	0.002715055	0.003077062	0.00294131	0.003620073	0.001764786	0.001719535	0.001312277	0.001629033
ASV89	0.000316756	0.001176524	0.00841667	0.010090954	0.00343907	0.007240147	0.00543011	0.002760306	0.003529571	0.00343907	0.003801077	0.003665324	0.001900538	0.002896059	0.001583782	0.002217295	0.002353048	0.001764786	0.002534051	0.003167564	0.008235667	0.007149645	0.005158604	0.007240147	0.006561383	0.006651885	0.007466401
ASV124	0.000316756	0.000407258	0.000633513	0.000905018	0.001176524	0.003303317	0.007466401	0.011086475	0.010181456	0.004660844	0.004615593	0.004479841	0.003574822	0.00199104	0.002896059	0.001629033	0.002081542	0.002669804	0.003212815	0.002715055	0.001764786	0.001448029	0.001131273	0.001267026	0.001221775	0.001357527	0.001221775
ASV148	0.000316756	0.000814516	0.000724015	0.000407258	0.000769266	0.000814516	0.001855288	0.00199104	0.000814516	0.000633513	0.001086022	0.001629033	0.000814516	0.001719535	0.001764786	0.004027332	0.004253586	0.003574822	0.00443459	0.004208335	0.006516132	0.004615593	0.004796597	0.003348568	0.002760306	0.000859767	0.001900538
ASV166	0.000316756	0.000633513	0.000588262	0.000452509	0.000452509	0.000633513	0.001086022	0.000588262	0.001086022	0.001131273	0.001221775	0.002036291	0.002353048	0.003484321	0.003529571	0.004208335	0.004253586	0.004117833	0.004389339	0.006018372	0.006380379	0.004525092	0.003348568	0.003258066	0.002172044	0.000950269	0.002262546
ASV194	0.000316756	0.000181004	0.000905018	0.000859767	0.000724015	0.000950269	0.001086022	0.000633513	0.000859767	0.000859767	0.001086022	0.001448029	0.000769266	0.001176524	0.000678764	0.001674284	0.000859767	0.001040771	0.001448029	0.001538531	0.002579302	0.001221775	0.001267026	0.000814516	0.000814516	0.001086022	0.000950269
ASV239	0.000316756	0.000362007	0.000633513	0.000724015	0.000950269	0.000633513	0.000814516	0.001538531	0.001629033	0.002398299	0.002217295	0.001131273	0.002624553	0.002126793	0.001855288	0.002081542	0.001855288	0.001810037	0.001357527	0.001221775	0.001086022	0.001040771	0.000950269	0.000814516	0.000769266	0.000407258	0.000633513
ASV324	0.000316756	0.001448029	0.003529571	0	0.003212815	0.001855288	0.000407258	0.000905018	0.001267026	0.00099552	0.000905018	0.00049776	0.000633513	9.05018E-05	0.001086022	0.000543011	0.000724015	0.00149328	0.000407258	0.000678764	0.000135753	0.000407258	0.001267026	0.001176524	0.000724015	0.001086022	0.002534051
ASV384	0.000316756	0.000226255	0.000769266	0.001131273	0.000769266	0.00049776	0.000633513	0.001719535	0.001674284	4.52509E-05	0.001674284	0.003846328	0.00149328	0.003484321	0.000769266	0.001040771	0.001131273	0.000950269	0.000724015	0.000452509	0.000769266	0.000407258	0.00049776	0.000316756	0.000452509	0.000226255	0.000362007
ASV451	0.000316756	0.000271505	0.000271505	0.000407258	0.000316756	0.000271505	0.00049776	0.000633513	0.000724015	0.001221775	0.000859767	0.000859767	0.00149328	0.001086022	0.000859767	0.00099552	0.000724015	0.000633513	0.000452509	0.000362007	0.000543011	0.000407258	0.000226255	0.000181004	9.05018E-05	9.05018E-05	0
ASV567	0.000316756	0	0.000181004	0.000407258	0.000452509	0.000271505	0.000452509	0.000452509	0.000814516	0.000678764	0.000724015	0.000316756	0.000724015	0.00049776	0.000543011	0.000905018	0.000905018	0.000859767	0.001040771	0.000633513	0.000950269	0.000950269	0.000316756	0.000588262	0.000226255	0.000181004	0.000407258
ASV660	0.000316756	0.000452509	0.00049776	0.001040771	0.001221775	0.001176524	0.001040771	0.000814516	0.000362007	0.000226255	0.000181004	0.000859767	0.00049776	0.000724015	0.000271505	0.000271505	0.000452509	0.000407258	0.000407258	0.000226255	0.000226255	0.000135753	0.000135753	0.000135753	0.000135753	0	0.000271505
ASV661	0.000316756	0.000588262	0.000678764	0.000452509	0.000452509	0.000633513	0.000724015	0.000678764	0.000588262	0.000588262	0.000407258	0	0.000362007	0.000724015	0.000452509	0.00049776	0.000633513	0.000769266	0.000362007	0.000543011	0.000452509	0.000316756	0	0.000226255	0.000407258	0.000588262	0.00049776
ASV709	0.000316756	0.000362007	0.000316756	0.000362007	0.000271505	0	0.000543011	0.000769266	0.000678764	0.000452509	0.000678764	0.000678764	0.00049776	0.000407258	0.000543011	0.000543011	0.000362007	0	0.000452509	0.000452509	0.000407258	0.000316756	0	0.000543011	0.000588262	0.000407258	0.000407258
ASV711	0.000316756	0.000226255	0.000543011	0.00049776	0.000271505	0.000181004	0.000543011	0.000316756	0.000226255	0.000407258	0.000181004	0.000362007	0.000226255	0.000452509	0.000271505	0.000226255	0.00049776	0.000316756	0.000452509	0.000316756	0.000678764	0.000678764	0.000859767	0.000724015	0.000678764	0.000814516	0.000588262
ASV714	0.000316756	0.000407258	0.000452509	0.000588262	0.000181004	0.000226255	9.05018E-05	0	9.05018E-05	0.000362007	0.000181004	0.000362007	0.000407258	0.000316756	0.000452509	0.00049776	0.000724015	0.000769266	0.00049776	0.000724015	0.001086022	0.000814516	0.000407258	0.000452509	0.000271505	0.000407258	0
ASV718	0.000316756	0.000407258	0.000407258	0.000407258	0.00049776	0.000633513	0.000905018	0.001176524	0.000769266	0.001040771	0.000678764	0.000226255	0.000452509	0.000543011	0.000452509	0.000135753	9.05018E-05	0.000226255	0	0	0.000135753	0.000135753	0.000135753	0	9.05018E-05	0.000135753	0.000316756
ASV791	0.000316756	0.000226255	0.000271505	0.000226255	0.000226255	0.000316756	0.000407258	0.00049776	0.000905018	0.000543011	0.000678764	0.00049776	0.000543011	0.000316756	0.000362007	0.000362007	0.000724015	0.000271505	0.000543011	0.000452509	0.000135753	0	0.000316756	0.000316756	0.000181004	0	0
ASV803	0.000316756	0.000588262	0.000226255	0.000452509	0.000543011	0.000407258	0.000633513	0.000678764	0.000316756	0.000181004	0.000181004	0.000181004	0.000316756	0.000271505	0.000135753	0.000181004	0.000226255	0.000407258	0.000181004	0.000588262	0.000452509	0.000271505	0.000407258	0.00049776	0.000452509	0.000452509	0.000316756
ASV805	0.000316756	0	0.000271505	0.000271505	0.000226255	0.000271505	0.000407258	0.000543011	0.000362007	0.000452509	0.000452509	0.000859767	0.000407258	0.000859767	0.000633513	0.000724015	0.000452509	0.00049776	0.00049776	0.000316756	0.000226255	0.000226255	0.000271505	0.000271505	0.000135753	9.05018E-05	0
ASV818	0.000316756	0	0	0	0	0	0	0	0.000588262	0.00099552	0.00099552	0.00149328	0.000950269	0.001086022	0.001176524	0.001040771	0.001402778	0.000633513	0	0	0	0	0	0	0	0	0
ASV819	0.000316756	0.000226255	0.000316756	0.000226255	0	0	0.000271505	0	0	0	0	0	0	0.000271505	0.000271505	0	0.000181004	0	0	0	0.000362007	0.000543011	0	0	0.000271505	0	0
ASV864	0.000316756	0.000135753	0.000226255	0	0	0.000271505	0.000316756	0.000769266	0.000678764	0.000407258	0.000543011	0.000362007	0.000452509	0.000678764	0.000407258	0.000543011	0.00049776	0.000543011	0.000588262	0.000452509	0.000362007	0.000316756	0.000135753	0.000181004	0.000271505	0.000135753	0.000181004
ASV893	0.000316756	0.000271505	0.000226255	0.000135753	0	0.000316756	0.000452509	0.000271505	0.000452509	0	0.000181004	0.000271505	0.000316756	0.000407258	0.000316756	0.000588262	0.000362007	0.000543011	0	0.000543011	0.000769266	0.000543011	0.000181004	0.000135753	0.000271505	0	0
ASV954	0.000316756	0.000452509	0.000543011	0.000633513	0.000633513	0.000588262	0.000678764	0.000452509	0.000769266	0	0	0.000271505	0.000271505	0	0.000135753	0	0.000135753	0	0.000316756	0.000226255	0	0.000271505	0.000226255	0.000226255	0.000135753	0	0.000362007
ASV1000	0.000316756	0.000407258	0	0.000271505	0	0.000181004	0.000226255	0	0	0	0	0	0	0	0	0	0	0	0	0.000316756	0.000543011	0.000362007	0.000362007	0.000543011	0.000769266	0.000950269	0.001674284
ASV1062	0.000316756	0.001176524	0.001086022	0.000543011	0	0	0.000588262	0	0	0	0	0	0	0	0	0	0	0	0	0	0	0	0	0	0	0	0.000588262
ASV1233	0.000316756	0.000271505	0.000181004	0.000226255	0.000362007	0.000271505	0.000362007	0.000452509	0.000543011	0.000271505	0.000226255	0.000226255	0.000135753	0	0	0	0.000135753	9.05018E-05	0	4.52509E-05	0	0.000135753	4.52509E-05	0	0	0	0
ASV1345	0.000316756	0.000362007	0.000362007	0.000452509	0.000316756	0	0.000407258	0	0.000724015	0	0	0.000316756	0.000181004	0.000226255	0.000271505	0	0	0	9.05018E-05	0	0	0.000271505	0	0	0	0.000135753	4.52509E-05
ASV1373	0.000316756	0.000271505	0.000452509	0	0.000407258	0	0	0.000316756	0.000226255	0.000362007	0	0	0	0	9.05018E-05	0	0.000226255	0	0	0.000226255	0.000181004	0.000362007	0.000362007	0.000226255	0	0	0
ASV1553	0.000316756	0	9.05018E-05	0	0	0.000407258	0.000226255	0	0	0	0	0	0	0	0	0	0	0	0.000226255	0.000271505	0.000271505	0.000271505	0.000316756	0.000407258	0.000181004	0	0.000316756
ASV1563	0.000316756	0	0	0	0.000407258	0	0	0.00049776	0.000407258	0.000633513	0	0	0	0	0	0	0	0	0.000407258	0.000362007	0	0	0	0	0	0	0
ASV1777	0.000316756	0.000226255	0.000135753	0.000181004	0.000135753	0.000181004	0	9.05018E-05	0.000135753	0.000181004	0	0	9.05018E-05	0.000181004	0	0	9.05018E-05	0	0	4.52509E-05	0.000181004	0	0	0	0.000135753	0	0
ASV2132	0.000316756	0	0	0	0	9.05018E-05	0	0	4.52509E-05	0	0	9.05018E-05	0	0	0	0	0	0	0	0	0	0	0	0	0	0	0
ASV2211	0.000316756	0.000271505	0	0.000226255	0.000362007	0	4.52509E-05	0	0	0	0	0	0	0	0	0	0	0	9.05018E-05	0	0	0.000181004	0	4.52509E-05	0	0	0
ASV3053	0.000316756	0	4.52509E-05	9.05018E-05	0	0	0	0	0	0	0	0	0	0	0	0	0	0	0	4.52509E-05	4.52509E-05	0	0	0	0	0	0
ASV3894	0.000316756	0	0	0	0	0	0	0	0	0	0	0	0	0	0	0	0	0	0	0	0	0	0	0	0	0	0
ASV4044	0.000316756	0	0	0	0	0	0	0	0	0	0	0	0	0	0	0	0	0	0	0	0	0	0	0	0	0	0
ASV4427	0.000316756	0	0	0	0	0	0	0	0	0	0	0	0	0	0	0	0	0	0	0	0	0	0	0	0	0	0
ASV104	0.000362007	0.004117833	0.014616046	0.000226255	0.007602154	0.003574822	0.000588262	0.002534051	0.002715055	0.001312277	0.001538531	0.001086022	0.001267026	0.000588262	0.002760306	0.002353048	0.003258066	0.004887099	0.003077062	0.003484321	0.000588262	0.001810037	0.004525092	0.004479841	0.003484321	0.002624553	0.00837142
ASV156	0.000362007	0.002307797	0.006063623	0	0.006380379	0.002760306	0.000678764	0.002036291	0.002172044	0.000316756	0.000769266	0.000271505	0.000543011	0	0.000814516	0.000588262	0.000588262	0.001086022	0.00049776	0.000588262	0	0.00049776	0.001448029	0.00099552	0.001402778	0.002307797	0.00592787
ASV390	0.000362007	0.001040771	0.000407258	0.000362007	0.000135753	0.000316756	0.00049776	0.000362007	0.000181004	0.000271505	0.000678764	0.001357527	0.000905018	0.001176524	0.001176524	0.001267026	0.001086022	0.001176524	0.000678764	0.000905018	0.001402778	0.000724015	0.000950269	0.000814516	0.000407258	0.00049776	0.000543011
ASV393	0.000362007	0.000181004	0.000271505	0.000452509	0.000181004	0.000316756	0.000271505	0.000452509	0.000588262	0.000633513	0.000724015	0.001267026	0.001131273	0.001221775	0.003212815	0.003529571	0.00294131	0.002036291	0.001538531	0.00099552	0.000905018	0.000950269	0.000543011	0.000362007	0.000769266	0.000226255	0.000271505
ASV397	0.000362007	0.000678764	0.000814516	0.001357527	0.000905018	0.001086022	0.001357527	0.000859767	0.000588262	0.000859767	0.00099552	0.000859767	0.00099552	0.001131273	0.000769266	0.000724015	0.000905018	0.000814516	0.000543011	0.000633513	0.000905018	0.000452509	0.00049776	0.00049776	0.000407258	0.000316756	0.000316756
ASV487	0.000362007	0.000271505	0.000362007	0.000452509	0.000543011	0.000678764	0.000724015	0.000950269	0.001040771	0.000724015	0.000950269	0.00049776	0.000905018	0.000950269	0.000588262	0.001448029	0.001312277	0.000950269	0.001086022	0.00049776	0.000724015	0.000588262	0.000452509	0.000452509	0.000316756	0.000316756	0.000362007
ASV495	0.000362007	9.05018E-05	0.000226255	0.000271505	0.000181004	0.000316756	0.000588262	0.00049776	0.000814516	0.000724015	0.001176524	0.001719535	0.000724015	0.000905018	0.000769266	0.001674284	0.000678764	0.001402778	0.000859767	0.00099552	0.001448029	0.000769266	0.000543011	0.000769266	0.000814516	0.000452509	0.000407258
ASV504	0.000362007	0.000316756	0.000316756	0.000633513	0.000543011	0.000678764	0.00099552	0.000814516	0.000769266	0.000724015	0.000588262	0.000678764	0.000633513	0.000588262	0.000724015	0.001176524	0.000678764	0.001086022	0.000859767	0.000543011	0.000859767	0.000678764	0.000633513	0.000588262	0.001040771	0.000905018	0.001267026
ASV532	0.000362007	0.000362007	0.000407258	0.00049776	0.000452509	0.000271505	0.000633513	0.000543011	0.000678764	0.001040771	0.000407258	0.001221775	0.001086022	0.001176524	0.00149328	0.001086022	0.00099552	0.00099552	0.001086022	0.000769266	0.000724015	0.000633513	0.000362007	0.000316756	0.000316756	0	0.000181004
ASV544	0.000362007	0.000362007	0.00049776	0.000543011	0.000407258	0.000316756	0.000588262	0.000316756	0.000181004	0.000316756	0.000316756	0.001086022	0.00049776	0.00049776	0.000407258	0.000724015	0.000452509	0.000814516	0.000362007	0.000271505	0.000407258	0.000316756	0.000181004	0.000181004	0.000271505	0.000407258	0.000724015
ASV746	0.000362007	0.000362007	0.000362007	0.000633513	0.000226255	0.000543011	0.000588262	0.000407258	0.000271505	0.000588262	0.000181004	0.000407258	0.000271505	0.000316756	0.000271505	0.000452509	0.000362007	0.000407258	0.000362007	0.000181004	0.000452509	0.000362007	0.000407258	0.000135753	0.000226255	9.05018E-05	0
ASV764	0.000362007	0.000452509	0.000724015	0.000588262	0.000181004	0.000226255	0.000407258	0.000271505	0.000181004	0.000316756	0.000226255	0.000633513	0.000588262	0.000588262	0.000588262	0.000362007	0.000633513	0.000814516	0.000678764	0.000452509	0.000362007	0.000271505	0.000181004	0.000316756	0.000271505	0	9.05018E-05
ASV881	0.000362007	0.000543011	0.000407258	0.000362007	0.000316756	0.000226255	0.000543011	0.000407258	0.000452509	0.000588262	0.000316756	0.000271505	0.000181004	0.000271505	0.000407258	0.000271505	0.000226255	0.000362007	0.000452509	9.05018E-05	0.000316756	9.05018E-05	0.000226255	0	0.000181004	0	9.05018E-05
ASV885	0.000362007	0	0	0.000316756	0.000407258	0	0.000226255	0.000362007	0.000271505	0.000271505	0.000316756	0.000362007	0.000181004	0.000181004	0	0.000407258	0.000316756	0.000543011	0.000135753	0	0.000271505	0.000362007	0	0.000407258	0.000135753	0	0.000135753
ASV938	0.000362007	0.000543011	0.000588262	0.000271505	0	0	0.000633513	0	0	0	0.000407258	0	0	0.000316756	0.00049776	0.00049776	0.00049776	0.000316756	0.000362007	0.000226255	0	0.000407258	0.000543011	0.000543011	0.000588262	0	0
ASV1085	0.000362007	0	0.000407258	0.000226255	0.000543011	0.000181004	0.000362007	0.000271505	0.00049776	0.00049776	0.000271505	0.000135753	0.000226255	0.000181004	0.000135753	0.000271505	0.000271505	0	0	0.000316756	0.000316756	0.000181004	0	0.000135753	0.000181004	0.000181004	0.000316756
ASV1106	0.000362007	0.000271505	0.000181004	0.000226255	0	0	0	0.000135753	0.000181004	0.000588262	0.000316756	0.000362007	0.000362007	0.000181004	0	0.000271505	0.00049776	0.000181004	0.000362007	0.000226255	0.000452509	0.000226255	0.000135753	0.000181004	9.05018E-05	0	0.000226255
ASV1111	0.000362007	0	0.000181004	0	0	0.000407258	0.000678764	0.000226255	0.000271505	0	0	0	0.000407258	0.000181004	0.00049776	0	0	0.000271505	0.000181004	0	0.000362007	0	0	0.000181004	0.000135753	0	4.52509E-05
ASV1213	0.000362007	0.000135753	0.000181004	0	0.000362007	0.000271505	0.000271505	0.000181004	0.000181004	9.05018E-05	0.000226255	0	0.000226255	0.000181004	0	0.000135753	0.000181004	0	0	0.000135753	0	0.000271505	0	0.000135753	9.05018E-05	0.000135753	0
ASV1314	0.000362007	0.000135753	0.000316756	0.000226255	0.000271505	0.000316756	0.000271505	0.000181004	9.05018E-05	0	0.000407258	0.000226255	0	0.000181004	0	0	0.000181004	0	0	0.000181004	0.000181004	0.000407258	0.000316756	0.000226255	0.000181004	0	0
ASV1365	0.000362007	0.000362007	0.000362007	0	0.000452509	0.000316756	0	0.000407258	0.000316756	0.000362007	0.000362007	0.000135753	0	0.000271505	0	0	0	0	0	0	0.000135753	0.000181004	0	0	9.05018E-05	0	0.000181004
ASV1542	0.000362007	0.000181004	0	0	0	0	0	0	0	0	0	0	0	4.52509E-05	0	0.000135753	0	0	0	0	0	0	0	0	0	4.52509E-05	0
ASV1691	0.000362007	0.000407258	0.000316756	0	0.000271505	0.000226255	0.000181004	0	0.000452509	0.000452509	0	0	0	0	0	0	0	0	0	0	0	0	0	0	0	0	0
ASV2215	0.000362007	0.000271505	0.000181004	0.000271505	0.000226255	4.52509E-05	0.000135753	0	0	0	9.05018E-05	0	0	0	0	0	0	0	0	0	0	0	0	0	0	0	0
ASV2285	0.000362007	0.000316756	0	0	9.05018E-05	0.000181004	0	0	0	0	0	0.000135753	0.000271505	4.52509E-05	0	0	0	0	0	0	0	0	0	0	0	0	0
ASV2317	0.000362007	0	0	0.000362007	0	0	0	0.000316756	0	0	0	0.000271505	0	0	0	0	0	0	0	0	0	0	0	0	0	0	0
ASV2665	0.000362007	0.000181004	0	0	0	0.000271505	0.000271505	0	0	0	0	0	0	0	0	0	0	0	0	0	0	0	0	0	0	0	0
ASV3420	0.000362007	0.000135753	0	0	0	0	0	0	0	0	0	0	0	0	0	0	0	0	0	0	0	0	0	0	0	0	0
ASV82	0.000407258	0.000769266	0.000724015	0.001402778	0.001945789	0.002896059	0.007149645	0.007783158	0.007556903	0.006742387	0.012081995	0.014616046	0.012941762	0.008326169	0.0098647	0.005837368	0.006063623	0.004525092	0.003755826	0.003620073	0.001945789	0.002398299	0.002172044	0.001040771	0.000905018	0.000814516	0.000724015
ASV173	0.000407258	0.000181004	0.000226255	0.000181004	0	0.000362007	0.000407258	0.000678764	0.000724015	0.001719535	0.004253586	0.00592787	0.004977601	0.004570343	0.004796597	0.008009412	0.005746866	0.006878139	0.004796597	0.002896059	0.001674284	0.001583782	0.002036291	0.00049776	0.00049776	0	0.000316756
ASV209	0.000407258	0.000452509	0.001357527	0.000452509	0.001176524	0.001176524	0.000905018	0.001221775	0.001448029	0.001221775	0.001402778	0.001267026	0.001357527	0.001267026	0.00149328	0.001674284	0.001900538	0.000769266	0.002262546	0.002760306	0.002443549	0.001538531	0.00149328	0.001538531	0.001402778	0.001855288	0.001402778
ASV219	0.000407258	0.000633513	0.000678764	0.001176524	0.000769266	0.00099552	0.001629033	0.002624553	0.001267026	0.003348568	0.002669804	0.00443459	0.003801077	0.004117833	0.003710575	0.0024888	0.003303317	0.003167564	0.002624553	0.001764786	0.001855288	0.001448029	0.001629033	0.001131273	0.000950269	0.000633513	0.000724015
ASV255	0.000407258	0.000135753	0.000181004	0.000226255	0.000316756	0.000724015	0.00592787	0.00692339	0.001040771	0.000588262	0.00049776	0.003303317	0.004389339	0.002217295	0.001267026	0.000724015	0.000724015	0.000181004	0.000271505	0	0	0.000135753	0	0	4.52509E-05	0	0
ASV278	0.000407258	0.000950269	0.001267026	0.001040771	0.000769266	0.001086022	0.001448029	0.000814516	0.000135753	0	0	9.05018E-05	0	0	0	0.000226255	4.52509E-05	0.00049776	0.000724015	0.001131273	0.001402778	0.001131273	0.001176524	0.002036291	0.001267026	0.001357527	0.001357527
ASV328	0.000407258	0.000859767	0.000814516	0.001357527	0.000633513	0.001855288	0.00149328	0.001221775	0.000859767	0.000950269	0.000724015	0.001629033	0.00149328	0.002262546	0.001674284	0.002126793	0.001719535	0.001674284	0.00149328	0.001402778	0.00149328	0.001629033	0.000905018	0.000814516	0.000678764	0.000588262	0.000407258
ASV339	0.000407258	0.000814516	0.000588262	0.000724015	0.000452509	0.000316756	0.00049776	9.05018E-05	4.52509E-05	9.05018E-05	4.52509E-05	0.000226255	0.000859767	0.002534051	0.003982081	0.003303317	0.001719535	0.000543011	0.000316756	0.000407258	0.001040771	0.001086022	0.000859767	0.002172044	0.001719535	0.00099552	0.001402778
ASV349	0.000407258	0.000588262	0.000316756	0.000226255	0.000226255	0.000316756	0.000407258	0.000407258	0.000543011	0.000452509	0.000633513	0.001040771	0.001131273	0.000905018	0.00049776	0.00099552	0.00099552	0.000769266	0.000543011	0.000226255	0.00049776	0.000271505	0.000226255	0	0.000271505	0	0.000226255
ASV433	0.000407258	0.00099552	0.000814516	0.002036291	0.001538531	0.002172044	0.002353048	0.002307797	0.001357527	0.000678764	0.001221775	0.000769266	0.000905018	0.000316756	0.000362007	0.00049776	0.000543011	0.000226255	0.000543011	0.000362007	0.000678764	0.000769266	0.00049776	0.000588262	0.000407258	0	0.000135753
ASV468	0.000407258	0.000271505	0.000452509	0.000633513	0.00049776	0.00049776	0.000588262	0.00049776	0.000633513	0.001086022	0.001040771	0.001312277	0.001402778	0.001629033	0.001312277	0.001357527	0.001221775	0.001176524	0.000950269	0.000859767	0.001040771	0.000814516	0.000769266	0.000407258	0.000588262	9.05018E-05	0.000407258
ASV470	0.000407258	0	0	0	0	0	0.000859767	0.00049776	0	0.000905018	0	0.001583782	0.001312277	0.001448029	0.001583782	0.001402778	0.001538531	0.001221775	0.000950269	0.001040771	0.001267026	0.001221775	0.001448029	0.000950269	0.000859767	0.001040771	0
ASV484	0.000407258	0.000135753	0.000724015	0.000905018	0.000588262	0.000950269	0.002262546	0.002262546	0.001357527	0.001402778	0.000905018	0.000859767	0.00099552	0.001086022	0.000678764	0.000633513	0.00049776	0.000407258	0.000226255	0.000181004	0.000678764	0.000362007	0.000226255	0.000362007	0.000316756	0.000181004	0.00099552
ASV485	0.000407258	0	0.000135753	0.000362007	0.000452509	0.000724015	0.000859767	0.000814516	0.00199104	0.001267026	0.003846328	0.002307797	0.001357527	0.001176524	0.000724015	0.001221775	0.000859767	0.001357527	0.000633513	0.000588262	0	0	0.000407258	0	0	0.000362007	0
ASV514	0.000407258	0.000905018	0	0.001221775	0.000724015	0.000678764	0.000859767	0.001086022	0.001221775	0.000724015	0.00099552	0.000543011	0.000950269	0	0.000633513	0.000633513	0.00099552	0.000859767	0.00099552	0.00049776	0.000588262	0.000588262	0.000769266	0.00049776	0.000543011	0	0.000859767
ASV588	0.000407258	0.00049776	0.000271505	0.00049776	0.000362007	0.000407258	0.000859767	0.000678764	0.001221775	0.003212815	0.001312277	0.000135753	0.000950269	0.000814516	0.001267026	0.00049776	0.000135753	0.000543011	0.000362007	0.000407258	0.000181004	0	0.000226255	0	0.000226255	0	0.000135753
ASV595	0.000407258	0.000226255	0.000362007	0.000316756	0.000271505	0.000135753	0.000588262	0.000316756	0.000452509	0.000905018	0.000588262	0.000769266	0.001176524	0.000633513	0.00049776	0.000678764	0.000859767	0.000633513	0.000678764	0.000362007	0.000678764	0.00049776	0.000407258	0.000316756	0.000316756	0.000181004	0.000135753
ASV725	0.000407258	0.000633513	0.000814516	0.000769266	0	0.000181004	0	0	0.000543011	0.000769266	0	0	0.000452509	0.000724015	0.000226255	0.000724015	0.000724015	0.000226255	0.000452509	0.000226255	0.000588262	0.000678764	0	0.000362007	0.000543011	0	0.00049776
ASV727	0.000407258	0.000362007	0.000362007	0.000588262	0.000452509	0.000271505	0.000588262	0.000407258	0.000407258	0.00049776	0.000633513	0.000588262	0.000588262	0.000724015	0.000452509	0.00049776	0.000588262	0.00049776	0.000452509	0.000271505	0.000407258	0.000543011	0.000181004	0.000452509	0	0	0.000407258
ASV766	0.000407258	0.000588262	0.000588262	0.000950269	0.000950269	0.000633513	0.001086022	0	0.000543011	0.000543011	0	0.000814516	0.000633513	0	0.000633513	0.000226255	0	0	0.000407258	0.00049776	0.000271505	0.000226255	0.000226255	0	0	0.000226255	0.000226255
ASV867	0.000407258	0.000678764	0.00149328	0.001221775	0.000452509	0.000316756	0.000271505	0	0	0	0	0	0	0	0	0	0	0	0	0	0	0	0	0	0	0	0.000407258
ASV960	0.000407258	0.000271505	0.00049776	0.000316756	0.000135753	0	0.000316756	0.000543011	9.05018E-05	0.000271505	0.000135753	0.000226255	9.05018E-05	0.000181004	0	0.000362007	0.000452509	0.000316756	0.000181004	0.000271505	0.00049776	0.000226255	0.000362007	0.000181004	0.000135753	0.000181004	9.05018E-05
ASV991	0.000407258	0.00049776	0.000452509	0.00049776	0.000905018	0.000316756	0.000588262	0.000271505	0	0.000407258	0	0	0	0.000181004	0	0	0.000271505	0	0	0	0.000407258	0.000407258	0.000407258	0	0.000362007	0.000271505	9.05018E-05
ASV1533	0.000407258	0	0.000135753	0	0.000135753	0.000181004	0.000181004	0.000271505	0.000724015	0	0.000316756	0.000316756	4.52509E-05	0.000226255	0	9.05018E-05	0.000135753	0	0	0	0	0	0	0	0	0	0
ASV1569	0.000407258	0	0.000316756	0.000271505	0.000135753	0.000271505	0.000135753	0	0.000181004	0.000181004	0	0	0	0.000135753	0	0	0	0	0	9.05018E-05	9.05018E-05	0.000135753	0.000181004	0	0.000181004	0	0
ASV1754	0.000407258	0.000362007	0.000316756	0.000181004	0.000181004	0	0.000316756	0.000181004	0	0	0	0	0	0	0	0	0	0	0	0	0	0	0	0	0	0	0
ASV1802	0.000407258	0	0.00049776	0.00049776	0	0	0	0	0	0	0	0	0	0	0	0	0	0	0	0	0.000814516	0	0	0	0	0	0
ASV3007	0.000407258	0.000181004	0	0	0	0	0	0	0	0	0	0	0	0	0	0	0	0	0	0	0	0	0	0	0	0	0
ASV3246	0.000407258	0.000181004	0	0	0	0	0	0	0	0	0	0	0	0	0	0	0	0	0	0	0	0	0	0	0	0	0
ASV3572	0.000407258	0	0	0	0	0	0	0	0	0	0	0	0	0	0	0	0	0	0	0	0	0	0	0	0	0	0
ASV3575	0.000407258	0	0	0	0	0	0	0	0	0	0	0	0	0	0	0	0	0	0	0	0	0	0	0	0	0	0
ASV3647	0.000407258	0	0	0	0	0	0	0	0	0	0	0	0	0	0	0	0	0	0	0	0	0	0	0	0	0	0
ASV187	0.000452509	0.000362007	0.000226255	0.000271505	0.000588262	0.00049776	0.001357527	0.001267026	0.001221775	0.000859767	0.002579302	0.003031811	0.005384859	0.004706095	0.006787637	0.005611114	0.007466401	0.005294357	0.003077062	0.001945789	0.000905018	0.001131273	0.001448029	0.000362007	0.000543011	0	0.000181004
ASV304	0.000452509	0.001040771	0.000724015	0.000588262	0.000543011	0.000678764	0.001267026	0.000905018	0.000633513	0.002669804	0.002307797	0.002896059	0.002126793	0.00298656	0.001945789	0.002036291	0.001900538	0.001357527	0.001221775	0.001176524	0.001810037	0.001131273	0.001402778	0.00049776	0.000588262	0.000362007	0.000633513
ASV335	0.000452509	0.000588262	0.000859767	0.00099552	0.000633513	0.000950269	0.001131273	0.000859767	0.000407258	0.000543011	0.000452509	0.000271505	0.000271505	0.000407258	0.000362007	0.000362007	0.000407258	0.000452509	0.000407258	0.000226255	0.000724015	0.00049776	0.000452509	0.000362007	0.000271505	0.000452509	0.000271505
ASV338	0.000452509	0.000181004	0.000543011	0.000724015	0.00099552	0.000678764	0.001538531	0.001448029	0.00099552	9.05018E-05	0.000181004	0.001448029	0.00049776	0.002036291	0.000271505	0.001312277	0.002217295	0.000769266	0.001810037	0.00099552	0.002036291	0.000905018	0.001040771	0.000452509	0.000452509	0	0.000226255
ASV345	0.000452509	0.000452509	0.000678764	0.000678764	0.000407258	0.00049776	0.000905018	0.000588262	0.000633513	0.000678764	0.000950269	0.001402778	0.000859767	0.001357527	0.000633513	0.000588262	0.000543011	0.00099552	0.000724015	0	0.000633513	0.000588262	0.000588262	0	0.000181004	0.000362007	0.000588262
ASV398	0.000452509	0.000271505	0.001131273	0.000859767	0.000724015	0.000633513	0.001176524	0.00099552	0.000316756	0	0.000135753	0.000271505	0.000271505	0.001312277	0.000271505	0.000633513	0.000859767	0.000859767	0.001312277	0.001086022	0.002172044	0.001538531	0.001267026	0.00149328	0.001764786	0.000543011	0.001900538
ASV603	0.000452509	0.000452509	0.001448029	0.002353048	0.000950269	0.001176524	0.00099552	0.000678764	0.000678764	0.001040771	0.000588262	0.000362007	0.000316756	0.000452509	0.000226255	0.000362007	0.000226255	0.000362007	0	0.000181004	0.000543011	0.000226255	0.000181004	0.000271505	0.000271505	9.05018E-05	0
ASV828	0.000452509	0.000407258	0.000271505	0.00049776	0.000452509	0.000226255	0.000452509	0.000316756	0.000678764	0.000362007	0.000543011	0.000316756	0.000226255	0.000271505	0.000316756	0.000316756	0.000181004	0.000362007	0.000135753	0.000181004	0.000362007	0.000271505	0.000181004	0.000316756	9.05018E-05	0.000135753	9.05018E-05
ASV894	0.000452509	0.000633513	0.000362007	0	0	0.000362007	0.000362007	0.000271505	0.000407258	0.000226255	0	0.000407258	0.000362007	0.000452509	0.00049776	0.000271505	0.000452509	0.000543011	0.000543011	0	0.000543011	0.000633513	0	0.000316756	0	0.000271505	0
ASV908	0.000452509	0.000407258	0.000271505	0.00049776	0.000316756	0.000271505	0.000362007	0.000181004	0.000362007	0	0	0.000226255	0.000362007	0.000362007	0.000407258	0.000181004	0.000316756	0.000271505	0.000407258	0.000316756	0.000452509	0.000316756	0.000226255	0.000316756	0.000362007	0.000226255	0.000271505
ASV945	0.000452509	0.000362007	0.000407258	0.000226255	0	0.000181004	0.000271505	0.000407258	0.000316756	0.000181004	0.000588262	0.000362007	0.000362007	0.000543011	0	0.00049776	0.000362007	0.000362007	0.000588262	0.000271505	0.000271505	0	0.000407258	0	0.000316756	0	0
ASV1013	0.000452509	0.000362007	0.000271505	0.000543011	0.000271505	0.000362007	0.000316756	0.000181004	0	0.000135753	0	0	0	0	0	0	0	0.000226255	0	0.000226255	0	0.000362007	0	0.000543011	0.000633513	0.000543011	0.001629033
ASV1205	0.000452509	0.000181004	0.000452509	0.000678764	0.000407258	0.00049776	0.000407258	0.000271505	0.000181004	0.000271505	0.000271505	9.05018E-05	0.000135753	0	9.05018E-05	9.05018E-05	0.000226255	4.52509E-05	0	0	0.000181004	9.05018E-05	4.52509E-05	0	9.05018E-05	9.05018E-05	0.000135753
ASV3482	0.000452509	0	0	0	0	0	0	0	0	0	0	0	0	0	0	0	0	0	0	0	0	0	0	0	0	0	0
ASV3483	0.000452509	0	0	0	0	0	0	0	0	0	0	0	0	0	0	0	0	0	0	0	0	0	0	0	0	0	0
ASV3645	0.000452509	0	0	0	0	0	0	0	0	0	0	0	0	0	0	0	0	0	0	0	0	0	0	0	0	0	0
ASV150	0.00049776	0.000543011	0.000452509	0.000633513	0.000678764	0.000452509	0.000950269	0.001131273	0.001629033	0.001810037	0.002036291	0.003484321	0.004706095	0.005249106	0.005384859	0.004977601	0.005022852	0.004163084	0.002850808	0.003212815	0.003982081	0.002760306	0.002217295	0.002217295	0.001719535	0.001810037	0.001448029
ASV180	0.00049776	0.000724015	0.001267026	0.002262546	0.000950269	0.001357527	0.003574822	0.002624553	0.001448029	0.001176524	0.001131273	0.001719535	0.002760306	0.002443549	0.001176524	0.001086022	0.001674284	0.001855288	0.001176524	0.001402778	0.001719535	0.001131273	0.001267026	0.000769266	0.000543011	0.000859767	0.001086022
ASV186	0.00049776	0.000407258	0.001086022	0.001810037	0.001312277	0.000950269	0.000769266	0.001221775	0.001176524	0.001312277	0.001086022	0.00099552	0.001267026	0.000859767	0.001674284	0.001357527	0.002081542	0.001312277	0.002307797	0.002126793	0.002850808	0.001945789	0.002398299	0.0024888	0.002669804	0.003031811	0.003348568
ASV196	0.00049776	0.00049776	0.001267026	0.000950269	0.001086022	0.000814516	0.000814516	0.001312277	0.001764786	0.000859767	0.00099552	0.001176524	0.001583782	0.001176524	0.001448029	0.001448029	0.001312277	0.001221775	0.002172044	0.002081542	0.0024888	0.001945789	0.001221775	0.001810037	0.001583782	0.001764786	0.001674284
ASV334	0.00049776	0.000859767	0.000905018	0.000724015	0.000407258	0.000543011	0.001719535	0.001448029	0.001674284	0.002896059	0.002172044	0.001674284	0.002760306	0.002307797	0.001221775	0.001538531	0.001538531	0.001176524	0.001402778	0.001131273	0.000724015	0.000950269	0.00099552	0.00049776	0.000633513	0.000271505	0.000316756
ASV406	0.00049776	0.000452509	0.000452509	0.000859767	0.000407258	0.000452509	0.000905018	0.000452509	0.000678764	0.000678764	0.001312277	0.001629033	0.001312277	0.001402778	0.001312277	0.001267026	0.001312277	0.001448029	0.00099552	0.000678764	0.001086022	0.000905018	0.000588262	0.000814516	0.000769266	0	0
ASV420	0.00049776	0.000362007	0.000407258	0.000859767	0.000678764	0.000543011	0.000859767	0.000814516	0.000724015	0.001040771	0.001086022	0.001448029	0.00099552	0.001131273	0.000814516	0.000678764	0.000859767	0.000859767	0.000905018	0.000769266	0.000724015	0	0.000678764	0.000362007	0.000452509	0	0
ASV427	0.00049776	0.000543011	0.001312277	0.000135753	0.001131273	0.000905018	9.05018E-05	0	0	0	0	0	0	0	0	0	0	0	4.52509E-05	0.000588262	0.000362007	0.001900538	0.005113354	0.001221775	0.006470881	0.002172044	0.001357527
ASV434	0.00049776	0.000859767	0.000316756	0.001357527	0.000362007	0.000543011	0.000678764	0.000769266	0.000316756	0.000452509	0.000588262	0.000271505	0.00049776	0.000950269	0.00049776	0.000724015	0.000633513	0.000905018	0.000588262	0.000407258	0.001040771	0.00049776	0.000362007	0.000362007	0.000226255	0.000362007	0.000633513
ASV456	0.00049776	0.000769266	0.000859767	0.00049776	0	0	0.000588262	0.000588262	0.000588262	0	0.000271505	0	0.000362007	0.000588262	0.001040771	0.00149328	0.002081542	0.001402778	0.001221775	0.001176524	0.001629033	0.001086022	0.001402778	0.001040771	0.000905018	0.001086022	0.000859767
ASV489	0.00049776	0.000316756	0.000407258	0.000588262	0.000316756	0.00049776	0.001312277	0.001040771	0.000814516	0.001267026	0.001855288	0.001221775	0.001629033	0.000905018	0.001357527	0.000905018	0.000905018	0.001131273	0.000588262	0.000588262	0.000316756	0.000226255	0.000543011	0.000135753	0.000135753	0	0.000181004
ASV811	0.00049776	0.000543011	0.000678764	0.000271505	0.000316756	0.000316756	0.000316756	0.00049776	0.000316756	0.000362007	0.000226255	0.000226255	0	0.000226255	0.000181004	0.000135753	0.000271505	0.000271505	0.000135753	0.000226255	0.000407258	0.000316756	0.000362007	9.05018E-05	0.000135753	9.05018E-05	9.05018E-05
ASV841	0.00049776	0	0	0	0	0	0	0.000407258	0	0	0	0	0.000543011	0	0.000362007	0.000633513	0.000724015	0	0.000588262	0	0.000769266	0.000362007	0.000633513	0.000769266	0.000452509	0.000588262	0.000407258
ASV1477	0.00049776	0.000135753	9.05018E-05	0.000181004	0	0	9.05018E-05	9.05018E-05	0.000135753	9.05018E-05	0.000135753	0.000135753	9.05018E-05	0	9.05018E-05	0	9.05018E-05	0	9.05018E-05	9.05018E-05	9.05018E-05	0	0	0.000316756	9.05018E-05	0	0.000135753
ASV1646	0.00049776	4.52509E-05	0	0.000181004	0	0	9.05018E-05	0.000181004	0.000226255	9.05018E-05	0	0.000181004	0.000135753	0.000135753	4.52509E-05	0.000362007	0	0	0.000135753	0	0	0	0	0	9.05018E-05	0	0.000226255
ASV1966	0.00049776	0.001448029	0	0	0	0	0	0	0	0	0	0	0	0	0	0	0	0	0	0	0	0	0	0	0	0	0
ASV2376	0.00049776	0	0.000271505	0	0	0	0	0	0	0	0	0	0.00049776	0	0	0	0	0	0	0	0	0	0	0	0	0	0
ASV2747	0.00049776	0	0	0.000316756	0	0	0	0	0	0	0	0	0	0	0	0	0	0	0	0	0	0	0	0	0	0	0
ASV202	0.000543011	0.007375899	0.003755826	0.000135753	0.01086022	0.009231187	0.001764786	4.52509E-05	0.001221775	0.001221775	0.0024888	0.003529571	0.002896059	0.000135753	0.000271505	0.000362007	0.000543011	0.000181004	0.000905018	0.000226255	0.000226255	0.000316756	0.000271505	0	9.05018E-05	9.05018E-05	0
ASV233	0.000543011	0.001357527	0.001719535	0.001357527	0.000633513	0.000724015	0.00099552	0.000588262	0.000452509	0.000588262	0.000588262	0.001267026	0.001402778	0.001583782	0.000950269	0.000950269	0.001221775	0.001221775	0.001448029	0.001764786	0.002715055	0.002262546	0.00149328	0.001629033	0.001402778	0.000859767	0.001131273
ASV246	0.000543011	0.000588262	0.000678764	0.000407258	0.000769266	0.000588262	0.000905018	0.000452509	0.000678764	0.000588262	0.000859767	0.001312277	0.001402778	0.001583782	0.00199104	0.001810037	0.0024888	0.0024888	0.00199104	0.002172044	0.002036291	0.001267026	0.001312277	0.001131273	0.001131273	0.001312277	0.001221775
ASV247	0.000543011	0.000588262	0.000633513	0.001357527	0.001267026	0.001402778	0.001221775	0.001629033	0.000814516	0.000362007	0.000543011	0.001674284	0.000950269	0.002126793	0.002126793	0.003077062	0.002126793	0.001131273	0.000859767	0.000588262	0.000905018	0.000452509	0.000407258	0.000588262	0.000316756	0.00099552	0.000814516
ASV251	0.000543011	0.002669804	0.007556903	0	0.006199376	0.002443549	0.000181004	0.001221775	0.001402778	0.000543011	0.001131273	0.000543011	0.000452509	0.000181004	0.001131273	0.000633513	0.000905018	0.001176524	0.000588262	0.000724015	9.05018E-05	0.000678764	0.00099552	0.001312277	0.001719535	0.001357527	0.003982081
ASV329	0.000543011	0.00049776	0.000452509	0.000905018	0.000905018	0.001357527	0.002081542	0.002126793	0.003031811	0.003258066	0.00294131	0.002669804	0.002353048	0.001674284	0.001448029	0.001176524	0.001221775	0.000633513	0.000814516	0.00049776	0.000633513	0.000543011	0.000407258	0.000362007	0.000407258	0.000452509	0.000316756
ASV650	0.000543011	0.000362007	0.000543011	0.000452509	0.000407258	0.000543011	0.000769266	0.000452509	0.000633513	0.000905018	0.000588262	0.000452509	0.000452509	0.00049776	0.000452509	0.000362007	0.000362007	0.000316756	0.000452509	0.000543011	0.000407258	0.000543011	0.000407258	0.00049776	0.000362007	0.00049776	0.000452509
ASV656	0.000543011	0.000407258	0.000316756	0.00049776	0.000633513	0.00049776	0.00049776	0.000271505	0.000905018	0.000678764	0.000543011	0.000678764	0.001086022	0.000814516	0.000452509	0.000769266	0.000724015	0.000769266	0	0.000362007	0.000407258	0.000226255	0.000271505	0	0.000316756	0	0
ASV745	0.000543011	0.000407258	0.00049776	0.000724015	0.000226255	0.000181004	0.000362007	0.000316756	0.000181004	0	0.000181004	0.000135753	0	0	0.000316756	0.000135753	0.00049776	0.000271505	0.000543011	0.000814516	0.000905018	0.00049776	0.00049776	0.000633513	0.000588262	0.000316756	0.000588262
ASV780	0.000543011	0.00099552	0.000588262	0.000588262	0.00049776	0.000452509	0.000543011	0.000316756	0.000407258	0.000316756	0.000316756	0.000362007	0.000407258	0.000181004	0.000226255	0.000407258	0.000362007	0.000452509	0.000271505	0.000181004	0.000452509	0.000543011	0.000271505	0.000316756	0.000452509	0.000271505	0.000135753
ASV1294	0.000543011	0.000362007	0.000362007	0	0	0	0	0.000362007	0.000226255	0	0.000135753	0	0	0.000271505	0.000181004	0	9.05018E-05	0.000452509	0.00049776	0	0	0.000452509	0	0	0	0	0
ASV1370	0.000543011	0.000724015	0	0	0	0	0	0	0	0	0	0.000271505	0	0	0	4.52509E-05	0	0	0	0	0	0	0	0	0	9.05018E-05	0
ASV1459	0.000543011	0.001448029	0	0	0	0	0	0	0	0	0	0	0	0	0	0.000135753	0	0	0	0	0	0	0	0	0	0	9.05018E-05
ASV3390	0.000543011	0	0	0	0	0	0	0	0	0	0	0	0	0	0	0	0	0	0	0	0	0	0	0	0	0	0
ASV163	0.000588262	0.000724015	0.00099552	0.000769266	0.000452509	0.000678764	0.001086022	0.000724015	0.00049776	0.000226255	0	0.000271505	0.000362007	0	0	0.000362007	0.000588262	0.000452509	0.000588262	0.000724015	0.000950269	0.000905018	0.000769266	0.000769266	0.000633513	0.00099552	0.001176524
ASV164	0.000588262	0.000588262	0.001221775	0.001312277	0.000678764	0.00099552	0.000905018	0.000543011	0.000543011	0	0.000407258	0.000452509	0	0.000181004	0	0	0	0	0	0.000181004	0.000814516	0.001267026	0.001221775	0.002850808	0.002669804	0	0.000362007
ASV222	0.000588262	0.000859767	0.000905018	0.001719535	0.001402778	0.001945789	0.002579302	0.002307797	0.002398299	0.002126793	0.002579302	0.003167564	0.002579302	0.001764786	0.001402778	0.001674284	0.00199104	0.00149328	0.002353048	0.003122313	0.002262546	0.003484321	0.002217295	0.001855288	0.001945789	0.001176524	0.000724015
ASV226	0.000588262	0.000950269	0.000724015	0.000407258	4.52509E-05	0.000226255	0.000362007	0.000316756	0.000678764	0.001629033	0.00099552	0.000452509	0.000678764	0.000588262	0.002126793	0.002398299	0.00294131	0.001945789	0.001583782	0.000905018	0.000633513	0.000588262	0.000316756	0.000316756	0.000226255	0.000905018	0.002443549
ASV263	0.000588262	0.000407258	0.000543011	0.000859767	0.000678764	0.000407258	0.000859767	0.001221775	0.001448029	0.001764786	0.00199104	0.002624553	0.002081542	0.001945789	0.00199104	0.002036291	0.002036291	0.001855288	0.001448029	0.00149328	0.001448029	0.000859767	0.000724015	0.000588262	0.00049776	0	0.000769266
ASV303	0.000588262	0.002036291	0.005565863	0	0.004253586	0.001583782	0.000271505	0.001402778	0.001357527	0.001086022	0.001221775	0.000769266	0.000633513	0.000316756	0.000543011	0.000633513	0.000633513	0.000814516	0.000362007	0.000724015	0.000135753	0.000814516	0.00099552	0.001267026	0.00099552	0.000814516	0.002896059
ASV309	0.000588262	0.000407258	0.000633513	0.001131273	0.000724015	0.000724015	0.001719535	0.002805557	0.004163084	0.005792117	0.002307797	0.001040771	0.001764786	0.002262546	0.002353048	0.001176524	0.000814516	0.000859767	0.000633513	0.00049776	0.000452509	0.00049776	0.000316756	0.000362007	0.000588262	0.00049776	0.000588262
ASV332	0.000588262	0.000407258	0.000226255	0.000316756	0.000633513	0.000452509	0.000678764	0.001267026	0.001945789	0.001945789	0.002307797	0.002172044	0.002850808	0.002624553	0.002217295	0.001674284	0.001810037	0.001086022	0.001221775	0.001448029	0.001221775	0.00099552	0.000814516	0.000814516	0.000905018	0	0.000543011
ASV413	0.000588262	0	0.000407258	0.000859767	0.00049776	0	0.00099552	0.000859767	0.000724015	0.001538531	0.001719535	0.000814516	0.001176524	0.00099552	0.000950269	0.000588262	0.001448029	0.000724015	0.001131273	0	0.000678764	0	0.000905018	0.000678764	0.000633513	0.000678764	0.000543011
ASV533	0.000588262	0.000452509	0.000678764	0.000724015	0.000678764	0.000678764	0.000859767	0.000678764	0.000543011	0.000407258	0.000181004	0.000181004	0.000271505	0.000226255	0.000226255	0.000316756	0.000226255	0.000135753	0.000135753	0.000271505	0.000452509	0.000316756	0.000316756	0.000181004	0.000362007	0.000135753	0.000271505
ASV568	0.000588262	0.00049776	0.000362007	0.000724015	0.000859767	0.000814516	0.000678764	0.000769266	0.000905018	0.001040771	0.000814516	0.000543011	0.000588262	0.000588262	0.000543011	0.00049776	0.000543011	0.000271505	0.000543011	0.000678764	0.000814516	0.000543011	0.00049776	0.000452509	0.000588262	9.05018E-05	0.000181004
ASV569	0.000588262	0.000633513	0.000724015	0.001040771	0.001040771	0.000769266	0.001086022	0.000859767	0.00049776	0.001674284	0.000633513	0.000724015	0.000452509	0.00099552	0.000226255	0.000452509	0.000588262	0.000543011	0.000362007	0.000226255	0.000633513	0.000135753	0.000452509	0.000135753	9.05018E-05	0.000271505	0.000226255
ASV717	0.000588262	0	0.001176524	0.000905018	0.001402778	0	0.00099552	0.000905018	0.001583782	0	0.001040771	0	0	0	0	0	0	0.001583782	0	0	0	0	0	0	0.000633513	0	0
ASV720	0.000588262	0.000226255	0.000407258	0.000543011	0.000407258	0.000226255	0.000633513	0.000859767	0.001040771	0.001131273	0.000950269	0.000724015	0.000633513	0.000769266	0.000543011	0.000316756	0.000362007	0.000271505	0.000181004	0.000135753	0.000181004	0.000226255	0.000135753	0.000135753	0.000135753	9.05018E-05	0
ASV1173	0.000588262	0.000407258	0.000316756	0.000678764	0	0.000271505	0	0.000724015	0.000588262	0	0.000678764	0	0	0.000588262	0	0	0.000226255	0.000362007	0	0	0	0	0	0.000271505	0	0	0
ASV1270	0.000588262	0.000543011	0.000588262	0.00099552	0.00049776	0.000316756	0.000452509	0.000135753	0.000271505	0.000181004	0	0	0	0	0	0	0	0	0	0	0	0	0	0	0	0	0
ASV2816	0.000588262	0.000181004	0	0	0	0	0	0	0	0	0	0	0	0	0	0	0	0	0	0	0	0	0	0	0	0	0
ASV48	0.000633513	0.000271505	0.00049776	0.000362007	0.000316756	0.000226255	0.000588262	0.001312277	0.001131273	0.000769266	0.000678764	0.000226255	4.52509E-05	9.05018E-05	0	0	0	0	9.05018E-05	0.001674284	0.002624553	0.002081542	0.000724015	0.000859767	0.000724015	0.000452509	0.000859767
ASV125	0.000633513	0.000724015	0.001719535	0.001448029	0.00149328	0.001719535	0.003755826	0.001629033	0.002172044	0.003891579	0.004344088	0.004208335	0.005746866	0.006516132	0.006244626	0.007104394	0.005203855	0.004570343	0.005158604	0.002805557	0.004117833	0.002579302	0.001855288	0.000950269	0.001086022	0.000859767	0.000724015
ASV142	0.000633513	0.001402778	0.001448029	0.001629033	0.000769266	0.001221775	0.001945789	0.001402778	0.00099552	0.000769266	0.000724015	0.002624553	0.002217295	0.001357527	0.000769266	0.001267026	0.00149328	0.002036291	0.002081542	0.001945789	0.003077062	0.002353048	0.001538531	0.00199104	0.002081542	0.002760306	0.001810037
ASV175	0.000633513	0.00049776	0.001131273	0.001267026	0.000950269	0.000814516	0.002126793	0.005384859	0.003891579	0.003982081	0.002126793	0.004117833	0.004525092	0.005203855	0.004298837	0.003348568	0.004344088	0.003393819	0.002036291	0.001629033	0.002126793	0.000724015	0.000905018	0.001221775	0.001402778	0.000588262	0.00099552
ASV407	0.000633513	0.000543011	0.000181004	9.05018E-05	0.000135753	0.000316756	0.00199104	0.002126793	0.001538531	0.001267026	0.000859767	0.001040771	0.001221775	0.001719535	0.002534051	0.002443549	0.003031811	0.001267026	0.000950269	0.000407258	0.000362007	0.000181004	0.000407258	0	0	0	0
ASV594	0.000633513	0.000181004	0	0	0	0	4.52509E-05	0	0	0	0	4.52509E-05	0	0	0	0	0.000181004	0	0	0	4.52509E-05	0	0	0	4.52509E-05	0	4.52509E-05
ASV611	0.000633513	0.00049776	0.000543011	0.000271505	0	0.000452509	0.000362007	0	0.000226255	0.000226255	0	0.001040771	0	0	0.000452509	0.000452509	0.000271505	0.000633513	0.000769266	0.000543011	0	0	0	0.000905018	0.000316756	0	0
ASV636	0.000633513	0.00049776	0.000588262	0.000452509	0.000588262	0.000678764	0.000588262	0.00049776	0.00049776	0.000678764	0.000588262	0.000407258	0.000407258	0.000452509	0.000226255	0.00049776	0.000588262	0.000452509	0.000543011	0.000407258	0.000633513	0.000452509	0.000452509	0.00049776	0.000316756	0.000226255	0
ASV671	0.000633513	0	0.000316756	0.00099552	0.000362007	0.000452509	0.000271505	0.00049776	0.000724015	0.00049776	0.000859767	0	0.000678764	0.000407258	0.000407258	0.00049776	0	0	0.000543011	0	0.000452509	0.000407258	0.000588262	0.000362007	0.000316756	0.000543011	0
ASV832	0.000633513	0.000407258	0.000724015	0.000950269	0.000316756	0.000452509	0.000271505	0.000362007	0.000226255	0.000271505	0.000181004	0.000135753	9.05018E-05	0	0.000135753	0	0	0	4.52509E-05	0	0	4.52509E-05	4.52509E-05	0	0	0	0
ASV873	0.000633513	0.000543011	0.000543011	0.000633513	0.000543011	0	9.05018E-05	0.000181004	0.000226255	0.000452509	0.000226255	0.000452509	0.000588262	0.000362007	0.00049776	0.000362007	0.000271505	0.000362007	0.000362007	0.000271505	0.000452509	0.000226255	9.05018E-05	0.000181004	0.000181004	0.000135753	0.000181004
ASV966	0.000633513	0.00049776	0.000316756	0.000452509	0.000226255	0.000316756	0.000362007	0.000226255	0.000452509	0.000407258	0.000769266	0.000452509	0.000316756	0.000316756	0.00049776	0.000271505	0.000135753	0.000181004	9.05018E-05	0	0.000362007	0.000181004	0	0	0.000181004	0	0
ASV1066	0.000633513	0.000452509	0.000452509	0.000905018	0.000588262	0.000271505	0.000181004	0.000316756	0.000271505	0.000271505	0	0.000181004	0.000226255	0	0.000407258	0	0	0	0	0.000181004	0.000271505	0.000271505	0	0.000316756	0	0.000135753	0.000135753
ASV1885	0.000633513	0.000543011	0	0	0	0	0	0	0	0	0	0	0	0	0	0	0	0	0	0	0	0	0	0	0	0	0
ASV60	0.000678764	0.000950269	0.001040771	0.00149328	0.001221775	0.002126793	0.002805557	0.001764786	0.001357527	0.000859767	0.001448029	0.003393819	0.004660844	0.006697136	0.013258518	0.012398751	0.0123535	0.009050183	0.008597674	0.006199376	0.003710575	0.004027332	0.003077062	0.001583782	0.001221775	0.000724015	0.000543011
ASV271	0.000678764	0.000859767	0.000678764	0.001402778	0.001448029	0.001221775	0.001945789	0.001402778	0.000724015	0.000543011	0.000316756	0.000407258	0.000181004	0.000226255	0.000316756	0.000588262	0.000724015	0.001855288	0.002850808	0.005339608	0.004117833	0.002760306	0.002443549	0.001221775	0.000859767	0.00049776	0.000724015
ASV276	0.000678764	0.000724015	0.000814516	0.000724015	0.000724015	0.001312277	0.001176524	0.001312277	0.002624553	0.001810037	0.002579302	0.002217295	0.00294131	0.002036291	0.002398299	0.001945789	0.002307797	0.002217295	0.001538531	0.001131273	0.000769266	0.000950269	0.000678764	0.00049776	0.00049776	0.000588262	0.000316756
ASV2991	0.000678764	0	0	0	0	0	0	0	0	0	0	0	0	0	0	0	0	0	0	0	0	0	0	0	0	0	0
ASV116	0.000724015	0.002805557	0.007556903	0.000135753	0.008326169	0.004027332	0.000633513	0.003258066	0.004887099	0.003212815	0.003755826	0.001945789	0.002805557	0.001040771	0.002760306	0.002262546	0.003665324	0.005837368	0.002669804	0.003484321	0.000226255	0.003167564	0.004841848	0.003620073	0.003574822	0.00298656	0.007240147
ASV182	0.000724015	0.000905018	0.001131273	0.000633513	0.000407258	0.000543011	0.000452509	0.000407258	0	0.000407258	0	0.000226255	0	0	0.000135753	0.000135753	0.000271505	0	0	0.000181004	0.000135753	0	0	0.000181004	0.000135753	0	0.00049776
ASV220	0.000724015	0.002172044	0.001176524	0.000769266	0.000678764	0.000950269	0.000950269	0.000362007	0.000452509	0.000678764	0.000950269	0.001583782	0.001176524	0.000950269	0.001131273	0.001221775	0.001945789	0.001719535	0.001764786	0.001629033	0.001945789	0.002443549	0.002760306	0.005249106	0.004977601	0.009638445	0.004570343
ASV242	0.000724015	0.001040771	0.001131273	0.001357527	0.001448029	0.001448029	0.001764786	0.001764786	0.002443549	0.003167564	0.003982081	0.002850808	0.003348568	0.003393819	0.002896059	0.002307797	0.002036291	0.001674284	0.001629033	0.001312277	0.001448029	0.000950269	0.000633513	0.000407258	0.000588262	0.000316756	0.000407258
ASV295	0.000724015	0.00149328	0.001131273	0.001764786	0.001583782	0.002036291	0.002307797	0.001538531	0.000859767	0.000588262	0.000407258	0.000362007	0.000226255	0.001040771	0.001176524	0.001312277	0.00099552	0.001040771	0.000362007	0.00049776	0.000678764	0.000407258	0.000543011	0.00049776	0.000769266	0.000452509	0.001176524
ASV371	0.000724015	0	0	0	0	0	0	0	0	0	0	0	0	0	0	0	0	0	0	0	0	0	0	0	0	0	0
ASV449	0.000724015	0.000588262	0.000588262	0.000678764	0.000316756	0.000271505	0.000316756	0.000316756	0.000226255	0.00049776	0.000316756	0.000226255	0.000271505	0	0.000316756	0	0.000362007	0.000407258	0.000226255	0.000678764	0.000543011	0.000407258	0.000724015	0.000543011	0.000724015	0.000678764	0.000588262
ASV462	0.000724015	0.001040771	0.001131273	0.001357527	0.00049776	0.000859767	0.001086022	0.000633513	0.00049776	0.000678764	0.000588262	0.00099552	0.000814516	0.000724015	0.000588262	0.000724015	0.000678764	0.000452509	0.000316756	0.000724015	0.000859767	0.000769266	0.000543011	0.000543011	0.000271505	0.000181004	0.000407258
ASV612	0.000724015	0.000407258	0	0.000633513	0.000226255	0.000588262	0.000633513	0.000588262	0.000588262	0.000588262	0.000724015	0.000905018	0.000814516	0.000407258	0.000814516	0.000452509	0.000452509	0.00049776	0.000362007	0.000543011	0.000452509	0.000588262	0.000588262	0	0	0	0.000724015
ASV655	0.000724015	0.000407258	0	0.000859767	0.000633513	0.00049776	0.000769266	0.000724015	0.000905018	0.000859767	0.000543011	0.000724015	0.000226255	0.00049776	0	0.000316756	0.000362007	0.00049776	0.00049776	0.000452509	0.000316756	0	0	0.000452509	0.000407258	0.000181004	0.000316756
ASV1327	0.000724015	0.000814516	0	0	0	0	0	0.000588262	0.000724015	0	0	0	0	0	0	0.00049776	0	0.000362007	0	0	0	0	0	0.000452509	0	0	0.000226255
ASV2762	0.000724015	9.05018E-05	0	0	0	0	0	0	0	0	0	0	0	0	0	0	0	0	0	0	0	0	0	0	0	0	0
ASV2928	0.000724015	0	0	0	0	0	0	0	0	0	0	0	0	0	0	0	0	0	0	0	0	0	0	0	0	0	0
ASV140	0.000769266	0.001402778	0.00099552	0.001312277	0.001538531	0.002579302	0.003393819	0.002896059	0.001764786	0.001176524	0.001131273	0.001040771	0.00099552	0.000950269	0.001448029	0.001402778	0.002307797	0.003167564	0.003620073	0.006018372	0.004706095	0.005203855	0.004660844	0.003212815	0.00294131	0.00149328	0.001312277
ASV245	0.000769266	0.00049776	0.00049776	0.001221775	0.001086022	0.001719535	0.001719535	0.00199104	0.002443549	0.001629033	0.002534051	0.003031811	0.002850808	0.003031811	0.00343907	0.002126793	0.002217295	0.001674284	0.001448029	0.000859767	0.000543011	0.000769266	0.000452509	0.000181004	0.000452509	0.000181004	0.000181004
ASV312	0.000769266	0.000950269	0.001538531	0.001900538	0.001538531	0.001900538	0.002172044	0.002262546	0.002669804	0.001357527	0.002172044	0.001583782	0.002262546	0.001538531	0.001040771	0.001312277	0.001402778	0.00099552	0.000950269	0.001176524	0.000678764	0.000543011	0.000316756	0.000633513	0.000316756	0.000452509	0.000407258
ASV355	0.000769266	0.000588262	0.00099552	0.001448029	0.000905018	0.000950269	0.001131273	0.000678764	0.00049776	0.000271505	0.000135753	0.000543011	0	0.00049776	0.000543011	0.00099552	0.00149328	0.001674284	0.001900538	0.002715055	0.003077062	0.001900538	0.00149328	0.000769266	0.001086022	0.000950269	0.000950269
ASV360	0.000769266	0.000633513	0	0	0	0.001312277	0.000814516	0.00049776	0	0.001357527	0.001040771	0.001900538	0.001312277	0.001538531	0.000814516	0.001040771	0.001357527	0	0.000859767	0.001357527	0.001312277	0.001221775	0.00099552	0.001176524	0	0.000633513	0.000543011
ASV402	0.000769266	0.000859767	0.000678764	0.000769266	0.000316756	0.000814516	0.000905018	0.000814516	0.000588262	0.000452509	0.000633513	0.000588262	0.000678764	0.000769266	0.000814516	0.001131273	0.001040771	0.000905018	0.00099552	0.000633513	0.001629033	0.001086022	0.001131273	0.000769266	0.000814516	0.000588262	0.000724015
ASV799	0.000769266	0.000859767	0.001719535	0.001402778	0.001131273	0.001040771	0.000950269	0.000407258	0.000588262	0.00049776	0	0	0.000226255	0	0	0	0	0	0	0	0	0	0	0	0	0	0
ASV1329	0.000769266	0.000543011	0.000226255	0	0	0	0.000135753	0	0	0	0	0	0	0	0	0	0	0	0	0.000181004	0.000407258	0.000543011	0.000316756	0.000271505	0.000271505	0.000271505	0.00049776
ASV2072	0.000769266	9.05018E-05	0	0	0	0.000135753	0	0.000135753	0	0	0	0	4.52509E-05	0	0	0.000181004	0	0.000135753	0.000226255	9.05018E-05	0	0	0	0	0	0	0
ASV2670	0.000769266	0	0	0	0	0	0	0	0	0	0	0	0	0	0	0	0	0.000135753	0	0	0	0	0	0	0	0	0
ASV2912	0.000769266	4.52509E-05	0	0	0	0	0	0	0	0	0	0	0	0	0	0	0	0	0	0	0	0	0	0	0	0	0
ASV200	0.000814516	0.001855288	0.001900538	0.003484321	0.003303317	0.003348568	0.004208335	0.002353048	0.001221775	0.000362007	0.000859767	0.000724015	0.000950269	0.003077062	0.002669804	0.002624553	0.001764786	0.001538531	0.000814516	0.00049776	0.000769266	0.000543011	0.000633513	0.000769266	0.000678764	0.000407258	0.000769266
ASV343	0.000814516	0.000859767	0.001357527	0.001086022	0.001357527	0.00099552	0.001176524	0.001402778	0.000859767	0.000905018	0.001719535	0.001357527	0.001086022	0.001086022	0.000905018	0.001176524	0.001221775	0.000905018	0.000678764	0.000859767	0.001267026	0.00099552	0.001221775	0.000859767	0.001312277	0.00099552	0.000543011
ASV500	0.000814516	0.000814516	0.000814516	0.000678764	0.000950269	0.001855288	0.001538531	0.001855288	0.001131273	0.00099552	0.001357527	0.000724015	0.000407258	0.000724015	0.000543011	0.00049776	0.000543011	0.000452509	0.000362007	0.00049776	0.000226255	0.000226255	0.000271505	0.000226255	0.000362007	0.000181004	0.000271505
ASV1611	0.000814516	0.000905018	0	0	0	0	0	0	0	0	0	0	0	0	0	9.05018E-05	0.000181004	0.000135753	0	0	0	0	0	0	0	0	0
ASV1902	0.000814516	0	0.000362007	0	0.000135753	0	0	0	0	0	0	0	0	0	0	0.000181004	0	0	9.05018E-05	0	0	0	0	0	0	0	0
ASV210	0.000859767	0.000588262	0.000452509	0.001086022	0.001131273	0.001086022	0.001945789	0.002217295	0.003846328	0.003077062	0.003574822	0.00294131	0.003212815	0.0024888	0.002353048	0.001945789	0.0024888	0.001900538	0.001900538	0.002081542	0.00298656	0.002217295	0.001945789	0.001629033	0.001855288	0.00099552	0.000678764
ASV264	0.000859767	0.000633513	0.001040771	0.00099552	0.000316756	0.000588262	0.000859767	0.000633513	0.000362007	0.001221775	0.001040771	0.001810037	0.00149328	0.001945789	0.001131273	0.002126793	0.001900538	0.001900538	0.002126793	0.001900538	0.003167564	0.002081542	0.000950269	0.00099552	0.000724015	0.000362007	0.00049776
ASV419	0.000859767	0.000452509	0.000814516	0.00099552	0.000678764	0.000724015	0.000814516	0.000859767	0.001357527	0.000633513	0.001040771	0.000633513	0.00049776	0.000724015	0.000769266	0.001357527	0.00099552	0.001312277	0.00099552	0.000859767	0.001131273	0.000678764	0.00049776	0.001131273	0.000859767	0.000678764	0.000678764
ASV424	0.000859767	0.000859767	0.001040771	0.000950269	0.000859767	0.001131273	0.001267026	0.000814516	0	0.000588262	0	0	0.000633513	0.000905018	0.00099552	0.001131273	0.00099552	0.001086022	0.001312277	0.001176524	0.001764786	0.001040771	0.000633513	0.000814516	0.000950269	0	0.001086022
ASV731	0.000859767	0.000724015	0.000588262	0.000678764	0.000543011	0.000316756	0.001176524	0.001176524	0.001086022	0.001040771	0.000814516	0.000452509	0.000271505	0.000181004	0.000135753	0.000135753	0	0	0	0	0	0	0	0	0	0	0
ASV2252	0.000859767	0.00049776	0.000135753	0	0	0	0	0	0	0	0	0	0	0	0	0	0	0	0	0	0	0	0	0	0	0	0
ASV308	0.000905018	0.002669804	0.002579302	0.001538531	0.002624553	0.002850808	0.004163084	0.002126793	0.001086022	0.001855288	0.001629033	0.001221775	0.000316756	0	0	0	0.000678764	0	0.000859767	0.00099552	0.000905018	0.001040771	0.000859767	0.001086022	0.001312277	0.001040771	0.00099552
ASV330	0.000905018	0.001312277	0.001538531	0.001855288	0.001629033	0.001583782	0.002307797	0.001086022	0.00049776	9.05018E-05	9.05018E-05	4.52509E-05	0	0	0	9.05018E-05	0	0.00199104	0.004841848	0.002126793	0.001131273	0.000543011	0.000316756	0.000543011	0.001131273	0.001674284	0.0024888
ASV455	0.000905018	0.001040771	0.00099552	0.000859767	0	0	0.000678764	0.001267026	0.000814516	0.00099552	0	0.001267026	0.001131273	0.001267026	0.001176524	0.001176524	0	0.001583782	0.001448029	0	0.000588262	0	0.000769266	0	0	0	0
ASV507	0.000905018	0.000950269	0.000814516	0.000769266	0.000407258	0.000543011	0.000859767	0.000316756	0.000543011	0.000588262	0.000588262	0.000633513	0.00049776	0.000452509	0.000452509	0.000814516	0.000724015	0.000814516	0.000678764	0.000724015	0.001267026	0.000724015	0.000588262	0.000633513	0.000678764	0.000407258	0.000362007
ASV779	0.000905018	0.000316756	0.000407258	0.000588262	0.00049776	0.000452509	0.000362007	0.000452509	0.000271505	0.000362007	0.000316756	0.000271505	4.52509E-05	0.000135753	0	0.000316756	0.000271505	0.000407258	0.000452509	0.000362007	0.000316756	0.000271505	0.000135753	0.000362007	0.000452509	0.00049776	0.000316756
ASV1164	0.000905018	0.00049776	0.000905018	0.000633513	0.000316756	0.000181004	0.000271505	0.000316756	0.000271505	0.000271505	9.05018E-05	0.000135753	0.000181004	0.000316756	0.000181004	0	0	0	0	0	0	0	0	9.05018E-05	9.05018E-05	0	0
ASV63	0.000950269	0.000950269	0.001810037	0.004027332	0.005294357	0.007737907	0.008959681	0.011041224	0.012760758	0.008099914	0.00841667	0.005158604	0.008552423	0.00692339	0.010679216	0.007466401	0.008597674	0.008959681	0.008733427	0.005792117	0.004479841	0.003303317	0.003801077	0.001719535	0.001764786	0.000769266	0.000633513
ASV101	0.000950269	0.007375899	0.007330648	0.0098647	0.006651885	0.006787637	0.005520612	0.004027332	0.00049776	0.000905018	0.00049776	0.000452509	0.000316756	0.000271505	0.000452509	0.000271505	0.000543011	0.000271505	0.000769266	0.000859767	0.000814516	0.000859767	0.000905018	0.001221775	0.001267026	0.002262546	0.003529571
ASV244	0.000950269	0.000814516	0.000588262	0.001040771	0.001086022	0.001402778	0.00149328	0.002217295	0.004570343	0.002715055	0.005068103	0.004344088	0.004208335	0.003031811	0.00298656	0.002081542	0.001719535	0.001402778	0.000950269	0.000950269	0.000633513	0.000905018	0.000452509	0.000452509	0	0	0.00049776
ASV272	0.000950269	0.000905018	0.000950269	0.001629033	0.000905018	0.001448029	0.002036291	0.001583782	0.001900538	0.001176524	0.001900538	0.001764786	0.001900538	0.001402778	0.001855288	0.001402778	0.002172044	0.00199104	0.002217295	0.002081542	0.001583782	0.001357527	0.001448029	0.000633513	0.000950269	0.001402778	0
ASV314	0.000950269	0.000316756	0.000814516	0.001176524	0.000678764	0.00049776	0.000814516	0.00099552	0.001719535	0.001267026	0.001629033	0.001583782	0.00149328	0.001267026	0.001583782	0.00149328	0.001629033	0.001629033	0.001900538	0.00199104	0.001583782	0.001176524	0.001402778	0.000950269	0.000678764	0.000543011	0.000543011
ASV359	0.000950269	0.001086022	0.001538531	0.002217295	0.002307797	0.003212815	0.002534051	0.0024888	0.002172044	0.001855288	0.001629033	0.001810037	0.000814516	0.000905018	0.000724015	0.000452509	0.00049776	0.000271505	0.000452509	0.000226255	0.000271505	0.000271505	0.000271505	0.000271505	0.000135753	9.05018E-05	9.05018E-05
ASV372	0.000950269	0.000316756	0.000633513	0.001040771	0.000859767	0.000950269	0.000814516	0.001176524	0.001402778	0.001855288	0.001583782	0.001719535	0.001221775	0.00199104	0.001719535	0.00149328	0.001040771	0.001176524	0.001448029	0.000814516	0.000859767	0.000950269	0.000588262	0.000678764	0.000316756	0.000271505	0.000226255
ASV452	0.000950269	0.001131273	0.000905018	0.00099552	0.000316756	0.000362007	0.000271505	0.000226255	0.000316756	0.000452509	0.000181004	0.000543011	0.000452509	0.000678764	0.00049776	0.000588262	0.000407258	0.001221775	0.000859767	0.00099552	0.001900538	0.001176524	0.000814516	0.000724015	0.000588262	0.000678764	0.000859767
ASV581	0.000950269	0.000633513	0.000724015	0.000905018	0.00049776	0.00049776	0.000588262	0.000316756	0.000407258	0.000543011	0.000543011	0.000543011	0.000543011	0.000543011	0.000543011	0.000905018	0.000724015	0.000769266	0.000452509	0.000724015	0.000814516	0.000316756	0.000543011	0	0.000452509	0	0
ASV621	0.000950269	0.000678764	0.00099552	0.000859767	0.00049776	0.000543011	0.000407258	0.000407258	0.000271505	0	0	0.000181004	0.000135753	0.000181004	0.000226255	0.000181004	0.000135753	0.000362007	0.000316756	0.000271505	0.000407258	0.000226255	0.000362007	0.000950269	0.000724015	0.000271505	0.000724015
ASV1048	0.000950269	0.005746866	0	0	0	0	0	0	0	0	0	0	0	0	0	0	0	0	0	0	0	0	0	0	0	0	0
ASV1110	0.000950269	0.00099552	0.001312277	0.000814516	0.000362007	0.000316756	0.000181004	0	9.05018E-05	0	0	0	9.05018E-05	0.000181004	0	4.52509E-05	9.05018E-05	0.000226255	0.000181004	4.52509E-05	0	0	0	0	4.52509E-05	0	9.05018E-05
ASV105	0.00099552	0.001086022	0.001719535	0.001629033	0.001945789	0.002081542	0.002307797	0.00343907	0.004027332	0.002715055	0.002036291	0.003258066	0.004389339	0.005249106	0.005384859	0.005475361	0.005656365	0.00692339	0.004389339	0.004027332	0.004027332	0.003574822	0.002669804	0.002443549	0.002624553	0.00199104	0.002443549
ASV143	0.00099552	0.001764786	0.003077062	0.001855288	0.001357527	0.002081542	0.002307797	0.000814516	0	0	0	0.000316756	0	0	0.000724015	0.000543011	0.000724015	0.001764786	0.001855288	0.004027332	0.007737907	0.008099914	0.007194896	0.011448482	0.010136205	0.002850808	0.004253586
ASV446	0.00099552	0	0	0.000678764	0	0	0.000543011	0.00099552	0.000905018	0.001221775	0.001176524	0.001040771	0	0.001221775	0.001040771	0.001221775	0.001176524	0.001312277	0.001086022	0.000905018	0.000950269	0.000905018	0.001040771	0	0.00099552	0.000905018	0.00099552
ASV480	0.00099552	0.001086022	0.001176524	0.001086022	0.001086022	0.000859767	0.001357527	0.000950269	0.001086022	0.00099552	0.001131273	0.000859767	0.001312277	0.000543011	0.000724015	0.000633513	0.000633513	0.000633513	0.000316756	0.000226255	0.000543011	0.000362007	0.000452509	0.000724015	0.000452509	0.000362007	0.000452509
ASV100	0.001040771	0.002715055	0.004525092	0.002579302	0.004117833	0.003846328	0.005068103	0.003755826	0.002669804	0.005022852	0.005339608	0.00642563	0.003891579	0.00393683	0.003348568	0.003348568	0.003665324	0.00343907	0.003258066	0.004525092	0.007556903	0.005565863	0.006018372	0.004615593	0.004072582	0.002579302	0.004706095
ASV167	0.001040771	0.003031811	0.004841848	0.002760306	0.00199104	0.002036291	0.001583782	0	0	0	0	0	0	0	0	0	0	0	0	0.000633513	0.001131273	0.001176524	0.000950269	0.004253586	0.004977601	0.012444002	0.014706548
ASV193	0.001040771	0.001221775	0.000859767	0.00099552	0.000769266	0.000950269	0.000859767	0.001629033	0.001176524	0.00099552	0.000905018	0.000950269	0.001267026	0.001221775	0.002126793	0.002624553	0.002669804	0.002760306	0.003348568	0.003846328	0.004027332	0.00393683	0.002579302	0.002760306	0.003167564	0.003258066	0.003077062
ASV585	0.001040771	0.001040771	0.000769266	0.000905018	0	0.000678764	0	0.000905018	0.001402778	0.001221775	0.00099552	0.000950269	0.00149328	0	0.000724015	0.000724015	0.000814516	0	0.000724015	0.000678764	0	0	0.000588262	0	0	0	0
ASV1381	0.001040771	0.003212815	0	0	0	0	0	0	0	0	0	0	0	0	0	0	0	0	0	0	0	0	0	0	0	0	0
ASV2375	0.001040771	0	0.000135753	0	0	0	0	0	9.05018E-05	0	0	0	0	0	0	0	0	0	0	0	0	0	0	0	0	0	0
ASV2690	0.001040771	0	0	0	0	0	0	0	0	0	0	0	0	0	0	0	0	0	0	0	0	0	0	0	0	0	0
ASV231	0.001086022	0.002353048	0.001448029	0.002443549	0.001945789	0.002715055	0.00443459	0.005158604	0.003620073	0.005339608	0.002579302	0.001086022	0.001448029	0.001583782	0.001538531	0.000588262	0.000588262	0.000724015	0.00049776	0.000543011	0.000633513	0.000452509	0.000633513	0.000452509	0.000316756	0.000407258	0.000633513
ASV551	0.001086022	0.000362007	0.000769266	0.000633513	0.000543011	0.000452509	0.000362007	0.000724015	0.000724015	0.000362007	0.000588262	0.000452509	0.000316756	0.000452509	0.000407258	0.000814516	0.000769266	0.000678764	0.00049776	0.000814516	0.000814516	0.000724015	0.000543011	0.000678764	0.000724015	0.00049776	0.000905018
ASV741	0.001086022	0.001086022	0.000950269	0.001131273	0.000633513	0.000769266	0.000905018	0.000859767	0.000633513	0.000407258	0.00049776	0.000588262	0.00049776	0.000316756	0	0.000271505	0	0.000135753	0	0.000181004	0	0	0	0	0	0	0
ASV1733	0.001086022	0	9.05018E-05	0	0	0	0	0	0.000181004	0.000181004	0	0	0.000271505	0	0	0	0	0	0	0	0	0	0	0	0	9.05018E-05	0
ASV2347	0.001086022	0.000226255	0	0	0	0	0	0	0	0	0	0	0	0	0	0	0	0	0	0	0	0	0	0	0	0	0
ASV2506	0.001086022	0	0	0	0	0	0	0	0	0	0	0	0	0	0	0	0	0	0	0	0	0	0	0	0	0	0
ASV258	0.001131273	0.001267026	0.000950269	0.001719535	0.001583782	0.001583782	0.00199104	0.003258066	0.003529571	0.002760306	0.002760306	0.001674284	0.00149328	0.001221775	0.001629033	0.001900538	0.002172044	0.002172044	0.001538531	0.001040771	0.001674284	0.001221775	0.000814516	0.000678764	0.000859767	0.000407258	0.000814516
ASV280	0.001131273	0.002715055	0.003167564	0.002534051	0.002715055	0.0024888	0.003846328	0.002126793	0.001538531	0.002443549	0.002172044	0.001674284	0.000588262	0.000814516	0.001131273	0.000678764	0	0.000724015	0	0	0.000859767	0.001086022	0.000950269	0.001040771	0.001086022	0.000950269	0.001357527
ASV554	0.001131273	0.000407258	0.00199104	0.002534051	0.000814516	0.000814516	0.000362007	0.000181004	9.05018E-05	0	4.52509E-05	0	0	0	0.000271505	0.000226255	0.001267026	0.000859767	0.001040771	0.001086022	0.000859767	0.000362007	0.000226255	9.05018E-05	0.000588262	0	0.000226255
ASV2186	0.001131273	0.000271505	0	0	0	0	0	0	0	0	0	0	0	0	0	0	0	0	0	0	0	0	0	0.000135753	0	0	0
ASV2416	0.001131273	0	0	0	0	0	0	0	0	0	0	0	0	0	0	0	0	0	0	0	0.000135753	0	0	0	0	0	0
ASV97	0.001176524	0.001221775	0.001900538	0.001538531	0.002307797	0.000950269	0.002669804	0.002081542	0.00199104	0.003348568	0.002217295	0.00393683	0.002172044	0.004389339	0.003665324	0.006787637	0.00841667	0.007466401	0.009050183	0.005611114	0.008235667	0.007240147	0.006244626	0.00443459	0.005837368	0.005520612	0.003574822
ASV261	0.001176524	0.002534051	0.002715055	0.00199104	0.001131273	0.000814516	0.000769266	0.000316756	0.000135753	0	0	0	0	0	0	0.000181004	0.000135753	0.000543011	0.00049776	0.000950269	0.001945789	0.001810037	0.001221775	0.007149645	0.007285398	0.002715055	0.006108874
ASV346	0.001176524	0.001267026	0.001538531	0.001855288	0.001583782	0.001357527	0.001086022	0.002262546	0.001674284	0.00149328	0.00099552	0.001267026	0.00099552	0.001040771	0.000950269	0.001086022	0.000814516	0.000769266	0.000859767	0.001040771	0.000859767	0.000678764	0.000678764	0.000859767	0.000905018	0.001086022	0.000859767
ASV502	0.001176524	0.001267026	0.000543011	0.000678764	0.000316756	0.000316756	0.000543011	0.000588262	0.000724015	0.000316756	0.000452509	0.000814516	0.00049776	0.000362007	0.000588262	0.000543011	0.000905018	0.000724015	0.001131273	0.000814516	0.001312277	0.00099552	0.000814516	0.000859767	0.000452509	0.00049776	0.000588262
ASV75	0.001221775	0.00692339	0.021991945	0.000633513	0.016561835	0.007285398	0.001583782	0.005113354	0.004208335	0.001583782	0.00199104	0.000859767	0.001131273	0.000633513	0.002036291	0.001221775	0.002126793	0.003303317	0.00199104	0.002126793	0.000452509	0.001810037	0.003574822	0.003710575	0.003212815	0.004479841	0.011946242
ASV86	0.001221775	0.006561383	0.014525544	0.000316756	0.013937282	0.006606634	0.000678764	0.001764786	0.0024888	0.001357527	0.002036291	0.000724015	0.001719535	0.000316756	0.00199104	0.001583782	0.002262546	0.004479841	0.001855288	0.003167564	0.000316756	0.00393683	0.00642563	0.006470881	0.005475361	0.006561383	0.021856193
ASV132	0.001221775	0.001719535	0.001538531	0.001583782	0.001267026	0.002896059	0.003801077	0.004253586	0.003122313	0.001674284	0.002443549	0.002850808	0.002172044	0.001629033	0.001674284	0.001312277	0.002126793	0.002443549	0.003665324	0.005746866	0.003574822	0.003710575	0.00298656	0.001764786	0.001538531	0.001176524	0.000950269
ASV216	0.001221775	0.000678764	0.001086022	0.001221775	0.000814516	0.000859767	0.001221775	0.000905018	0.000950269	0.000633513	0.000950269	0.001086022	0.000859767	0.001538531	0.001131273	0.002126793	0.001629033	0.00294131	0.00298656	0.002217295	0.003122313	0.002850808	0.004072582	0.003122313	0.003801077	0.003891579	0.002805557
ASV363	0.001221775	0.000905018	0.000633513	0.001312277	0.001402778	0.000678764	0.000814516	0.001538531	0.00149328	0.001221775	0.001086022	0.001855288	0.001131273	0.001357527	0.001448029	0.001357527	0.00099552	0.000814516	0.000678764	0.001086022	0.001086022	0.000859767	0.000678764	0.00049776	0.000633513	0.000452509	0.00049776
ASV50	0.001267026	0.001402778	0.003665324	0.002126793	0.003122313	0.00393683	0.003982081	0.003574822	0.004796597	0.003031811	0.003529571	0.003710575	0.004072582	0.003258066	0.006154125	0.005701615	0.00493235	0.003393819	0.006606634	0.007149645	0.007330648	0.004298837	0.003348568	0.004253586	0.004027332	0.006063623	0.005475361
ASV204	0.001267026	0.000724015	0.00149328	0.001538531	0.001040771	0.001040771	0.001719535	0.001131273	0.001538531	0.002307797	0.001176524	0.001357527	0.001583782	0.003212815	0.002126793	0.003031811	0.004253586	0.003258066	0.002443549	0.001674284	0.004298837	0.002624553	0.00298656	0.002126793	0.002805557	0.001900538	0.002217295
ASV71	0.001312277	0.003529571	0.006380379	0.003393819	0.001900538	0.003212815	0.004344088	0.001357527	0.001086022	0.000724015	0.000950269	0.001448029	0.001040771	0.000859767	0.001629033	0.002081542	0.001900538	0.002307797	0.002624553	0.005792117	0.011448482	0.010090954	0.009004932	0.017059595	0.016426083	0.006335128	0.005384859
ASV138	0.001357527	0.001629033	0.001448029	0.003529571	0.002398299	0.00298656	0.003122313	0.001221775	0.000814516	0.00099552	0.001312277	0.002760306	0.002217295	0.000905018	0.002262546	0.002398299	0.003529571	0.004389339	0.004072582	0.004841848	0.003258066	0.004027332	0.003484321	0.003167564	0.003393819	0.003077062	0.003891579
ASV486	0.001357527	0.002579302	0.00149328	0.001900538	0.002036291	0.002036291	0.00149328	0.001221775	0.000724015	0.000362007	0	0	0.000135753	0.000271505	0	9.05018E-05	9.05018E-05	0	0	0	0.000181004	0	0	0.000769266	0.000588262	0.001855288	0.00149328
ASV135	0.001448029	0.000859767	0.001086022	0.001267026	0.00099552	0.000678764	0.001131273	0.001312277	0.002353048	0.004389339	0.004389339	0.00692339	0.00443459	0.005746866	0.005656365	0.00543011	0.004570343	0.004072582	0.004570343	0.004344088	0.005068103	0.004615593	0.003258066	0.001945789	0.002262546	0.001040771	0.000905018
ASV190	0.001448029	0.001900538	0.001945789	0.001810037	0.00149328	0.002081542	0.001945789	0.001945789	0.002126793	0.001131273	0.002262546	0.00149328	0.002398299	0.001945789	0.001945789	0.002896059	0.002850808	0.00294131	0.002624553	0.002896059	0.003077062	0.00199104	0.001855288	0.001176524	0.001448029	0.001945789	0.002217295
ASV290	0.001448029	0.002353048	0.001855288	0.003167564	0.002126793	0.00199104	0.002262546	0.001900538	0.001176524	0.001086022	0.001086022	0.000814516	0.000724015	0.000452509	0.000950269	0.000316756	0.000769266	0.000633513	0.000814516	0.001583782	0.00099552	0.001086022	0.001086022	0.000724015	0.00099552	0.000905018	0.00049776
ASV315	0.001448029	0.000905018	0.001131273	0.001357527	0.001176524	0.000859767	0.001221775	0.001176524	0.001402778	0.001040771	0.001086022	0.00149328	0.001086022	0.001086022	0.000814516	0.000724015	0.00099552	0.000814516	0.000859767	0.000633513	0.001221775	0.000814516	0.000543011	0.000362007	0.00049776	0.000316756	0.000407258
ASV387	0.001448029	0.001221775	0.001810037	0.001900538	0.001221775	0.000905018	0.001357527	0.000543011	0.000316756	0.00049776	0.000135753	0.000181004	0.000226255	0.000181004	0.000362007	0.00049776	0.000678764	0.000950269	0.001086022	0.001131273	0.00149328	0.001674284	0.001086022	0.001629033	0.001629033	0.001086022	0.000950269
ASV565	0.001448029	0.002715055	0.001448029	0.001176524	0.000633513	0.001040771	0.001086022	0.000588262	0.000362007	0.000407258	0.000316756	0.00049776	0.000271505	0.000135753	0	0.000135753	0.000135753	0	0.000226255	4.52509E-05	9.05018E-05	0.000135753	0.000316756	0.000452509	0.000588262	0.001357527	0.000633513
ASV921	0.001448029	0.000316756	0.000362007	0.000452509	0	0.000271505	0	0.00049776	0	0.000362007	0.000226255	0	0.000362007	0.000407258	0	0	0	0.000362007	0	0.000633513	0.00049776	0.000633513	0	0	0.00049776	0	0
ASV1397	0.001448029	0	0	0	0	0	0	0	0	0	0	0	0	0	0	0	0	0.000226255	0	0	0	4.52509E-05	0	0	0	0	0
ASV58	0.00149328	0.002715055	0.002262546	0.001402778	0.00343907	0.002398299	0.002669804	0.00294131	0.001357527	0.000859767	0.001176524	0.002805557	0.007104394	0.004163084	0.002669804	0.003529571	0.00443459	0.002534051	0.001629033	0.001086022	0.000859767	0.000905018	0.000814516	0.000316756	0.000362007	0	0.000135753
ASV139	0.00149328	0.001538531	0.001900538	0.002760306	0.001674284	0.00298656	0.002307797	0.002669804	0.004525092	0.004389339	0.005203855	0.003348568	0.004570343	0.004072582	0.004344088	0.004072582	0.004479841	0.003484321	0.003393819	0.003031811	0.003212815	0.003077062	0.0024888	0.001629033	0.001810037	0.002353048	0.001448029
ASV201	0.00149328	0.001583782	0.002353048	0.002443549	0.00149328	0.002126793	0.002443549	0.001221775	0.001629033	0.002760306	0.003167564	0.003303317	0.002579302	0.0024888	0.002262546	0.002081542	0.001855288	0.002081542	0.001402778	0.00199104	0.002896059	0.002398299	0.001900538	0.002307797	0.002307797	0.001629033	0.001312277
ASV294	0.00149328	0.001357527	0.000950269	0.001357527	0.001674284	0.001629033	0.00199104	0.003167564	0.001810037	0.001312277	0.002353048	0.001674284	0.001583782	0.001538531	0.001583782	0.000950269	0.001900538	0.000859767	0.000678764	0.000588262	0.00049776	0.000543011	0.001221775	0.000588262	0	0	0.000588262
ASV353	0.00149328	0.001538531	0.001221775	0.001629033	0.001176524	0.001040771	0.000859767	0.001357527	0.001176524	0.000724015	0.000226255	0.000814516	0.000678764	0.000814516	0.000588262	0.000633513	0.000543011	0.000407258	0.000678764	0.000905018	0.001086022	0.00049776	0.00049776	0.000905018	0.000950269	0.001131273	0.000633513
ASV96	0.001538531	0.00149328	0.001764786	0.003665324	0.003665324	0.004163084	0.005068103	0.006108874	0.006878139	0.006380379	0.005837368	0.003529571	0.006244626	0.005384859	0.008235667	0.00692339	0.007692656	0.00592787	0.007556903	0.005158604	0.00294131	0.002534051	0.002534051	0.00149328	0.001176524	0.000769266	0.000588262
ASV151	0.001538531	0.005792117	0.016652337	0.000271505	0.008778678	0.002534051	0.000678764	0.001674284	0.001900538	0.001674284	0.001131273	0.000724015	0.000769266	0.000271505	0.000905018	0.000814516	0.001040771	0.001538531	0.001267026	0.000769266	0.000271505	0.001538531	0.003077062	0.002579302	0.002443549	0.0024888	0.004615593
ASV213	0.001538531	0.001583782	0.001267026	0.001448029	0.001764786	0.001221775	0.000950269	0.000271505	0.000859767	0.000859767	0.000678764	0.000905018	0.000588262	0.000588262	0.001267026	0.001945789	0.001131273	0.001900538	0.001674284	0.002534051	0.004298837	0.00294131	0.002624553	0.003167564	0.002715055	0.003484321	0.003801077
ASV1792	0.001538531	0.000769266	0	0	0	0	0	0	0	0	0	0	0	0	0	0	0	0	0	0	0	0	0	0	0	0	0
ASV130	0.001583782	0.004615593	0.002081542	0.00199104	0.002307797	0.00199104	0.001900538	0.001810037	0.001448029	0.000859767	0.001402778	0.002217295	0.001900538	0.003167564	0.003077062	0.003258066	0.004163084	0.0024888	0.003393819	0.003891579	0.006018372	0.005294357	0.006470881	0.004706095	0.004389339	0.003167564	0.005792117
ASV383	0.001583782	0.00049776	0.000905018	0.001267026	0.000950269	0.000859767	0.000678764	0.00099552	0.001040771	0.00099552	0.001900538	0.001538531	0.00099552	0.001538531	0.000814516	0.001402778	0.001267026	0.002262546	0.001040771	0.001131273	0.000452509	0.000452509	0.00049776	0.000362007	0.000633513	0.00049776	0.000362007
ASV713	0.001583782	0.000316756	0	0	0	0	0	0	0	0	0	0	0	0	0	0	0	0	0	0	0	0	0	0	0	0	0
ASV153	0.001629033	0.000588262	0.001131273	0.001267026	0.001764786	0.0024888	0.00393683	0.007375899	0.00936694	0.008190416	0.007602154	0.005203855	0.003710575	0.00294131	0.002126793	0.002262546	0.002172044	0.001900538	0.00149328	0.00149328	0.001629033	0.001538531	0.001086022	0.000905018	0.000678764	0.000362007	0.000181004
ASV313	0.001629033	0.001538531	0.001764786	0.001538531	0.000950269	0.00099552	0.000950269	0.00049776	0.000452509	0.000226255	0.00049776	0.000226255	0	0.000226255	0.000181004	0.000226255	0.000362007	0.000362007	0.000452509	0.000633513	0.001040771	0.001267026	0.000769266	0.002126793	0.001448029	0.001538531	0.001900538
ASV40	0.001674284	0.002398299	0.002172044	0.00298656	0.003620073	0.003982081	0.006742387	0.007149645	0.008235667	0.007285398	0.006651885	0.012806009	0.014661297	0.017240599	0.015521064	0.012489253	0.01036246	0.006651885	0.003710575	0.003348568	0.003574822	0.0024888	0.001719535	0.00149328	0.001629033	0.00199104	0.002126793
ASV79	0.001674284	0.001900538	0.001855288	0.001900538	0.002217295	0.002036291	0.00298656	0.0024888	0.003755826	0.003303317	0.003122313	0.003891579	0.004163084	0.004796597	0.004389339	0.003258066	0.003846328	0.003077062	0.002715055	0.002624553	0.002760306	0.002036291	0.001221775	0.001357527	0.001402778	0.00149328	0.001855288
ASV241	0.001674284	0.001538531	0.001040771	0.000859767	0.001448029	0.002715055	0.002307797	0.002262546	0.00149328	0.001267026	0.001855288	0.001312277	0.001402778	0.001855288	0.002896059	0.001900538	0.002217295	0.001086022	0.001221775	0.00099552	0.000859767	0.00099552	0.000678764	0.001267026	0.001402778	0.002081542	0.001719535
ASV333	0.001674284	0.001267026	0.001448029	0.001629033	0.001131273	0.000859767	0.001357527	0.001448029	0.00199104	0.001855288	0.001900538	0.001312277	0.000950269	0.001855288	0.000950269	0.000769266	0.000678764	0.001131273	0.000814516	0.000859767	0.000859767	0.000905018	0.00049776	0.000633513	0.000543011	0.000316756	0.000407258
ASV78	0.001764786	0.002896059	0.003167564	0.003620073	0.003665324	0.004072582	0.004163084	0.004163084	0.004027332	0.003258066	0.005475361	0.003529571	0.002398299	0.002172044	0.001855288	0.003846328	0.002760306	0.003574822	0.002353048	0.002126793	0.002534051	0.002126793	0.002126793	0.002172044	0.002081542	0.003348568	0.002534051
ASV524	0.001764786	0.001810037	0.000633513	0.001357527	0.000814516	0.00099552	0.001221775	0.000950269	0.001131273	0.000271505	0.000543011	0.000543011	0.000362007	0.000452509	0.000271505	0.000226255	0.000271505	0.000407258	0	0.000271505	0.000271505	0.000271505	0.000362007	0.00099552	0.000769266	0.000905018	0.000633513
ASV1582	0.001764786	0.00049776	0.000452509	0	0	0	0	0	0	0	0	0	0	0	0	0	0	0	0	0	0	0	0	0	0	0	0
ASV1600	0.001764786	0.00099552	0	0	0	0	0	0	0	0	0	0	0	0	0	0	0	0	0	0	0	0	4.52509E-05	0	0	0	0
ASV28	0.001810037	0.001538531	0.001448029	0.001176524	0.001674284	0.001764786	0.003303317	0.006878139	0.020815422	0.034978958	0.044979411	0.032309154	0.031313634	0.020453414	0.018824381	0.012127246	0.013077515	0.010679216	0.009593194	0.007375899	0.005973121	0.004977601	0.003620073	0.003031811	0.002624553	0.002534051	0.001900538
ASV422	0.001810037	0.001357527	0.001538531	0.001448029	0.001040771	0.000814516	0.000859767	0.000859767	0.001040771	0.001357527	0.000633513	0.000633513	0.000633513	0.000407258	0.000362007	0.000226255	0.000407258	0.000362007	0.000543011	0.000543011	0.001040771	0.000724015	0.000950269	0.000814516	0.000859767	0.001086022	0.00049776
ASV70	0.001855288	0.004208335	0.005701615	0.005113354	0.00393683	0.006832888	0.008823929	0.003801077	0.002805557	0.002353048	0.0024888	0.004887099	0.004117833	0.004072582	0.004977601	0.005973121	0.005158604	0.007149645	0.006199376	0.007466401	0.008959681	0.005792117	0.005294357	0.007375899	0.00841667	0.004298837	0.005656365
ASV586	0.001855288	0.001448029	0.00199104	0.00149328	0.000633513	0.000452509	0.000633513	0.000316756	9.05018E-05	0	0.000135753	0	0	0	0	0	0	0.000181004	0.000543011	0.000678764	0.000905018	0.000678764	0.000588262	0	0	0.000452509	0.000814516
ASV964	0.001900538	0.005113354	9.05018E-05	9.05018E-05	0	0	0	0	0	0	0	0	0	0	0	0	0	0	0	0	0	0	9.05018E-05	9.05018E-05	0	0	0.000135753
ASV65	0.001945789	0.002850808	0.002760306	0.003484321	0.003393819	0.00543011	0.004479841	0.002353048	0.00199104	0.001855288	0.004660844	0.00543011	0.006018372	0.005701615	0.008054663	0.005611114	0.00642563	0.005068103	0.006878139	0.005882619	0.004887099	0.00642563	0.006108874	0.005656365	0.005837368	0.007556903	0.00493235
ASV80	0.00199104	0.002126793	0.00294131	0.003665324	0.0024888	0.003122313	0.005294357	0.005792117	0.006380379	0.008823929	0.00837142	0.007194896	0.010950722	0.008597674	0.007149645	0.005746866	0.006606634	0.005203855	0.005565863	0.003846328	0.004027332	0.00298656	0.002760306	0.002217295	0.002217295	0.00149328	0.00199104
ASV208	0.00199104	0.002443549	0.00298656	0.002534051	0.001945789	0.001810037	0.002805557	0.003122313	0.0024888	0.002398299	0.001810037	0.001312277	0.001855288	0.00298656	0.002579302	0.002534051	0.001674284	0.001448029	0.002081542	0.001719535	0.002669804	0.001810037	0.001764786	0.001674284	0.001267026	0.001719535	0.001040771
ASV1749	0.002036291	9.05018E-05	0	0	0	0	0	0	0	0	0	0	0	0	0	0	0	0	0	0	0	0	0	0	0	0	0
ASV367	0.002126793	0.001674284	0.001810037	0.001810037	0.001221775	0.00049776	0.000859767	0.000678764	0.000362007	0.000633513	0.000316756	0.000633513	0.000362007	0.000769266	0.000407258	0.000543011	0.00049776	0.000452509	0.000407258	0.000678764	0.000588262	0.000633513	0.000407258	0.000588262	0.000678764	0.000543011	0.00049776
ASV113	0.002172044	0.002443549	0.001810037	0.001312277	0.001357527	0.001855288	0.001855288	0.002715055	0.004072582	0.004163084	0.004525092	0.004525092	0.004887099	0.00294131	0.003077062	0.002081542	0.001855288	0.00199104	0.001583782	0.001674284	0.001945789	0.001267026	0.001221775	0.001131273	0.001629033	0.001674284	0.001583782
ASV179	0.002217295	0.002534051	0.002579302	0.002443549	0.001674284	0.001629033	0.002353048	0.002896059	0.002353048	0.002353048	0.001719535	0.002579302	0.002081542	0.002579302	0.001810037	0.002262546	0.002307797	0.002126793	0.001402778	0.002081542	0.002172044	0.001629033	0.001402778	0.001267026	0.001448029	0.00149328	0.001176524
ASV1761	0.002307797	0	0	0	0	0	0	0	0	0	0	0	0	0	0	0	0	0	0	0	0	0	0	0	0	0	0
ASV1651	0.002353048	0.000316756	0	0	0	0	0	0	0	0	0	0	0	0	0	0	0	0	0	0	0	0	0	0	0	0	0
ASV117	0.002398299	0.001674284	0.002036291	0.002353048	0.001583782	0.00099552	0.001538531	0.001674284	0.002443549	0.002353048	0.002262546	0.003710575	0.002715055	0.003122313	0.003303317	0.003801077	0.002398299	0.001764786	0.002669804	0.003393819	0.004615593	0.003574822	0.003031811	0.002398299	0.00199104	0.001674284	0.001810037
ASV136	0.002398299	0.002534051	0.002126793	0.001538531	0.001448029	0.001583782	0.001040771	0.001583782	0.000407258	0.001086022	0.00049776	0.001267026	0.000633513	0.000724015	0.000905018	0.001855288	0.001221775	0.001267026	0.002307797	0.002896059	0.003212815	0.002896059	0.002579302	0.004615593	0.003755826	0.004841848	0.003167564
ASV115	0.002443549	0.00099552	0.002081542	0.002624553	0.0024888	0.002534051	0.00298656	0.002624553	0.003710575	0.002307797	0.002534051	0.002172044	0.002398299	0.002624553	0.001810037	0.004615593	0.003710575	0.00493235	0.004344088	0.004117833	0.003801077	0.003484321	0.003303317	0.002896059	0.002262546	0.002081542	0.001583782
ASV191	0.002443549	0.003258066	0.003665324	0.002805557	0.001267026	0.001312277	0.00149328	0.001086022	0.000905018	0.00099552	0.000814516	0.000814516	0.000407258	0.00049776	0.00049776	0.00049776	0.000724015	0.000950269	0.001221775	0.001674284	0.001719535	0.002081542	0.002036291	0.002262546	0.002760306	0.00298656	0.002760306
ASV1714	0.002443549	0	0	0	0	0	0	0	0	0	0	0	0	0	0	0	0	0	0	0	0	0	0	0	0	0	0
ASV68	0.002534051	0.002443549	0.001855288	0.001448029	0.001448029	0.001900538	0.001945789	0.002624553	0.003484321	0.003710575	0.004208335	0.003574822	0.003348568	0.003891579	0.004479841	0.003167564	0.004072582	0.004117833	0.004389339	0.005068103	0.005973121	0.005294357	0.004706095	0.003529571	0.00393683	0.004389339	0.00343907
ASV174	0.002534051	0.002081542	0.002081542	0.003077062	0.0024888	0.001674284	0.002896059	0.003529571	0.004841848	0.004027332	0.003620073	0.003801077	0.003529571	0.002896059	0.002850808	0.002760306	0.002172044	0.0024888	0.001855288	0.001267026	0.002217295	0.001719535	0.001131273	0.000633513	0.000814516	0.00049776	0.000588262
ASV44	0.002669804	0.003801077	0.00343907	0.006154125	0.004525092	0.005792117	0.007964161	0.013484773	0.023123218	0.034345445	0.016652337	0.010679216	0.010724467	0.017150097	0.021629938	0.009412191	0.009502692	0.009502692	0.006289877	0.006244626	0.004887099	0.004344088	0.005113354	0.003303317	0.003710575	0.002443549	0.002896059
ASV92	0.002669804	0.005294357	0.002850808	0.003801077	0.003212815	0.004389339	0.006516132	0.004751346	0.003167564	0.004751346	0.004208335	0.005837368	0.003574822	0.004751346	0.003393819	0.003167564	0.003393819	0.003031811	0.002715055	0.002669804	0.004163084	0.00294131	0.004208335	0.001900538	0.001719535	0.002036291	0.001538531
ASV54	0.002715055	0.005701615	0.005792117	0.01185574	0.007013892	0.007737907	0.010452962	0.015113806	0.011086475	0.02072492	0.010000453	0.01285126	0.009231187	0.010905471	0.007873659	0.006787637	0.007194896	0.006289877	0.004208335	0.003665324	0.004298837	0.002896059	0.003755826	0.001719535	0.00199104	0.001855288	0.001267026
ASV317	0.002805557	0.006199376	0.007194896	0.006516132	0.00343907	0.002715055	0.002217295	0.001267026	0.000135753	0.000181004	0.000316756	0.000226255	9.05018E-05	0	0	0	0	0	0	0	0	0	0	0	0	0	0
ASV30	0.002850808	0.004253586	0.004163084	0.005113354	0.005475361	0.006063623	0.004570343	0.010045703	0.008461921	0.004253586	0.00592787	0.010950722	0.01285126	0.00742115	0.006878139	0.00642563	0.008733427	0.005792117	0.019050636	0.011765238	0.011041224	0.007466401	0.006787637	0.006063623	0.011448482	0.009276438	0.006244626
ASV158	0.002850808	0.00199104	0.001900538	0.002669804	0.002669804	0.001810037	0.002443549	0.003122313	0.002624553	0.002896059	0.00298656	0.003258066	0.001764786	0.001764786	0.002126793	0.001629033	0.001448029	0.001945789	0.001719535	0.001810037	0.001764786	0.002036291	0.000859767	0.001176524	0.001357527	0.000769266	0.001040771
ASV1446	0.002850808	0.000724015	0	0	0	0	0	0	0	0	0	0	0	0	0	0	0	0	0	0	0	0	0	0	0	0	0
ASV199	0.002896059	0.002217295	0.002217295	0.0024888	0.0024888	0.001131273	0.002172044	0.003258066	0.004072582	0.002850808	0.002172044	0.002036291	0.00199104	0.001764786	0.001629033	0.001810037	0.001448029	0.001764786	0.002036291	0.001086022	0.002172044	0.001267026	0.001176524	0.001267026	0.000814516	0	0.000859767
ASV45	0.00298656	0.005249106	0.003665324	0.00692339	0.005475361	0.007240147	0.010814969	0.016245079	0.020317661	0.042581112	0.022444455	0.000452509	0.015430562	0.017150097	0.017331101	0.009774198	0.007964161	0.008461921	0.005249106	0.004389339	0.003982081	0.003303317	0.003303317	0.001583782	0.001629033	0.001176524	0.001448029
ASV109	0.003167564	0.002850808	0.00298656	0.004525092	0.002850808	0.003393819	0.00443459	0.004615593	0.005203855	0.004389339	0.004570343	0.005973121	0.005565863	0.004027332	0.003303317	0.002443549	0.002579302	0.001945789	0.001719535	0.001764786	0.001719535	0.001357527	0.001221775	0.00099552	0.000678764	0.000633513	0.000588262
ASV110	0.003167564	0.002262546	0.002262546	0.002398299	0.001538531	0.001945789	0.002669804	0.003167564	0.003258066	0.002624553	0.002262546	0.002760306	0.004660844	0.003303317	0.004615593	0.004570343	0.005294357	0.005113354	0.006199376	0.005656365	0.006018372	0.004072582	0.00393683	0.003620073	0.004389339	0.00343907	0.003393819
ASV992	0.003167564	0.00393683	0	4.52509E-05	0	0	0	0	0	0	0	0	0	0	0	0	0	0	0	0	0	0	0	0	0	0	0
ASV1147	0.003303317	0.000407258	0	0	0	0	0.000633513	9.05018E-05	0	0	0.000226255	0	9.05018E-05	0	0	0	0.000362007	0.000362007	0	0	0	0	0	0	0	0	0
ASV137	0.00343907	0.002172044	0.002760306	0.003393819	0.001583782	0.001448029	0.001267026	0.001086022	0.000814516	0.000543011	0.000588262	0.000316756	0.000271505	0.000181004	0.000226255	0.000271505	0	0	0	0.00049776	0.000316756	0.000271505	0.000181004	0.000316756	0.000362007	0.000362007	0.00049776
ASV93	0.003484321	0.002036291	0.002579302	0.002624553	0.001583782	0.001448029	0.001764786	0.001810037	0.001583782	0.000814516	0.001855288	0.002353048	0.00149328	0.001629033	0.001402778	0.005249106	0.004570343	0.006154125	0.006108874	0.00791891	0.009728947	0.007149645	0.007647405	0.007240147	0.007149645	0.007013892	0.005746866
ASV69	0.004253586	0.007964161	0.005656365	0.006606634	0.004525092	0.004117833	0.005384859	0.004389339	0.002398299	0.003393819	0.004344088	0.006470881	0.006878139	0.006697136	0.005701615	0.005611114	0.005882619	0.005475361	0.003665324	0.003212815	0.003212815	0.002715055	0.003484321	0.004117833	0.004253586	0.005249106	0.003303317
ASV91	0.004253586	0.0024888	0.001629033	0.001674284	0.000905018	0.00149328	0.000950269	0.000678764	0	0	0	0.000407258	0	0	0.000362007	0.001040771	0.001583782	0.001131273	0.001719535	0.00199104	0.004298837	0.004479841	0.003031811	0.002715055	0.002579302	0.001945789	0.001810037
ASV59	0.004660844	0.002534051	0.005113354	0.005203855	0.006470881	0.005611114	0.008145165	0.008326169	0.007556903	0.004027332	0.0123535	0.009683696	0.006018372	0.005701615	0.004479841	0.007240147	0.006697136	0.007149645	0.005973121	0.00443459	0.004525092	0.004796597	0.005022852	0.003303317	0.003891579	0.003212815	0.0024888
ASV18	0.004887099	0.005068103	0.009457442	0.010769718	0.013394271	0.012896511	0.012534504	0.017828861	0.014661297	0.011403231	0.021267931	0.019050636	0.012308249	0.016561835	0.01285126	0.032218652	0.025340513	0.025114259	0.020091407	0.017466854	0.021584687	0.01529481	0.017828861	0.012036744	0.012987013	0.018371872	0.013394271
ASV232	0.005203855	0.005882619	0.001448029	0.003303317	0.001629033	0.001945789	0.002579302	0.002850808	0.002398299	0.001131273	0.001448029	0.001764786	0.00199104	0.001267026	0.001448029	0.000814516	0.001040771	0.000724015	0.001040771	0.000859767	0.000859767	0.001131273	0.001131273	0.001629033	0.001040771	0.001221775	0.001086022
ASV127	0.005384859	0.004887099	0.004796597	0.005113354	0.00443459	0.003167564	0.005022852	0.005068103	0.005882619	0.004751346	0.003212815	0.003167564	0.003031811	0.002081542	0.002353048	0.002534051	0.00294131	0.002217295	0.002579302	0.001764786	0.0024888	0.00199104	0.001583782	0.001267026	0.001583782	0.001402778	0.001583782
ASV1029	0.005384859	0.001131273	0	0	0	0	0	0	0	0	0	0	0	0	0	0	0	0	0	0	0	0	0	0	0	0	0
ASV27	0.005656365	0.006832888	0.007375899	0.011086475	0.008914431	0.007783158	0.010633965	0.015656817	0.025974026	0.030001358	0.030182361	0.028915336	0.01977465	0.019412643	0.021675189	0.017014345	0.020046156	0.018100367	0.01429929	0.012534504	0.01185574	0.008823929	0.007511652	0.007285398	0.004841848	0.003303317	0.004344088
ASV67	0.006108874	0.004298837	0.002896059	0.004525092	0.004751346	0.005203855	0.004660844	0.005203855	0.008326169	0.006968641	0.008597674	0.006561383	0.008778678	0.006380379	0.007556903	0.00543011	0.005792117	0.005882619	0.005158604	0.004027332	0.003348568	0.003348568	0.002534051	0.002307797	0.0024888	0.002081542	0.001357527
ASV726	0.007828409	0.003122313	0	0	0	0	0	0	0	0	0	0	4.52509E-05	0	0	0	0	0	0	0	0	0	0	0	0	0	0
ASV534	0.008099914	0.009321689	0	0	0	0	0	0	0	0	0	0	0	0	0	0	0	0	0	0	0	0	0	0	0	0	0
ASV51	0.009140685	0.010498213	0.011448482	0.013303769	0.007692656	0.007602154	0.008778678	0.00841667	0.006787637	0.005158604	0.003801077	0.004570343	0.003212815	0.004660844	0.004208335	0.005339608	0.005113354	0.005656365	0.006470881	0.008733427	0.012217747	0.011538984	0.008280918	0.01086022	0.010769718	0.007602154	0.008461921
ASV57	0.010407711	0.01086022	0.009321689	0.010498213	0.005068103	0.005384859	0.005973121	0.006561383	0.004479841	0.004887099	0.004072582	0.004072582	0.002850808	0.002896059	0.004208335	0.00543011	0.006063623	0.005837368	0.008326169	0.011448482	0.010543464	0.006878139	0.005973121	0.006289877	0.005746866	0.007556903	0.005611114
ASV460	0.010588714	0.010407711	4.52509E-05	0	0	0	0	0	0	0	0	0	0	0	0	0	0	0	0	0	0	0	0	0	0	0	0
ASV74	0.011086475	0.014480293	0.004841848	0.009909951	0.006244626	0.006199376	0.00742115	0.008009412	0.008507172	0.002850808	0.00343907	0.00493235	0.00343907	0.002579302	0.002760306	0.002398299	0.002534051	0.002443549	0.001810037	0.002534051	0.002534051	0.003891579	0.003031811	0.006108874	0.004479841	0.004706095	0.003982081
ASV37	0.011222227	0.007375899	0.00837142	0.008823929	0.007602154	0.007240147	0.008688176	0.010543464	0.011765238	0.008642925	0.01579257	0.013032264	0.009547943	0.013213268	0.008688176	0.01728585	0.014118286	0.016742839	0.012760758	0.01036246	0.011448482	0.009683696	0.0098647	0.008326169	0.008959681	0.009050183	0.006561383
ASV35	0.012444002	0.009502692	0.007828409	0.010724467	0.010679216	0.008642925	0.010181456	0.013258518	0.019005385	0.015747319	0.013168017	0.012217747	0.009276438	0.010724467	0.008823929	0.007285398	0.007647405	0.008778678	0.00791891	0.007149645	0.008280918	0.006968641	0.004796597	0.004706095	0.004615593	0.002896059	0.003982081
ASV22	0.012760758	0.015656817	0.011086475	0.021675189	0.013575275	0.021041676	0.024661749	0.035612471	0.037648762	0.068102629	0.034843206	0.020589167	0.024616498	0.028010317	0.027512557	0.016154577	0.014661297	0.014932802	0.013213268	0.015023304	0.008190416	0.008959681	0.007466401	0.006154125	0.006063623	0.00294131	0.004298837
ASV66	0.013303769	0.011086475	0.010407711	0.009819449	0.005294357	0.005973121	0.005746866	0.005294357	0.00592787	0.006199376	0.004660844	0.005068103	0.005792117	0.004389339	0.004208335	0.003755826	0.003801077	0.00393683	0.004841848	0.004841848	0.006561383	0.005158604	0.003620073	0.00443459	0.004796597	0.004253586	0.003801077
ASV33	0.013756279	0.011448482	0.013620526	0.014435042	0.010407711	0.010498213	0.01434454	0.015837821	0.016018824	0.016471334	0.014751799	0.015113806	0.01185574	0.011131725	0.010498213	0.01086022	0.010995973	0.010271958	0.010045703	0.007194896	0.009638445	0.007556903	0.005384859	0.006154125	0.005068103	0.002760306	0.003303317
ASV465	0.014525544	0.000814516	0.000362007	0.000316756	0.000316756	0	0.001448029	0	0.000452509	0	0	0.000633513	0	0	0	0.000316756	0	0.000769266	0.000271505	0	0.000226255	0	0	0.000271505	0	0	0
ASV72	0.028553328	0.049142495	0.019095887	0.013077515	0.005701615	0.005294357	0.006108874	0.003891579	0.000859767	0.000316756	0	0	9.05018E-05	0	0	0	0	0	0	0	0.000135753	4.52509E-05	4.52509E-05	0.000316756	0.000452509	0.001267026	0.00149328
ASV31	0.0320829	0.025476266	0.02022716	0.025114259	0.021810942	0.019050636	0.018869632	0.019457894	0.017919363	0.01434454	0.015837821	0.011810489	0.012444002	0.008778678	0.009050183	0.00791891	0.007285398	0.005656365	0.005882619	0.005249106	0.00642563	0.00543011	0.004072582	0.004751346	0.004344088	0.004841848	0.004615593
ASV13	0.033214173	0.030861125	0.026019277	0.024118738	0.021358433	0.019457894	0.015385312	0.01678809	0.010226707	0.009547943	0.005882619	0.010995973	0.008145165	0.006878139	0.013484773	0.021765691	0.015475813	0.017693108	0.029865605	0.043214625	0.044481651	0.044029142	0.033983438	0.068600389	0.055568125	0.052264808	0.044210145
ASV4	0.078465089	0.055522874	0.034526449	0.046970451	0.037332006	0.040861577	0.028824834	0.021132178	0.015068555	0.00692339	0.013077515	0.007375899	0.003574822	0.002669804	0.003484321	0.009412191	0.010995973	0.033440427	0.050002263	0.106113399	0.053034074	0.140277841	0.166749627	0.194850446	0.196388977	0.131408661	0.091497353
ASV0	0.28444726	0.198832526	0.137336531	0.217475904	0.189918096	0.230191411	0.162088782	0.099190009	0.05629214	0.015928323	0.021358433	0.010633965	0.004977601	0.003801077	0.005475361	0.01285126	0.01529481	0.046065433	0.042219105	0.054255849	0.0222182	0.056156387	0.076202543	0.099144758	0.113489298	0.221095977	0.132177927