Kingdom,Phylum,Class,Order,Family,Genus,sample1,sample26,sample25,sample2,sample24,sample6,sample27,sample5,sample4,sample23,sample3,sample22,sample10,sample7,sample20,sample8,sample9,sample11,sample19,sample18,sample15,sample14,sample21,sample13,sample16,sample12,sample17
Bacteria,Actinobacteriota,Acidimicrobiia,Microtrichales,Microtrichaceae,Candidatus_Microthrix,7.165724874335521,6.98207322172917,6.566535358219392,6.522701469321364,6.465641865162944,6.259141582102378,6.21914452193417,6.172309688916717,6.128496753167669,6.087066025231573,5.7417796357816755,5.731105925629988,3.6676246645876094,5.647924838239671,5.595162661569596,5.270239367041178,4.796611251381338,4.024649073097977,4.846580735049896,4.7920416462065205,2.581085044867838,2.1217245800634927,4.499908325556439,2.495639133902576,3.2887537212834625,3.1572994317250487,3.5382234691958723
Bacteria,Chloroflexi,Anaerolineae,Caldilineales,Caldilineaceae,Genus of Caldilineaceae,3.2348537560967063,4.88090910186136,4.410371380960777,4.838634426600677,4.550173120937163,4.647781776907587,5.704522990668679,5.487658124543634,1.2430706525500144,4.555353546520507,5.570511747472291,3.82996811218259,3.7835452676122663,2.6778120049971594,3.939012905581449,3.9644689830707875,4.251349923560728,4.063010758201939,3.6512591221196167,4.3650411142942165,3.6297868585129773,2.3621791971801747,1.6661852699688078,3.50591964784459,3.2480209581468342,2.9967145460792963,3.732189983580673
Bacteria,Chloroflexi,Chloroflexia,Thermomicrobiales,JG30-KF-CM45,Genus of JG30-KF-CM45,4.335346914931425,3.1434265878514633,3.4858281209305444,4.3638182350596075,3.3185970696732188,4.390752942470339,3.166791516291479,4.106205283622835,4.272360484618087,3.5166582542928158,3.6865419080947683,3.4097290640462488,5.679899795478697,4.402003827876346,3.882910938083466,4.883484920076672,5.108338018261197,4.935617112227239,3.667577039387322,4.035595709301389,4.726382797779982,4.517757106660971,3.1585348439182073,4.425117604080889,3.877201024389851,3.8358645351718095,3.8479783454906786
Bacteria,Actinobacteriota,Actinobacteria,Micrococcales,Intrasporangiaceae,Genus of Intrasporangiaceae,5.29683820596711,4.925390956363584,4.538222522192834,4.857085820132129,4.469229715374183,4.424627301554323,4.407866192111374,4.557992132401429,4.543754421265236,4.3603162917272,4.4381551467481355,4.242749876194227,4.112251740611155,4.188746158073401,4.476021507731733,4.425274511354209,4.317738272730067,4.33741981348514,4.239789323284353,4.357558275351613,3.9315246652380393,3.8072905711090987,4.264787001107599,3.9171723353457035,4.2590267686674075,3.9874247006095764,4.21746561936677
Bacteria,Firmicutes,Bacilli,Lactobacillales,Carnobacteriaceae,Trichococcus,4.845090094595792,5.162531223300704,4.913526613926763,4.489932310164245,5.076008702398255,3.7014670061491146,4.666990157490037,3.873491864257497,3.797262364486696,4.1944042219682665,3.9299898507596365,4.298692290222517,2.8932191584662243,3.190189572464444,4.350111309238786,3.385251599864327,2.8971811738883995,2.3393092311150436,3.7941032330030104,3.3557266070231178,3.057037983349267,2.284182241847609,4.045105990112935,2.5211822797534724,3.3451881299713175,2.7728319803255834,3.0824963109650225
Bacteria,Proteobacteria,Alphaproteobacteria,Rhodobacterales,Rhodobacteraceae,Genus of Rhodobacteraceae,4.89304976304796,4.017933050462993,4.024264554440527,4.470655209717515,3.9595128839179274,3.6660923341568705,3.695576143213866,3.8208853222870816,4.179056603822591,3.674139397766748,4.151316416027701,3.838558637623943,3.6867206544538598,3.549749061868924,3.757665940158294,3.535025073184258,3.59157217484031,3.4059969914155475,3.421894032964038,3.362860069252403,3.3677648031586216,3.295860167811031,3.7148748081248675,3.321054291609563,3.2887537212834625,3.456224239349564,3.2379954556864603
Bacteria,Bacteroidota,Bacteroidia,Chitinophagales,Saprospiraceae,OLB8,4.6269005683324345,1.6224343968205481,0.5624425509619364,4.880536660126213,0.6344263416923797,2.414837061673019,1.5164541189509269,2.6298463910792833,3.1628897592916525,1.0323667939992482,3.56007474059901,0.6835952152572897,-0.5228121156028473,2.316064219401971,-0.24473915750092168,1.8837141028193498,0.4453942215600035,-3.6777651443387134,-1.0088268653127903,-1.9620327311246557,-3.7828412265529483,-2.691719113940387,0.735553983668991,-2.303895067673844,-2.5656084443208202,-3.9069819637049177,-3.902793265032508
Bacteria,Actinobacteriota,Actinobacteria,PeM15,Family of PeM15,Genus of PeM15,3.9918335899611437,3.3589113492171023,3.252272205950618,3.519535603264873,3.094174879576756,3.3148822188008706,2.8947592454693227,3.1601665037584707,2.905019366681496,3.091062992447868,2.794694143290152,3.1091005338252895,4.5505014846076275,3.244552140915666,3.4623100054373586,3.646845849636588,4.3096168319417645,4.709248578327729,3.4423759099894347,3.613091940017623,4.0924853341373275,3.920668568877681,3.0130523034077172,4.368103187643724,3.545303585075603,4.237185032376432,3.7273643105477228
Bacteria,Bacteroidota,Bacteroidia,Flavobacteriales,NS9_marine_group,Genus of NS9_marine_group,2.9844706473394167,4.694845559707201,3.7970276695353173,3.5180525953294683,3.8314651209386144,2.4116861670766223,3.4492461157986325,2.3877710791752067,2.813549885309179,2.992003335726773,2.9964277456700907,2.708267393717801,1.4148824959705948,2.1962695041581473,2.193459995251885,1.7875388465739697,1.5630880745594524,1.6306009130301389,1.833135878404267,1.821312075733581,1.7198865550443925,1.2649661225889552,2.2497039240294567,1.623069149171588,1.6208942531068402,1.9105895207225796,1.968329437342728
Bacteria,Proteobacteria,Gammaproteobacteria,Burkholderiales,Comamonadaceae,Genus of Comamonadaceae,2.7414648943437774,4.5378975775899795,4.331845366447681,3.4505221276220004,4.320348881460626,3.2889696849587553,4.242416940698632,2.942419855095938,3.193586948312289,3.5649883484659077,3.6006530851497716,3.5861728963589385,2.1237764295767763,3.1430891476897846,3.275397029783398,2.5686472636244195,2.2035141966357834,2.2056151528181918,2.7936797556211523,2.7238609301557686,2.5902436896040575,2.368977198073244,3.430662495375247,2.4493058414737234,2.6975946891915967,2.5500023826325986,2.7698463208697
Bacteria,Proteobacteria,Gammaproteobacteria,Run-SP154,Family of Run-SP154,Genus of Run-SP154,2.9687143401670637,3.440315405781539,3.2337135005608504,2.9099426488376707,3.3057516008441397,2.9463729415975077,3.241551881637645,3.077566748999991,2.6584445814774416,3.2680998098793506,2.5705613924790676,3.4356578061207297,3.6207544418703974,3.165794780239753,3.7162697480462508,3.323984048116467,3.6442544346347874,3.5846857884421057,3.550367797950391,4.106114526771746,4.4964695544783835,4.3117053404430665,3.4252193873376595,4.219726612260552,4.116177698664205,3.9356351018519655,4.153613408071532
Bacteria,Bacteroidota,Bacteroidia,Chitinophagales,Saprospiraceae,Genus of Saprospiraceae,3.5742149802528056,4.386933236091299,4.086963148656091,3.9951885736791706,4.181681631336897,3.2981156466560853,3.922492637070003,3.490434974280559,3.3907263340995373,3.8296618563535683,3.275592546065689,3.5059752257954995,3.020666310277094,3.6375326047093273,3.1333446271999232,3.5437801259043535,2.702069263708716,2.895320266612349,3.1489921701720602,3.237533744101452,3.521803421196555,3.4496522501989175,3.26080491523418,3.6221471900269977,3.3431283278351565,3.4427985252637496,3.381122200029926
Bacteria,Actinobacteriota,Actinobacteria,Propionibacteriales,Propionibacteriaceae,Genus of Propionibacteriaceae,4.133206628432916,2.9627216827237,2.687693628673067,4.051589180350453,2.896072903706835,2.843243054131406,2.6433265379594033,2.916931700888627,3.217237777697332,2.18009201316666,2.489117766334841,2.301583542524811,2.1786655982787497,2.8285933546750375,2.074087948568522,3.0193514890807087,3.0637090598003383,2.4016818930503474,1.6976773673739523,1.7474941142133682,2.118527676735167,1.8661111007472995,1.6836394763375022,2.295839515262375,1.6623390804904856,2.386789423059424,1.8087821760750673
Bacteria,Patescibacteria,Saccharimonadia,Saccharimonadales,Family of Saccharimonadales,Genus of Saccharimonadales,3.2324167502704944,3.5700166930441943,3.473433596060837,3.2508407894688336,3.3453578354213747,2.49636199177378,4.132487500423542,2.612496513078094,2.88635552246277,2.6598196573840314,3.0041389282266158,2.9733842207130863,3.630806069412417,2.7950104298264655,3.4044243233712934,3.2534333239179256,3.393136237163877,3.215441993750928,3.389472265479689,3.2737042632549467,3.2489009118634917,3.123642472694326,3.002002173877543,2.9665972406482632,2.9671065815377355,2.633093357773439,3.020704489307918
Bacteria,Chloroflexi,OLB14,Order of OLB14,Family of OLB14,Genus of OLB14,2.572480738120105,2.5868676812121665,2.531883197427444,3.104993745274327,2.5436969914041825,3.29159136358414,2.2855720953771668,3.211136515245662,3.6024506265165903,3.0086003666224377,2.93084748701531,2.710302792435363,4.0882778575690395,3.3591165261260256,2.822161750335705,3.7461171062926097,3.4203492466794896,3.505473042997997,2.8788298375560366,3.2913104517816576,3.4296978814809402,3.4872560961599683,2.642666680146002,3.4309549432841107,3.0216504478396393,3.6482558834305614,3.247810974181683
Bacteria,Actinobacteriota,Actinobacteria,Micrococcales,Family of Micrococcales,Genus of Micrococcales,4.028819233285949,3.8578501174328075,3.5716256222400506,3.1488791666055462,3.3249584520704545,2.8814486033008455,3.243187683155936,3.0152038700235275,3.0444395142643943,3.386387794920103,2.956953850944898,3.138680358961656,2.986333348017226,2.87168512755533,3.277513575645786,3.141450283327152,3.264004929615923,3.5220446840045163,3.2623845419402424,3.636534270682546,2.906156674237219,3.138398098039059,3.0121361087371112,2.8266640892432697,3.332070481322257,3.126484250678555,3.238981354398183
Bacteria,Actinobacteriota,Acidimicrobiia,Microtrichales,Microtrichaceae,IMCC26207,2.6798031681641685,1.9776304711922146,2.340215778215252,2.145635923503403,2.3151686289549547,3.4134577212095305,1.378741026444784,3.1802061691794448,2.847949144673625,2.992003335726773,2.153069382261604,2.7264385378577725,3.6644062436187195,3.327155210391887,3.4719302055832357,3.607480024853417,3.880056456897438,3.889286737747883,3.6915652594907056,3.8085314808447084,4.028580851192057,3.6067756385214165,2.6492763414194576,3.8107601151005466,3.6657687835123975,3.4240388221817,3.7273643105477228
Bacteria,Actinobacteriota,Thermoleophilia,Solirubrobacterales,67-14,unidentified_67-14,3.056826252090465,2.4760685177727906,2.5142874355370646,2.952637958531751,2.851266585443655,2.7419442223532906,2.382885179386702,3.0229734274006956,3.0147589867459583,2.7078963378271395,2.6325914812220743,2.761819280760534,3.9873526802615076,2.8317336832800866,3.1598542421563476,3.2989933770432955,3.8239699448302873,3.948942990955811,3.0761737034028735,3.408512206940803,3.5501301935326453,3.300319253713102,2.7892150800095497,3.4147473942388338,3.113944216604969,3.6919967674810437,3.379411047351618
Bacteria,Proteobacteria,Alphaproteobacteria,Rhizobiales,Hyphomicrobiaceae,Hyphomicrobium,3.922093385255101,2.499232257967434,2.615497337468578,3.437738425848436,2.577737470521897,2.8893091906423827,2.6069391792234846,3.3303732234451955,3.2918823194793614,2.5816713463195313,3.11181471004444,2.7163842489303445,3.4494585905114556,3.145383051431198,2.731497286606677,3.320027272099127,3.5349190654433094,3.1852136706826224,2.76914099820788,2.940908602742108,3.0162010365752243,2.829500869512442,2.6293148330426925,3.039279229871399,2.792553171696345,3.1124777793472855,2.787026108412098
Bacteria,Proteobacteria,Alphaproteobacteria,Rhizobiales,unidentified_Rhizobiales,Nordella,3.8922715766015585,2.1458835422933547,2.450143313931326,3.4312847644038165,2.639386018780969,3.010810873600321,1.996215357727614,3.099313337654591,3.2196951076127363,2.309543262316592,3.2177389708030955,2.4855334938992346,3.3585197902361923,3.069235224020413,2.5232693193770306,3.254492168942712,3.3248915367140466,3.222858427953219,2.6570983641172754,2.7708360182344087,2.801119034453447,2.6873439342256473,2.4645727213063573,2.861658286763685,2.6156880780131164,3.011126644517895,2.7047618710636128
Bacteria,Chloroflexi,Anaerolineae,Caldilineales,Caldilineaceae,unidentified_Caldilineaceae,1.779328484206058,3.1961178878842027,2.915799969329405,3.006044278160333,3.1236873701514654,3.1497727277077834,3.742293622352897,3.874318083592154,-0.05286517111598599,3.077498361123408,3.6115921597692733,2.449241692704046,2.7017406737837506,0.926165474711973,2.7333206533479055,2.679889407218127,3.09328067589525,2.9236231925439338,2.3341016360458866,3.3977834827982876,2.7204221958618824,1.3180261837462517,-0.07124119403682361,2.4649900162722993,2.3369523096398774,1.9931071864817396,2.737833500737745
Bacteria,Actinobacteriota,Acidimicrobiia,Microtrichales,Family of Microtrichales,Genus of Microtrichales,1.8594997597434046,1.8546398886841757,2.061879568181708,1.9014974495892663,1.9826854696274792,2.8554663907331896,1.4979043672484318,2.3914162956707594,1.9411134536973664,2.4968941846873536,1.6128183353502434,2.43058962535701,3.0434170876978346,3.1396383955599045,2.9834457431387476,3.3030340912276017,3.2667307067784765,3.569128238165819,2.9627682960301325,3.3107538168416877,3.7916508608443205,3.3953213499147328,1.8836989325958458,3.8576794276029047,3.1872522865805917,3.6427377179065417,3.419691603337579
Bacteria,Firmicutes,Clostridia,Peptostreptococcales-Tissierellales,Peptostreptococcaceae,Romboutsia,3.7970673148245835,2.1858276963502226,2.357668228166478,3.2391403100109812,2.3366936976458605,2.818338808014703,2.2011980263872033,3.1170810825515067,2.9249903432987354,2.1503377944818665,2.656799760442934,2.392208184168462,3.2917791017179923,2.7154929672446233,2.484312534891619,3.0651455170548108,3.4748626060899386,3.0646804086237376,2.39851083854089,2.585865866224606,2.567187854516459,2.624644248085791,2.299525407056695,2.5783618393047485,2.180590678401934,2.7728319803255834,2.2974482769484226
Bacteria,Nitrospirota,Nitrospiria,Nitrospirales,Nitrospiraceae,Nitrospira,-0.40012462858718223,3.0717875732921476,2.5689773218336844,0.4327996658632829,2.3743084140323187,1.8619711241328698,2.553012843041504,1.035571699428993,1.0152478516227292,3.309554912835459,1.6900482602599336,2.7828403252278413,2.2672049438403103,0.1995429799166093,3.289075173623944,0.5293160134254355,1.3186635739860986,1.6233112693944047,3.7851495987374264,2.8313748144292568,3.52896069434893,3.247329527837702,2.6198613223506984,2.5583138116075412,3.2343216038234623,2.20337967349083,3.056818054383114
Archaea,Halobacterota,Methanosarcinia,Methanosarciniales,Methanosaetaceae,Methanosaeta,0.7082917262777322,1.565835327504022,2.496376508970534,3.2604876873579602,2.000726051431779,3.0364809322951842,1.378741026444784,3.412293111192805,-1.2982154154915273,3.67037212786178,2.0018602608712426,2.7123340567187837,0.9209639847154474,1.1432267950099115,2.6999802915650593,-2.2291557736702776,1.0828758696287908,1.7340119010536483,2.9280574636022507,1.486346976801002,0.7794888769576067,-0.36350892654423017,1.6448299543947131,2.366968160109251,0.8391131427748855,2.031945532711627,1.9648120604000905
Bacteria,Proteobacteria,Gammaproteobacteria,Burkholderiales,SC-I-84,Genus of SC-I-84,2.749406492430013,2.3840871160325294,2.5883954076907862,2.6846193759633605,2.4607056114354684,2.6641427532068516,2.3394552299314118,2.5948402940100266,2.6964324920914393,2.595588366367706,2.5916685144667255,2.575551937377055,3.6106007523551513,2.8238642933669125,2.83869279638522,3.0457757110491332,3.257157802777006,3.5575635448750016,2.87734463414444,3.001005250395762,3.2582934204630516,3.3205787679144145,2.5378912162416016,3.610194735131714,2.98496506555907,3.1494010387757396,3.040127217562823
Bacteria,Actinobacteriota,Acidimicrobiia,Microtrichales,Microtrichaceae,Genus of Microtrichaceae,2.7533537651429505,2.8113827650187604,2.995690342476027,3.0377306495718877,2.997825067245925,3.167713902913091,2.1918878930547816,2.9528511236719535,2.949405938985815,3.1734635367701562,2.4916857407662922,3.260751929032482,2.50404193936442,3.1934704994474785,3.5069934278614974,3.1052548951155154,2.795694458972216,2.7062839489972896,3.257315123641769,3.307539395791098,3.592007747187168,2.8049795109198588,2.8427412815468402,2.914085856924131,3.277074339423789,2.6956412304376247,3.4351982819129416
Bacteria,Actinobacteriota,Coriobacteriia,Coriobacteriales,Coriobacteriaceae,Collinsella,2.3396603684021215,3.475430494336883,3.3746024858203203,2.4336028573452584,2.726712992480369,2.5472390364157986,2.739767295390471,2.4884343446531947,2.2814918870418746,2.6441444590067027,2.1849403924301427,2.5279016885679697,2.0496240604196476,1.9789370140829075,3.066437320410076,2.8537387290529406,2.723385157182123,2.364029616663112,3.3550426055163514,2.238106401209193,2.408263451653518,2.310862914989385,2.6466377171062616,2.973305803674492,2.1194096727015834,2.7115634197295346,2.502334827665999
Bacteria,Proteobacteria,Gammaproteobacteria,Burkholderiales,Comamonadaceae,Simplicispira,1.308321457919548,2.6329844402262186,3.449336044481776,1.8939958399546528,3.473477666858539,1.3882545351132523,2.578752530324911,0.9922951533320479,1.1695702503680865,2.783982605570179,1.9976658383364736,2.7163842489303445,-3.625708682434646,1.2246542509259521,2.196580744083229,0.31391531361716307,-3.639103469404424,-0.5418590661214076,1.2917493305343424,1.0008177780146053,0.05446418307761913,-0.14599009695219234,2.4629866056269867,-0.4733760330087158,0.20275879752969495,-0.876124726941697,0.44048440219371354
Bacteria,Actinobacteriota,Actinobacteria,Corynebacteriales,Mycobacteriaceae,Mycobacterium,2.836470666689033,1.458355864263038,1.5815906682757994,2.229810940351345,1.629807825941067,2.7166770383013885,0.5359502148019013,2.635563429475522,2.2624974789021506,1.6517422740839525,1.9547246056837562,1.6985141861084347,3.3769515618583794,2.7312172058760327,1.8761029588368965,3.1532300181651713,3.452508716798122,3.230220263339344,1.882567590972629,2.0069529608929138,2.1924402228409416,2.21287037589326,1.4978313427896008,2.5763750266742322,1.8921397936120083,2.8180183847187275,2.0966670045931854
Bacteria,Actinobacteriota,Actinobacteria,Bifidobacteriales,Bifidobacteriaceae,Bifidobacterium,2.027531493182913,3.401603074863827,2.79156049207411,1.8398471882941942,2.8410309837124537,2.44275706710088,2.9833477229429155,2.4411014217465796,1.819406735039614,2.420854833431301,2.441729530915741,2.5424366732623422,2.134997936973588,2.1570341759328757,3.0251221351782904,2.297583421520338,2.58809004698021,2.272785896862632,2.723394231217835,2.1326746015259674,2.621654089527423,1.9789831013033767,2.701888238388877,2.314101580385313,2.3647601441908632,2.105370342929537,2.391424705378073
Bacteria,Actinobacteriota,Acidimicrobiia,Microtrichales,Ilumatobacteraceae,CL500-29_marine_group,1.9514426257348214,3.401603074863827,2.943145423219934,2.5014814824398064,2.896072903706835,2.959232009337767,2.6898707482111153,2.5015564962801573,2.333429089184966,2.8757945504420253,2.0184642022554398,2.808970750054014,1.8130695161248083,2.6518786973695816,2.926532308766377,2.1234532534368116,2.0865860879289135,2.660669650473298,2.642167381142553,2.605547458309525,3.1126272316893626,2.626391559699557,2.2157326668340076,2.866133776041589,2.6423581561997853,2.7908280567974595,2.794738589019004
Bacteria,Actinobacteriota,Acidimicrobiia,Microtrichales,Iamiaceae,Iamia,1.8972972236936565,2.282780116220101,2.200629876682023,2.2244144289559573,2.1550501709584777,2.7213188131172386,1.842842861136245,1.9728255347816024,1.8342297312726874,2.3132159817766222,1.5686226246221198,2.319776645763154,2.8247049672671443,2.978719771171143,2.956123060289567,3.3777953150523805,3.3539988154312343,3.146096163640564,2.664481078966385,2.565789118774352,2.8391499499987676,2.5215755631500443,2.1353462436048307,3.020322966661891,2.223612590302526,3.034271038655204,2.5125744597474187
Bacteria,Actinobacteriota,Actinobacteria,Order of Actinobacteria,Family of Actinobacteria,Genus of Actinobacteria,3.277733820734394,3.0356221895417557,2.7802864155008917,2.731324829771128,2.694480139379582,2.2056504768623855,2.539890209863726,1.8982207755549991,1.8821105184013662,2.7323009997680865,2.062752680669732,2.8290332718297435,2.254083400667925,1.8023929450985232,2.6257181781460384,2.012584579194387,2.3499011649924952,2.4050355580313294,2.3568696443508665,2.425732461097513,2.3520292073975737,2.0341367601346683,2.5881551323875795,2.1904260169747616,2.0135170458850267,2.0825874112590874,2.3539322980729187
Bacteria,Proteobacteria,Alphaproteobacteria,Rhizobiales,Rhizobiaceae,Genus of Rhizobiaceae,3.2127039005971287,2.565668253537855,2.531883197427444,2.876680652092716,2.4682020033695773,2.2474228153509657,2.450119502331706,2.319777389635308,2.5566369819217503,2.184271256487593,2.531901036169635,2.313748979894937,1.5504689872909996,2.1415240519629,2.3547578551709476,2.0015317043102545,1.9986625907052415,1.6011179767687187,2.1018383767189466,2.0531514696194595,1.6347282117342656,1.516571276967258,2.3434104469717063,1.623069149171588,1.7772675570172387,1.6015157607558104,2.0524683185107673
Bacteria,Proteobacteria,Alphaproteobacteria,Rhizobiales,Family of Rhizobiales,Genus of Rhizobiales,3.197659982994729,2.750939167457667,2.5577095969873422,3.0614393778798235,2.2931700200098835,2.2694930462492566,2.4020193011473427,2.3841125264480816,2.6278672997460646,2.163198158057491,2.6676127295104344,2.195135955462325,2.5566399656720353,2.326511546082722,2.202793175620129,2.5495556446012513,2.619777025049685,2.4183388662306253,1.985590823852621,2.2719251004050705,2.0307684519014444,1.972289813031387,2.071684217844008,2.108142502820739,1.9710648461465512,2.2120940511174334,2.1180547264691185
Bacteria,Proteobacteria,Gammaproteobacteria,Burkholderiales,Rhodocyclaceae,Dechloromonas,0.25351523514361407,3.0814280170231463,2.79156049207411,1.1764994704131366,2.878885973899756,2.732829852234576,2.8618012252053378,2.067717142004337,2.926636727064828,2.4468490484964303,2.7600027147168493,2.5825076097441597,2.004038556828524,2.225436587651089,2.0048274189289517,1.595928325694648,1.9075692556590393,2.280399716160445,1.6682358506458241,1.5125273664248047,1.4813169118630247,1.7639847808162301,2.4502062903954736,1.840190139477655,1.3831721176217595,2.1494357639464745,1.5572359762255052
Bacteria,Actinobacteriota,Actinobacteria,Kineosporiales,Kineosporiaceae,Genus of Kineosporiaceae,2.818177906764066,2.2968955327481693,2.196573075986408,1.9014974495892663,2.0300887579102085,2.4053544361435355,1.7306973245237955,2.621209078890092,2.2032485712874452,2.2758672892373433,2.2325826761399465,2.0912131558160354,2.0124828923692135,2.5175095980410056,2.1188556886473506,2.6297753769704935,2.609325865891617,3.0258530199689906,2.1942662160173256,2.4283211587772753,2.054414976932347,2.065213699357222,1.7570127576698864,2.255546020136431,2.2023329771248017,2.5904314594399667,2.279604455597342
Bacteria,Proteobacteria,Gammaproteobacteria,Burkholderiales,Comamonadaceae,Acidovorax,1.906527507079244,2.677067869895418,3.0084062268013296,2.525793336122958,2.8714287485498087,2.6034982791889654,2.6581056600587782,2.2038651334748254,2.2167216906289333,2.3873820546791897,2.430886736106392,2.3346887455073233,1.3679426228836489,2.6018563962269328,2.6277447834042498,1.849801823572772,1.6626471587166565,1.3755056783786825,2.2117691424813914,2.4538461067472666,2.0660318078496305,1.7430904361845245,2.4469855261757703,1.8149595185018024,2.133332591337304,1.8987904769815707,2.036197376414342
Bacteria,Bacteroidota,Bacteroidia,Chitinophagales,Chitinophagaceae,Terrimonas,2.1713486722852826,2.446338293062407,2.76658757114273,3.0035647660112694,2.7410277329640556,2.530565983542754,2.6784362123611665,2.6801598769109702,2.1826922951323873,2.7584756390658507,2.582342528691293,2.6538383878706293,2.324210072238521,2.7312172058760327,2.308483060412324,2.3871344812326916,1.8807200086652864,2.2573821090998196,2.121020025050382,2.0341607812698195,1.6922984301784476,1.4732763244964069,2.5611829117411373,1.296492926244265,1.8921397936120083,1.9749420982750774,2.0096003345714566
Bacteria,Chloroflexi,Anaerolineae,C10-SB1A,Family of C10-SB1A,Genus of C10-SB1A,1.2391373489836912,1.9482716864084315,1.0606893925210672,2.9885571813699547,1.0018184379090815,2.574424193384476,2.0675483055484722,2.6327089958378416,2.8425957358129157,0.5062767604755942,2.589345159155326,0.2688626122374931,0.4696697128988294,2.109762904075456,0.3158553313388177,1.8837141028193498,-0.12451505067056967,-0.17279161098027362,0.09898510901404656,-0.7085015145554063,-0.3261475984600919,-0.9636485361090283,0.024121431073048427,-0.708993837443626,-1.0519485510079312,-0.46561431905501127,-0.25585442588780083
Bacteria,Actinobacteriota,Actinobacteria,Frankiales,Sporichthyaceae,Longivirga,2.1281266722823293,1.5511704600795664,0.8501246234137172,1.7038205686564964,1.1792836337958335,2.0370937679751293,0.9346866993152885,1.7508321554947281,1.4575098459208222,1.5067579327664262,1.278597108021227,1.4307738832004615,2.5168185124504507,1.9641151510905583,1.6561057158786259,2.5080128397669688,2.773654326563208,2.985456952481914,1.6013069835164524,1.8900535366209654,2.5145124626276347,2.336850190075703,1.1170031732003247,2.7308612181909275,1.822298323033186,2.6197155090483095,1.9577399716835062
Bacteria,Proteobacteria,Alphaproteobacteria,Rhizobiales,Xanthobacteraceae,Genus of Xanthobacteraceae,2.9718855251013894,2.351445311303502,2.2859529196558848,2.606511618995283,1.6720808815010502,2.141595401370192,1.745422827295176,2.3914162956707594,2.3940726353789596,1.8091570890992719,2.2457880150035443,1.7369162226949886,2.02916060747239,1.906490335713472,1.9505370944594587,2.37445764178568,2.0954069706012026,1.803580304281728,1.6976773673739523,1.9205842877859682,1.6753726736890053,1.816351097763543,1.9061106439737632,1.7802968400475745,1.8032471696466645,1.8120527106215887,1.9891777817182197
Bacteria,Verrucomicrobiota,Verrucomicrobiae,Verrucomicrobiales,DEV007,Genus of DEV007,0.7674109349725455,1.996734817141161,2.84397423475815,0.6891126232527292,1.1927434638779335,2.6342801647965945,1.3356407735655313,2.969318078617473,-0.2688164412408822,2.3975420552837354,1.4377732006220096,1.2641242754528292,-2.111961803101061,-0.45351433474048175,0.3944253793829908,-0.42167479815924747,1.2183149016332244,0.8437244290175938,0.36973034051914944,0.10259934333344578,-1.58430490667293,-0.7380776062819807,-0.3725490067010373,1.2451314550858177,-0.9463155944450135,1.9822477774802714,-0.6976319748356259
Bacteria,Chloroflexi,Chloroflexia,Chloroflexales,Chloroflexaceae,Genus of Chloroflexaceae,1.7034851883477922,2.955493381923115,2.7073986997523996,1.3847018567963065,2.430145119551665,0.8255853224355079,2.24205315029851,1.6792874858615283,1.23417315849849,2.5647111568583227,1.5018921575384727,2.5205541961137055,1.8631183483939413,1.5769170688759937,2.30289545749347,1.3444953646170807,1.3375791449759662,1.3848357122367805,2.5760993927959612,2.4762744470882136,1.7572743079750284,1.8280559034135209,2.369891717918894,1.2451314550858177,2.1356343474403356,1.7358717705292026,2.464578907683185
Bacteria,Actinobacteriota,Actinobacteria,Propionibacteriales,Nocardioidaceae,Nocardioides,2.363213062152793,2.948212452141143,2.54344401982852,1.7656201905642224,2.398621162694731,2.12070651610287,2.5131167525879823,2.0108049685478644,2.2720397807366446,2.3941668449474474,1.9098563661517876,2.1463125032482866,2.5615079726352725,1.8985498961642637,2.2481955191444767,2.190054626244433,2.4775699607121027,2.629061583518374,2.3341016360458866,2.234974497121871,2.394498567500216,2.1530387024964632,2.150648052830565,2.3863947861761385,2.0885614170116273,1.9967009406968987,2.420885049928863
Bacteria,Bacteroidota,Ignavibacteria,SJA-28,Family of SJA-28,Genus of SJA-28,1.6335590666713369,1.2009624415965305,1.7151220609003222,0.7848672564954899,1.529993646781655,1.6010338147281598,1.8294934213903504,1.6181215051355444,1.7255350689874174,1.2872580483547527,1.5686226246221198,1.1450498679072503,2.58549876544949,2.359730693969735,1.2451051766407693,2.9000486332355067,2.549806410249726,2.036836767531568,1.5295752732363601,2.1326746015259674,2.429900601177236,2.718075378968205,1.5584630313717476,2.525376750593111,2.1310255249277343,2.2490027112964857,2.3199321898173206
Bacteria,Proteobacteria,Gammaproteobacteria,Pseudomonadales,Spongiibacteraceae,BD1-7_clade,0.901516919025009,2.8957052619275068,1.9223501569086325,2.3271713364135245,1.8872516535267927,2.408525312953784,2.3905828172953845,2.181674785108685,2.609965402271648,2.2643851450743657,2.3544515007295628,2.1814279283059834,2.423752010045191,2.2109593819803797,2.274479302338409,2.0052295865670633,2.3010660868897848,2.8870843704400535,2.1552583729011463,2.1668315292758065,2.2893686855723336,2.400104108240381,1.9986539556652954,2.3371017395112865,1.6399459982868088,2.3241532456152134,1.8005109350283206
Bacteria,Actinobacteriota,Actinobacteria,Actinomycetales,Actinomycetaceae,Genus of Actinomycetaceae,2.825535214217445,2.3646301648977506,2.244201124975663,1.6183027445290765,2.441715025775628,2.0597838091128002,2.0833114543091202,2.181674785108685,2.0959615554934716,2.1329292564504385,1.9414742419073718,2.2220008410995966,1.9428431063846041,1.937636217820022,2.381010479738288,2.034330447154656,2.389941724809045,2.051247517582662,2.2402766480115535,2.461378250965362,1.6347282117342656,1.7260548228197825,2.090290653202171,1.7023897126630567,2.234084962928115,1.5240266075600513,2.121073113189185
Bacteria,Firmicutes,Clostridia,Clostridiales,Clostridiaceae,Clostridium_sensu_stricto_1,2.7767156926021803,1.3006635968463565,1.5510539444157176,2.1801607296036005,1.2822070961802492,1.7461482431700182,1.3356407735655313,2.1771770081729667,2.092179287392426,1.1085669303391343,1.8724534832454047,1.5479033802122144,2.004038556828524,1.8620163825231932,1.4875294609398617,2.0660875079170467,2.008290262433011,1.9821461507379032,1.262293978566868,1.431835654467391,1.528543577769434,1.3926840374632041,1.3498920605026568,1.4426227303037722,1.09703570240882,1.8987904769815707,1.2423570811354772
Bacteria,Bacteroidota,Bacteroidia,Chitinophagales,Chitinophagaceae,Ferruginibacter,1.8785770621242817,2.3108144744004058,2.505372071879112,2.5573161644772657,2.5910357039719045,2.2286514130822592,2.588236630812516,2.307981667170205,1.7942027638570313,2.7584756390658507,2.309319142512214,2.4956651799169904,2.6250069491123993,2.3213015260096475,2.438897566536742,2.110248488654598,1.7654755376897917,2.612874828566624,2.0281793575107105,2.26586070557168,2.2924432564803823,2.415311613441088,2.583944429478054,2.326944699094324,2.1538601171990184,2.636882957591789,2.182441510462117
Bacteria,Actinobacteriota,Acidimicrobiia,IMCC26256,Family of IMCC26256,Genus of IMCC26256,1.2743275892828336,1.2815027678823512,1.5510539444157176,1.32000071753059,1.7126391693266854,1.2963375836804163,1.1009278672191165,1.408355513071661,1.3360493104218278,2.0741627525991753,0.7730042174936891,2.267344750306852,1.3599005400765645,1.4290480977822906,2.731497286606677,1.6552687938861936,1.3375791449759662,1.7470260107983302,2.328970901254065,2.4787357151232827,1.7780274416380477,1.4452331057427248,2.1614363149871823,1.7212743308616218,1.6985813532120861,1.5467857875790845,2.171038977857826
Bacteria,Actinobacteriota,Thermoleophilia,Solirubrobacterales,Solirubrobacteraceae,Conexibacter,2.721330510660513,1.4253992866027172,1.2451184316545865,2.202532358045209,1.688502115347923,2.0232284360889157,1.114755282856434,2.0318769632600597,2.3423208836553506,1.6374336382029417,1.950327296958231,1.4736975766109959,2.4375893624232123,2.0967705008382023,1.8544041251765941,2.3193870846320435,2.624961927957205,2.3139622250871072,1.8203864887468404,1.907613648029976,1.9775314853332286,2.107160137279924,1.4936554687202426,2.400721032569237,1.5449947211686785,2.4178730086163407,1.8411995235318566
Bacteria,Bacteroidota,Bacteroidia,Chitinophagales,Family of Chitinophagales,Genus of Chitinophagales,1.9426195428878046,2.377643437938902,2.4657930855984542,2.691426630258535,2.441715025775628,1.676220997230792,2.7178978197216965,1.9159378686929607,1.4211135913468151,2.6778021444492595,1.5814505338073106,2.3435304214353723,1.0500291104694455,1.4417163931348789,2.1052932243481397,1.5446131973739101,1.2494907436658629,1.1326759075621187,1.7899901427309404,1.651057039658622,1.7625031082927611,1.6821511396208217,2.20756887587466,1.331628911074981,1.6549302970370157,1.3483139359156207,1.9362185738733189
Bacteria,Chloroflexi,Anaerolineae,1-20,Family of 1-20,Genus of 1-20,1.714678524214265,0.9918287335083793,1.3640703745159515,2.360779013250368,1.3529944739705435,2.490545831490582,1.894526857561897,2.6636683949757867,2.2300156955817325,1.1563211704950458,2.3215549967156663,0.7721428589235089,1.027768019633796,2.300185684243215,0.7419752005808231,1.9482720673858545,1.4608268309106522,1.12065386242541,0.9590681214850472,1.752588502623892,1.9168408500224992,1.6999445774461055,0.6517616031082296,0.8867951611280569,1.6474662135504756,0.5523712861874204,1.4212827009468327
Bacteria,Proteobacteria,Gammaproteobacteria,Competibacterales,Competibacteraceae,Candidatus_Competibacter,-2.9579354608323936,2.6329844402262186,1.6540861703139527,-1.0771797709341566,1.6035587419293478,0.7619409507964852,2.2813044434540153,-0.5279291275843283,0.5752177245443209,2.106234681002368,0.4360294581610855,2.3977822662578756,0.14761955872891352,0.9366503284328314,1.9015349361366969,0.33374725493957147,0.9944748292630612,1.2975554293612657,1.8540301653204523,1.6842468737336596,1.8182846739407346,1.7217501844092524,1.7729635259511696,1.575521355585006,1.489531842075909,0.9790965357915482,1.159166691452941
Bacteria,Acidobacteriota,Holophagae,Holophagales,Holophagaceae,Geothrix,-2.9579354608323936,-3.0328175275126767,-3.308758459945955,-3.2113683774357185,-3.3498482217480277,0.38777342265277515,-3.370184596001578,-0.14134869690602958,-0.9267582737169731,0.1633350717125115,-1.4058310988453444,0.6835952152572897,1.6698475182436718,-0.6368705069228406,0.18505313754328512,0.2519444774359476,0.37433513325108425,2.5768779604063416,0.4736145066172286,-1.1505049376305196,0.025264085428415406,0.27967562959037284,0.14398184002184067,0.6302925211692418,-0.5400336086829576,0.5056780758350037,-0.923264842873551
Bacteria,Patescibacteria,Saccharimonadia,Saccharimonadales,LWQ8,Genus of LWQ8,0.20434064789648243,1.1359924506035908,1.2451184316545865,0.6636694208825968,1.2943584654983855,0.5216915071333297,1.8625387148164645,0.40842145176935674,0.12463263155152227,0.7951968802845002,0.13430605184541378,1.3705166892624412,2.575971403384263,0.6485389613931529,2.070559813723719,1.0566354666223479,1.6693931771411563,2.3212700216329827,1.8373498074829548,1.946031510266086,2.502143687308929,2.21287037589326,1.4421355569020822,2.0044813053898247,1.8064476733237615,1.894826321074678,1.6862531228094388
Archaea,Euryarchaeota,Methanobacteria,Methanobacteriales,Methanobacteriaceae,Methanobrevibacter,-0.496913744002871,1.2420432286984786,1.3356324391954182,2.545611241952911,1.5488984689193037,1.3154093114510719,2.0833114543091202,2.3352916528937024,-2.421433643839248,1.929110310658083,0.8940999052769429,1.2378770598340392,0.8428466259929817,0.1549688941027929,1.2206013879290936,-3.6741864935220603,1.418532275774525,1.2130113264079379,1.2917493305343424,0.8623398468233399,0.8976607022927015,-0.040093274002708235,0.9938474493431881,1.4426227303037722,1.064018744263591,1.5523955592344159,0.802952629019364
Bacteria,Proteobacteria,Gammaproteobacteria,Xanthomonadales,Xanthomonadaceae,Thermomonas,0.6124936193054911,1.3379178145000186,1.784991740860808,0.7848672564954899,1.9704750272586429,0.6762287293438254,1.75270505379408,0.2966745974319247,0.06889538594930311,2.001764605603473,0.3524948573898339,2.1745027983756673,1.0718054173756348,0.741472870972899,2.4936163085841088,0.5130357329088255,0.9944748292630612,1.0961672978185488,1.9373096819941908,1.9418350221524685,1.7198865550443925,1.5681802106238631,2.1910385892663458,1.3853984783725304,1.7301130098574484,1.2086489037641455,1.8570224468817207
Bacteria,Proteobacteria,Gammaproteobacteria,Burkholderiales,Rhodocyclaceae,Thauera,-2.9579354608323936,0.2092901955899924,0.6985747252865169,-3.2113683774357185,1.1235560112209937,-0.055779771542383116,0.254951794000168,-0.05369792640722704,0.06889538594930311,1.539076636484877,0.01960731189556686,1.4876055811071893,1.9607129647200612,0.08414543203518043,1.832223989130573,0.3909870921217067,0.49010824494316996,1.8157251067219118,2.0723578683805375,2.1933411557374427,2.3520292073975737,2.4739293476633497,1.6973867592128764,2.4804319915432638,2.2526632241799645,2.3267354859180847,2.491989259841195
Bacteria,Verrucomicrobiota,Verrucomicrobiae,Verrucomicrobiales,Verrucomicrobiaceae,Genus of Verrucomicrobiaceae,-1.4379280925341007,0.7601939026454394,0.8808962820804709,-0.23454025450472393,0.12820521706350352,1.1176110573722005,0.7936610276736182,2.4094456887712017,-0.22942877059784728,0.6320227048874214,1.7879992944908425,-0.7928538648063972,-3.625708682434646,-1.698294207550358,-0.6878420234251932,0.6217956802331619,1.7407426382862887,0.30793090045899785,0.19035496006612185,-0.10222609290544238,-1.2165297092576015,0.3669790323839255,-2.0409042420361567,-1.4669589442568665,-1.5461604921782923,-0.2074107395645246,-1.9250829764852595
Bacteria,Proteobacteria,Alphaproteobacteria,Tistrellales,Geminicoccaceae,Genus of Geminicoccaceae,0.09808256993541953,1.8436738331062816,1.9744452687920342,0.9717238161457624,1.8872516535267927,1.414259193409812,1.4301285746022216,1.5359954262177196,1.6576710084007091,2.0788079150093113,1.35337519621433,2.0721507557585532,2.3604846387835448,1.8620163825231932,2.0563214636469995,2.012584579194387,2.3833786466002547,2.0748133365228476,2.0281793575107105,1.7727104280427293,2.0660318078496305,2.2233744560179236,2.2338611041035312,2.014995953170293,2.021280033660429,2.105370342929537,1.8802970768714058
Bacteria,Firmicutes,Bacilli,Lactobacillales,Enterococcaceae,Enterococcus,2.309417311670484,2.377643437938902,2.019117708843627,1.657216135529537,1.9518751762601303,1.0704716724781704,2.158602400515832,1.3167652768387468,1.2251957878130089,1.5703834589692969,1.1199966745195553,1.7206384439503175,0.7581058924606383,0.36028420932769034,1.6614408780161831,0.2730310239378415,0.42226439605708865,0.4114317372203109,0.8523669328767562,1.2478247126407087,0.6293925017672848,0.22338394126094396,1.7408034326301234,0.36017983281983756,0.8474848191118074,0.23255283396406412,0.44048440219371354
Bacteria,Proteobacteria,Gammaproteobacteria,Burkholderiales,Rhodocyclaceae,Candidatus_Accumulibacter,-2.9579354608323936,2.3711579694283698,1.3452018902115688,-3.2113683774357185,0.5101857962408491,-0.17416566183300297,2.1191536860276496,0.2038218520744115,-0.6565239562405436,1.4299795763954197,0.8150200313361369,1.5543840995009992,-0.6961900058484014,0.4987301653356413,1.3736455918152508,0.7331369778361596,-0.12451505067056967,1.0961672978185488,1.3550132759496583,1.0430204298745167,0.9921274030457496,1.20893215919122,1.4767753775152768,1.5083891507238025,1.064018744263591,1.2624001703863597,1.1352235946444562
Bacteria,Actinobacteriota,Actinobacteria,Micrococcales,Intrasporangiaceae,Tetrasphaera,1.8202173360783966,2.3313362367723895,1.5740434626404163,2.0537187905666183,1.5674525197727407,2.0597838091128002,1.7599346326314196,2.042248755523695,1.853658009345449,1.3659009164008307,1.7510386488543208,1.2199881991188928,1.7104689396542057,1.8283823223442717,1.276869968609649,1.8920154766876607,1.9285414029421917,2.1932785328712434,1.2006452476054505,1.6842468737336596,1.0144127224517776,1.0363719123580744,1.1047309100166292,1.2222853095499326,1.5324659025385756,1.5354709437065939,1.2987883233723752
Bacteria,Proteobacteria,Gammaproteobacteria,PLTA13,Family of PLTA13,Genus of PLTA13,1.2743275892828336,1.0902088618159347,1.0606893925210672,0.6636694208825968,0.9520538443109521,1.3154093114510719,0.45961854258546886,1.3167652768387468,1.0693783411882851,1.356402194486865,1.3125239109913363,1.5013228033812416,2.0124828923692135,1.81979402822573,1.6772776775959475,1.270346358606191,1.493419951436703,2.0607405902327907,2.048812218761851,2.041800388376182,2.3196971163203504,2.241495212536405,1.6555646172864673,2.1756903491010684,2.240316145672235,1.8987904769815707,2.0028390535579197
Bacteria,Bacteroidota,Bacteroidia,Chitinophagales,Saprospiraceae,unidentified_Saprospiraceae,1.7034851883477922,-3.0328175275126767,-0.08988263507775329,1.973571967269474,-0.2430359001504696,1.5425677332241747,-1.1164085504657022,1.9560964360472992,0.9097537564170572,0.4605838828015987,1.4154528699433397,0.4000421845669164,0.40885647541550707,1.3834008623108938,0.5987433091163972,1.5562462837196502,0.8528682403655719,0.6699225057148412,0.8410428824833946,1.3667343220395587,1.3641803855212116,1.6685951579699694,0.0943612443212194,2.311513043860696,1.453805956690176,1.2918658788078163,1.7537541954573044
Bacteria,Chloroflexi,KD4-96,Order of KD4-96,Family of KD4-96,Genus of KD4-96,0.5784069295113872,0.36592965954656265,0.8343762664455783,0.36567242092512053,0.08866853941731279,0.7453761759575688,0.7550620273123467,1.1425792099571463,1.2692977803000876,0.7078480059965173,0.9906624875494323,0.7579187582477998,-2.111961803101061,0.3786750084826922,0.8789433227763572,1.6394310902531206,1.7024570678389148,1.7007157820248882,1.073687898529637,1.2308456324704924,1.0680455137177427,2.2668253400978697,1.00754899928301,1.4364238084123828,1.1900100141907197,2.2710567019941763,1.462880336269885
Bacteria,Actinobacteriota,Thermoleophilia,Gaiellales,Family of Gaiellales,Genus of Gaiellales,1.9944267947068113,2.253937108338869,2.089404241571798,1.7396008490614188,1.97659888519014,1.955853319723727,2.2011980263872033,1.8367886358565997,2.110949175241256,1.9398183057131533,1.4079006593338255,1.9407090814551209,0.8562973489445822,1.6911035730607136,2.1617048614330727,1.037390291678296,0.7231027295955323,1.1084855272303855,1.833135878404267,2.0225908115199536,1.3795950803090316,0.22338394126094396,1.4377199766736979,1.2893151179129418,1.219174917655863,1.4082276960344986,1.6336856500787844
Bacteria,Bacteroidota,Bacteroidia,Chitinophagales,Saprospiraceae,Lewinella,-0.3118824738777555,0.8827032144640201,0.02344605022924995,1.2929007521460694,0.3682901433493715,1.7461482431700182,0.28688171615279234,2.1861524225959865,1.7525065930355508,0.38787412588036485,1.7126593103969263,-0.23723327222537893,0.2506798841768303,1.460422915430292,-0.7452097872730468,0.18587805260727297,-0.8701070095087813,-0.4800405130893317,-0.7544364617535688,-0.9052785895570628,-0.6753513310124211,-0.6418862022109568,-0.19915323866259715,-1.0178184824572423,-0.7226818364681398,-0.24045975373309592,-0.513654309517297
Bacteria,Proteobacteria,Gammaproteobacteria,Steroidobacterales,Steroidobacteraceae,Genus of Steroidobacteraceae,2.1281266722823293,1.8868344789646532,1.4361736684172959,2.133857595349232,1.6035587419293478,1.6151314168868387,1.0726858772013594,1.8493806889923583,1.9097758283409094,1.356402194486865,1.9764256979858956,1.378250416698915,1.9955223067839398,1.7153323172033907,1.500113294799923,1.9002485047229225,1.9128536705677162,1.6159680964056458,1.4767177136106397,1.4457445835351441,1.947646516185082,2.1752120739514345,1.550588081123431,1.7165865049093094,1.8285688975300411,1.216506820815404,1.5885206143817685
Bacteria,Actinobacteriota,Actinobacteria,Actinomycetales,Actinomycetaceae,Actinomyces,2.149971171769769,1.7985659876199351,1.7538365730810126,2.0144481032668438,1.5107245344441056,1.8564877658333483,2.0568997823539537,1.6022270169669133,1.6035686563527491,1.5469957065627362,1.723775958949405,1.579894971250856,1.0931176055812148,1.5986716524925146,1.9425350087656739,1.5562462837196502,1.3743695886801426,1.356580329783215,1.7120793282128073,1.8165568383730974,1.4813169118630247,1.3308626789361861,1.7886638566688298,1.4549064717135165,1.5856588143763126,0.6939282929027861,1.6188561414909914
Bacteria,Acidobacteriota,Blastocatellia,Blastocatellales,Blastocatellaceae,Genus of Blastocatellaceae,1.5320002796107381,0.9656433358967424,2.0430996735301123,0.13210643447925463,1.8670211890212691,1.3154093114510719,1.9070410016190884,1.694011775936227,1.4284995890884682,2.036203590413982,1.3208287656744364,1.8195206267612019,-2.413029147190895,1.748295626340897,1.7910161918454852,1.726032042931707,1.2288152126855865,-0.26510153918475243,1.8246543715730263,1.5125273664248047,0.372272342294516,1.7965333929623428,2.141932853333704,0.2235657414588843,1.3124180732811643,1.4146684923086594,1.950617512089357
Bacteria,Proteobacteria,Alphaproteobacteria,Rhizobiales,Devosiaceae,Devosia,2.098237972272657,0.6573333327540141,1.2451184316545865,1.9524897582192757,1.629807825941067,1.0824664742619934,0.7936610276736182,0.9470606968252051,1.3197744905904498,-0.1266771751897009,1.5358139072405406,0.6522468475738163,1.2122509557952235,1.0358626960925763,0.7149231921660215,0.47965778262350955,1.1415532567942899,0.63121912640855,0.874637443173814,0.9339739168117882,0.7072541650550148,0.46258115273799927,0.4114057248874303,0.9595024295529582,0.8221565553650709,0.9282005822244948,0.8577289977198523
Bacteria,Proteobacteria,Gammaproteobacteria,Burkholderiales,Burkholderiaceae,Lautropia,1.714678524214265,2.0784563289419653,1.9382656122145319,1.8398471882941942,1.6803252051609023,1.8454300147790796,1.6929060007608152,2.057607490055921,1.7735719840379085,1.868074533629076,1.767046487234273,1.7096374991296663,1.7870733070105098,1.6093740070922573,1.5724617987543796,1.8102232346738072,1.3652980920191284,1.9188611009619017,1.3061579121852374,1.486346976801002,1.4389822176596976,1.650229835686119,1.5855470108666614,1.7534878457681442,1.3977036603298094,1.7543258117080125,1.4090727652074753
Bacteria,Proteobacteria,Alphaproteobacteria,Rhizobiales,Hyphomicrobiaceae,Pedomicrobium,1.9774541935093808,0.7270688652365029,0.734292807888596,1.421603985319896,1.0018184379090815,1.6010338147281598,-0.0026745882275092114,1.8493806889923583,1.6808078792689045,1.0838064834161774,1.1788879017099836,0.7434894095531064,1.938325296536104,1.460422915430292,1.3877366656717873,1.372681058951743,1.6760939915777264,1.5936093925208423,1.50055552734388,1.2308456324704924,1.6753726736890053,1.5112608130556753,0.9223737548435835,1.5198955069057467,1.2076108256343137,1.7497441298218428,1.1023807455718622
Bacteria,Proteobacteria,Alphaproteobacteria,Caulobacterales,Hyphomonadaceae,Hirschia,1.9426195428878046,1.5511704600795664,1.9693561992845625,1.7128863742516787,1.9329228035985704,1.5939097779468936,1.114755282856434,1.41803309234517,1.736411128806986,1.5149360567914139,1.6551431779710812,1.6585783355176886,1.7870733070105098,1.6146825359698607,1.5063463233027345,1.0078097335493794,1.3652980920191284,1.9770227037867922,1.2164173793686537,1.6950697923410178,1.640636687026511,1.6172558673575672,1.566276451013616,1.730584566295141,1.402500958012987,1.8707055999941682,1.4212827009468327
Bacteria,Acidobacteriota,Vicinamibacteria,Vicinamibacterales,Vicinamibacteraceae,Genus of Vicinamibacteraceae,1.3248946452733321,1.1359924506035908,1.0350469619077298,1.3847018567963065,0.6801002750981286,1.5795076167265663,0.848902080757088,1.6792874858615283,1.8043607074511474,1.3659009164008307,1.4739011153650248,0.6835952152572897,1.9562753482353727,1.435402306037835,0.957251422425287,1.3444953646170807,1.2797239655149024,1.1793688992454703,0.9386193028264582,1.3363817903410133,0.5624206351932592,1.8623700922097193,1.1230832848382697,0.9891140764282538,0.8391131427748855,1.541144368768955,1.2638936930158389
Bacteria,Acidobacteriota,Blastocatellia,DS-100,Family of DS-100,Genus of DS-100,0.09808256993541953,-0.6236852228464116,-0.130704629598009,-0.5263359502639933,0.004572207751889046,-0.09370555455291729,0.3178235854831284,0.555628726687317,-0.021007163945284013,0.4127027808840902,-0.5344290858965621,-0.09312225746558322,0.8013736147689903,0.7157897870373384,-0.14273538247246798,0.8684360452352182,1.0075921542019222,0.2802907257207119,0.33255725942591763,0.6569681631783215,0.509073605186912,1.9416029273221636,0.15998956548179866,0.6441203872536736,0.8883231244031853,1.781383636643473,1.2423570811354772
Bacteria,Bacteroidota,Bacteroidia,Bacteroidales,Prolixibacteraceae,Genus of Prolixibacteraceae,1.584068392850078,1.7513269107484346,0.2747604785101556,1.930953500094117,0.5617485722229709,1.3794338370579924,1.2189874055662804,1.4650641015286974,1.2161370933179958,-3.5463262602522505,1.0021026642122841,-3.7054371827789607,-0.4219536091144924,0.8147867480297073,-3.6406167919265657,0.6650142816076201,0.2709805098652538,-3.6777651443387134,-3.8466054021961833,-3.7591865263673006,-3.7828412265529483,-1.4409698554030097,-1.345691463142285,-1.4669589442568665,-1.8662905560182965,-3.9069819637049177,-1.9250829764852595
Bacteria,Bacteroidota,Bacteroidia,Cytophagales,Microscillaceae,OLB12,1.747525865415951,1.821374228518688,1.91159736513237,0.8295121980945916,1.5488984689193037,1.3705346413711599,1.8227512734346902,1.295220248709585,1.5785504553589593,1.7969452934066785,1.3208287656744364,1.5543840995009992,1.6639073737101242,1.3143491543144465,1.1954820486628455,0.9977518526142983,1.2993832944154846,1.2130113264079379,1.3818950670950123,1.7677177778450623,1.3795950803090316,1.5323355305815811,1.7824132732001887,0.875963035960897,1.4718284332600007,0.6256524992653185,1.9105105061733871
Bacteria,Proteobacteria,Gammaproteobacteria,Xanthomonadales,Rhodanobacteraceae,Dokdonella,1.2914689645347739,1.3913194490008234,1.122058338897359,1.3720921997634816,1.49107681606941,1.6427440475146637,1.8754570180886683,0.8833777929041435,1.3910116746577605,1.3659009164008307,1.606622996615875,1.541380387087142,0.8695695485603743,1.619963033110424,1.2451051766407693,1.4905217156187414,1.1861357640172425,0.5273516291300737,0.5526338478220021,0.771715556288421,0.6293925017672848,-3.9374658604719937,1.242904214521129,0.5277420618675217,0.8306707893714806,0.6256524992653185,0.7685861906882359
Bacteria,Latescibacterota,Class of Latescibacterota,Order of Latescibacterota,Family of Latescibacterota,Genus of Latescibacterota,-2.9579354608323936,-0.12286372851434635,-1.6993205475118538,-3.2113683774357185,-1.0683797601785958,-0.7170463587903235,-0.09036837596966585,-3.40814872177119,-2.124453248546687,-0.536818984872494,-1.2868157173482624,-0.6083326783808065,-1.5353955206259622,-0.2986252987377904,-0.20956905619623267,0.06503218821467449,0.09265870700928769,0.6699225057148412,0.3134393505300057,0.33734443663674796,0.7072541650550148,1.8735513923691354,-0.11208722690804329,0.9891140764282538,0.704321239256549,1.5690384928969365,0.7568631476654568
Bacteria,Proteobacteria,Alphaproteobacteria,Rhizobiales,Hyphomicrobiaceae,Genus of Hyphomicrobiaceae,0.8760960035542151,1.0173459163358158,1.223841033207301,0.6375619233998924,0.9855038682217927,0.601942371579403,0.5359502148019013,0.43451050118657,0.4658030300451248,1.3371297116193057,-0.01124772464800472,1.5924104345852133,1.4814029750429896,0.7287137793391292,1.6825013626477796,1.1031878165262734,1.4772561742346628,1.394079500616468,1.721566679749679,1.7110876608935763,1.7089424671377396,1.854845826094924,1.446531725464082,1.697612303900426,1.7056748118889589,1.5579740368226833,1.8169855645348019
Bacteria,Actinobacteriota,Actinobacteria,Propionibacteriales,Propionibacteriaceae,Propionicimonas,1.849822870902103,1.0422281412852827,0.5198829365431408,1.5982630677639937,0.8252935533237773,0.6939689864247693,0.40528871598724336,0.5089266508133683,0.8847186337739146,-0.3627507216624073,0.1068409959091019,-0.7928538648063972,-0.8311055566521324,0.5613714315766654,-0.6878420234251932,0.47965778262350955,0.6133759972818389,-0.08828733820094214,-3.8466054021961833,-0.8352947320316622,-0.802515459324912,-0.597051540736734,-1.0397669434839036,-0.5610788858297768,-1.3784194933570246,-0.2746384463293037,-0.8619074256040307
Bacteria,Acidobacteriota,Thermoanaerobaculia,Thermoanaerobaculales,Thermoanaerobaculaceae,Subgroup_10,1.6691332108367343,0.9656433358967424,0.5413891417641041,1.5138295182568324,0.8252935533237773,1.2368377978607796,1.2312844699375178,1.1298129322770558,1.7942027638570313,0.991972554131074,1.6128183353502434,0.813640063816047,0.9457034644125262,1.8453407520195073,1.1068785387926825,1.5903549630994807,1.0948900250192084,0.8112969677251822,0.8062803770371314,1.2393712082681692,0.8598007628152082,1.3866710761761336,1.041003385777266,1.5025859401578678,0.5596668132202902,0.9889721017147846,0.9590269688199822
Bacteria,Firmicutes,Clostridia,Lachnospirales,Lachnospiraceae,Blautia,-0.08603653194074923,1.8436738331062816,1.1798779097861853,0.6636694208825968,1.1235560112209937,0.6939689864247693,1.6293023010491998,1.07705281744414,0.7918037212295399,1.4388074643961,1.01341344218166,1.814553015235866,0.5634651601640668,0.26288661981047134,1.713283098361046,-0.16503722055079084,0.8219711429450278,0.7071835821275689,1.4080731044393042,0.6416527181534573,0.7367770862908136,0.9087034149933411,1.5623773723640824,-1.7241582352175087,0.6346073618092136,0.8522923130234981,0.35612172313492785
Bacteria,Proteobacteria,Gammaproteobacteria,Burkholderiales,Nitrosomonadaceae,Nitrosomonas,0.7082917262777322,0.9387537833442856,0.4979040298243653,0.6375619233998924,0.398325800182735,1.2670301535730433,1.0136902038749724,1.784772272317058,1.8391223019192209,0.38787412588036485,1.4879945705599216,0.8403780519276651,1.1544573269345086,1.1765975521816596,0.44954974769638145,1.1649220091569248,0.8974945002488521,1.3755056783786825,0.3134393505300057,0.41771728164182065,0.7933301402339659,0.6554637363543137,0.9074448926807523,0.543051867710644,0.6946547600201143,0.9488708363709524,0.02528861016313222
Bacteria,Gemmatimonadota,Gemmatimonadetes,Gemmatimonadales,Gemmatimonadaceae,Genus of Gemmatimonadaceae,-0.02082355268813174,1.8325861885702075,1.4619261645197108,0.7139244988394626,1.5766020271214485,0.621037690370188,1.114755282856434,0.43451050118657,0.12463263155152227,1.6374336382029417,-0.2588785432241334,1.4595934080686908,0.3661574265478764,0.8029349749796273,1.380715948333484,0.40936139666352656,0.4453942215600035,1.201922467015085,1.247234424710995,1.4388143010948191,1.6465104571924885,1.1647449221638437,1.2156502897750885,1.2600773063117812,1.407275351465798,0.9790965357915482,1.4915679730740328
Bacteria,Proteobacteria,Alphaproteobacteria,Sphingomonadales,Sphingomonadaceae,Novosphingobium,1.7999818828612195,1.474435602902438,1.3162143533383164,1.8238218911458945,1.2699062529107872,1.02099975875164,1.5525522001266427,0.555628726687317,1.4857021801527033,1.1563211704950458,1.35337519621433,1.378250416698915,0.6492125049966537,0.8608372290795465,1.344853404385602,0.35319352655000547,0.37433513325108425,0.5273516291300737,0.8062803770371314,1.2645203102244489,0.7072541650550148,0.7623168390591228,1.428829890162861,0.77280116221882,0.6946547600201143,0.8745746656661773,0.708546357212847
Bacteria,Actinobacteriota,Acidimicrobiia,Order of Acidimicrobiia,Family of Acidimicrobiia,Genus of Acidimicrobiia,1.2914689645347739,0.6928088564235786,0.8343762664455783,1.2790702962315708,0.6801002750981286,1.7212822334583464,0.5359502148019013,1.5099821954930555,1.2430706525500144,0.7259388419383521,0.9314120094046272,0.6198838675172818,1.3353788031948515,1.5546786788394638,1.0881752483096898,1.6014707980024534,1.346904426198451,1.7662350193690184,1.0180193235020747,1.0933861575297357,1.240309771139426,1.0277739917444348,0.3209879833143967,1.2674672911602451,0.9275588934167605,1.5240266075600513,0.9968375624178885
Bacteria,Firmicutes,Clostridia,Peptostreptococcales-Tissierellales,Peptostreptococcaceae,Intestinibacter,1.736696193682194,0.023473902098409383,0.2747604785101556,1.2508219643673506,0.3682901433493715,0.5216915071333297,-0.04556051490626967,0.8833777929041435,1.0480764522628334,-0.08548198768791515,0.9435462854023431,0.3793393972122763,1.164324539429792,0.7157897870373384,0.3559118135141466,0.8684360452352182,1.2288152126855865,1.144555138350471,0.16828318385574015,0.5779316654998121,0.2847827706612618,0.8690187809260159,0.05985791488488257,0.3230138825060589,-0.028554962902124892,0.5674634422896476,-0.05107841502941479
Bacteria,Bacteroidota,Bacteroidia,Sphingobacteriales,AKYH767,Genus of AKYH767,0.506536424730073,1.701745181568639,1.2555897315218818,0.7617743946325009,1.4083819054825053,0.26060350348701444,1.4884988400743477,0.7795365692583456,0.7635898970181385,1.0962633398865744,1.1977720303225494,0.9986579122227921,0.34410414683935464,0.5912795102731083,0.6439071077102687,0.3722688429106853,-0.20882462181669048,0.6887265823593731,0.6940951236466022,1.0532985576112592,0.9099687174932294,0.5215884376739863,0.7706541816628825,0.8083841319442726,0.8557869919423418,0.8061803963865826,0.9686144886087122
Bacteria,Actinobacteriota,Actinobacteria,Propionibacteriales,Propionibacteriaceae,Micropruina,1.5966725735866616,1.474435602902438,1.223841033207301,1.5982630677639937,0.9689187127587591,1.4312273820672923,0.6514954026456286,1.262006532351423,1.6097266169892999,1.4030184638915877,0.5495466190793499,1.0849141619058056,1.1837715962142275,1.4787859199391926,1.4811776591605854,1.4398540368091561,1.6760939915777264,1.570739321704984,1.5122646755540394,1.4662518353071423,1.3000295694397925,0.5636657148282005,0.9443573049010645,1.4048393548286944,0.8883231244031853,1.1178730829574706,1.451170810445066
Bacteria,Proteobacteria,Alphaproteobacteria,Rhizobiales,Pleomorphomonadaceae,Prosthecomicrobium,1.6574152154012554,0.620552860694489,0.6615334536061672,1.2217524098866175,0.398325800182735,0.8998359343764628,0.1878603609837617,1.262006532351423,1.2430706525500144,0.6894238524576703,0.6186441838917913,0.6680438664055446,1.1544573269345086,0.8029349749796273,0.768314632161081,1.084826103544354,1.1184937983659209,0.7431060012302195,0.38781121406350216,0.686912832808737,0.9341394014709685,0.8170902984233139,0.6420026833357673,0.6577596484959161,0.7327723670985389,1.1004450946672941,0.6179317162882567
Bacteria,Patescibacteria,Class of Patescibacteria,Order of Patescibacteria,Family of Patescibacteria,Genus of Patescibacteria,-0.15580077012658577,-3.0328175275126767,-1.3628483108906417,-1.2361089606364697,-3.3498482217480277,-2.292338980331392,-1.253210267181326,-3.40814872177119,-1.709775480495618,-1.244128949085681,-1.6972193471628065,-0.5018741596394669,1.509604327976918,0.059377314042145635,-0.08008999137094897,1.2626198591241709,1.6421316757745439,0.8437244290175938,-0.34539463354290056,0.7442393533569707,1.3485243529156827,1.3926840374632041,-0.45717520040928683,0.77280116221882,0.9578754784810268,0.4566973628240394,0.5764337427259525
Bacteria,Actinobacteriota,Actinobacteria,Propionibacteriales,Propionibacteriaceae,Tessaracoccus,1.6214141229885701,0.45819747909667896,0.12522874453919197,1.2929007521460694,0.8631795521605161,0.05006276628720219,0.6294298008839929,0.2038218520744115,0.5752177245443209,0.5062767604755942,0.33047344878563134,0.827098420210981,0.03270434044992765,0.1549688941027929,0.6290779991688016,0.3722688429106853,0.6325204128095061,0.06191086288225289,0.7824153362066486,0.6569681631783215,0.5271740091453685,0.03256399172460345,0.5387877164567136,0.2235657414588843,0.048478609919335724,0.439822413275996,0.5031978653548475
Bacteria,Chloroflexi,Anaerolineae,Order of Anaerolineae,Family of Anaerolineae,Genus of Anaerolineae,-0.7241356825274998,0.3163935102973072,0.5198829365431408,-0.4450257090599834,-0.2430359001504696,1.550065681273649,1.1939301089896768,1.455833189972127,-3.597719399095248,0.4369298794620571,1.01341344218166,0.33660186791240143,0.4696697128988294,-1.1518453298729021,0.4131398406651199,0.5611023774814701,0.7056308092064265,0.7777826228839686,0.5059753032570526,1.0735432210798237,1.5736401069428751,0.24250209175300252,-1.093918591861585,1.496748855665916,0.15392978278639013,0.48961627108738615,0.73299653808838094
Bacteria,Proteobacteria,Gammaproteobacteria,Order of Gammaproteobacteria,Family of Gammaproteobacteria,Genus of Gammaproteobacteria,-0.7241356825274998,-1.3577814765903113,-3.308758459945955,-0.5263359502639933,-3.3498482217480277,-0.09370555455291729,-3.370184596001578,1.1676329952160156,0.7777963083083446,-1.244128949085681,-0.2998474128617241,-0.27675723580856904,1.557120311001305,0.2422147108317665,-1.2784796104484082,0.31391531361716307,0.5117371869156999,1.0188904216720633,-2.296862668152328,-0.44789997924340064,-0.6753513310124211,-0.11844614648172058,-0.7649654545644804,-0.1228354812507444,-0.22722087398383994,-0.056799764190772706,-0.4725014221614412
Bacteria,Proteobacteria,Gammaproteobacteria,Burkholderiales,Burkholderiaceae,Limnobacter,0.7957095274582056,0.023473902098409383,0.9539214170953612,0.9331129679743855,0.8444159606263089,1.1176110573722005,0.5837819144918086,1.262006532351423,1.2692977803000876,0.9059326668608731,0.7291453548432596,0.8918003543988897,1.5504689872909996,1.2705070126540257,1.0298701891250754,1.0276270070178812,1.164092939826478,1.4988127353759362,0.8062803770371314,1.289052419931818,1.417123247707055,1.3435364846741207,0.7532580777483471,1.4730537162293604,1.2076108256343137,1.2007287504825905,1.390473697931209
Bacteria,Proteobacteria,Alphaproteobacteria,Sphingomonadales,Sphingomonadaceae,Sphingobium,1.3885700727234225,0.5013235838369443,0.354803186183692,1.421603985319896,0.047504137332751384,0.6397751997770493,0.2219686295438068,0.7611308364509046,1.5463709772418843,-0.602295476649255,0.5672737481165679,0.061965525563604906,0.12010490834118581,0.5305412093128439,0.2741271314329774,0.8333140581376384,-0.5152097556790869,0.09618247439217242,-0.0015804393095750768,0.6102996525509425,-0.3261475984600919,0.1430322048162349,0.6517616031082296,0.24426231962426836,0.218519294992638,-0.5086116460935086,-0.19294665956503287
Bacteria,Proteobacteria,Alphaproteobacteria,Rhizobiales,Beijerinckiaceae,Methylocystis,0.34515522343266714,-0.2049347612387198,0.5198829365431408,-0.8195293098227339,-0.13653121813791635,-0.6474310011694993,-0.4771907582453361,-0.9390589441937349,-0.22942877059784728,-0.0078578360515964,-0.7720567614790825,0.42032504547128013,0.09181173055480851,-0.8615679911469556,0.5351654473442542,-0.26707854422910504,0.025375130520481903,0.2226071447852247,0.7579668017328407,1.1506565327165825,1.5416371493137033,0.46258115273799927,0.1111765103829816,0.5121942168136053,1.4400726894928795,0.521485971870737,1.3522044688988766
Bacteria,Proteobacteria,Gammaproteobacteria,Burkholderiales,Rhodocyclaceae,Genus of Rhodocyclaceae,0.38800703941672765,1.0902088618159347,1.0606893925210672,1.0269810488761664,0.6107824905136523,1.1403728209815363,0.28688171615279234,0.13675559431002338,0.7777963083083446,0.7951968802845002,0.6675041375227719,1.0534334772645204,0.71288107626214,-0.26338128362140356,1.0881752483096898,0.0390062394066506,-1.5859926661616912,0.7777826228839686,0.7201353563827393,0.9106614360625329,0.9099687174932294,0.8588465715645048,0.9223737548435835,0.9392626933791615,1.5197781188621935,0.6806409753917606,1.0060709773989585
Bacteria,Actinobacteriota,Thermoleophilia,Gaiellales,unidentified_Gaiellales,unidentified_Gaiellales,0.9971925760955891,0.3163935102973072,-0.26423602222253173,0.952604730185385,0.398325800182735,1.3059189132267175,-0.1864980638562912,1.1920743995314247,1.2069955881489705,-0.4753674718934251,1.01341344218166,-0.06012075392136751,0.8562973489445822,1.1928744103600213,0.7011177156373378,1.3081079636140487,1.5093266114218,1.2873701256760928,0.23308868153872098,0.436840209557797,0.45271949767533304,0.6679159710779059,-0.13315342269820274,1.1504376320534524,0.47865188945410964,0.6939282929027861,0.6313903152053513
Bacteria,Cloacimonadota,Cloacimonadia,Cloacimonadales,Cloacimonadaceae,W5,1.3572390934069594,-3.0328175275126767,0.32882769978043136,0.21617063659150926,-1.364810806285293,0.5005805150073641,-0.6221488075242521,0.6002466892291709,1.478728259100972,-0.9179252082816838,1.2957043811014426,-0.5018741596394669,-3.625708682434646,-0.49629877450852344,0.6290779991688016,-1.037422519096343,-1.4252923490064129,-2.307956773995504,0.3134393505300057,0.31619969361221045,-1.1188806875593187,-3.9374658604719937,0.05985791488488257,-3.843659844533999,-1.2348152123853646,-3.9069819637049177,0.5331388498307739
Bacteria,Proteobacteria,Gammaproteobacteria,Burkholderiales,Comamonadaceae,Rhodoferax,-1.739614311155277,1.319464180233438,0.6424852586354728,0.21617063659150926,1.0178711094521278,0.8854203243170575,1.4400966353698434,0.2357403731115344,0.7635898970181385,0.1943182954252034,1.0021026642122841,-0.1272501380945661,-0.4711118461526027,-0.1336514873131378,-0.3583420507962307,-1.6614237740867095,-1.5859926661616912,-0.7541961290560915,-0.3087719982237127,-3.7591865263673006,-0.6173603535489693,-0.5129963856126016,-0.5496306496467396,-0.6572194682701022,-1.7478242307434195,-0.941675369848789,-3.902793265032508
Bacteria,Proteobacteria,Alphaproteobacteria,Rhizobiales,Beijerinckiaceae,Genus of Beijerinckiaceae,1.3885700727234225,1.1581214549099856,0.18774910152052637,0.8295121980945916,0.33732433606548184,1.3154093114510719,0.8308253508202439,1.378747823963466,1.294854588924844,0.4836912788220227,0.9790899171764211,0.2688626122374931,0.9457034644125262,1.007118628662571,0.6140256739102545,1.2311026657573994,1.0828758696287908,0.5273516291300737,0.4736145066172286,0.8372742575033305,1.3485243529156827,1.2161105333978304,0.5278552013319606,0.8867951611280569,1.4400726894928795,1.1765848153012008,1.220346415363073
Bacteria,Proteobacteria,Alphaproteobacteria,Caulobacterales,Hyphomonadaceae,SWB02,0.09808256993541953,0.5823677581530742,0.3021594526982705,0.7381356210022956,0.48337185318987164,0.8255853224355079,0.11594187309940995,0.5089266508133683,0.8326858387938474,0.6121326790227926,0.6832743026988357,0.827098420210981,1.0050000679500268,0.9775238259212857,0.23058157883928665,0.6650142816076201,0.34948058073657506,1.4302231610624228,0.45703273509652664,0.9790291992384939,0.8725806700798451,0.8890579438158746,0.7444452095654022,0.77280116221882,0.5816575409717277,0.5523712861874204,0.6042895095733938
Bacteria,Firmicutes,Bacilli,Lactobacillales,Streptococcaceae,Streptococcus,1.1648086727812927,-3.0328175275126767,-1.0061733669519084,1.2790702962315708,-0.08725109742566506,-1.576876013497401,0.07794518042168885,-1.303064556187235,0.8192433194921334,0.6706538678748144,0.8553414680125426,-3.7054371827789607,1.4148824959705948,0.43190118665291966,-0.20956905619623267,1.2067952809751423,0.9811831505219581,-0.9258267302700629,1.1091499136011427,1.0008177780146053,1.0988966403166955,1.0448965384655127,0.2795862994037108,1.1830087911166025,1.0088136969537107,0.969122469510717,-0.35832237198302597
Bacteria,Firmicutes,Clostridia,Oscillospirales,Ruminococcaceae,Subdoligranulum,-0.08603653194074923,1.3913194490008234,0.7516845506004648,-0.6148473957465459,0.6344263416923797,0.601942371579403,1.0136902038749724,0.6839207430446548,0.5036204827860633,1.0323667939992482,0.8286419577585766,0.813640063816047,0.5269957552483966,0.7026965757879537,1.0881752483096898,0.35319352655000547,0.5117371869156999,0.9204709298369753,0.7071999993350486,0.6416527181534573,0.30738316744547234,0.692364703108213,1.3547120166024973,0.2235657414588843,0.9428320684657399,1.0369379388324615,0.24448811640109014
Bacteria,Proteobacteria,Gammaproteobacteria,Competibacterales,Competibacteraceae,Candidatus_Contendobacter,-2.9579354608323936,1.3006635968463565,0.4979040298243653,0.5257303668812652,0.398325800182735,0.9953146622476376,1.2434321516255142,1.0634160749277806,-0.5446251508207416,0.8908444435211802,0.47531783331331035,1.3705166892624412,0.9578474107179851,1.0167920779217567,0.551442862340525,0.5766245271791028,1.0707156172986343,1.1907092647101196,0.5526338478220021,0.6569681631783215,0.9460091328335798,1.3806217403567098,0.8533656265205103,1.0819287745196027,0.6242393194501377,0.7943123482417551,0.5182804112263328
Bacteria,Firmicutes,Bacilli,Erysipelotrichales,Erysipelotrichaceae,Turicibacter,1.3730272818298959,-0.39254929825411544,-0.08988263507775329,0.5257303668812652,0.30536892198823296,-0.01923994992235567,-0.4771907582453361,0.6839207430446548,0.4264990154715109,-0.4174746172590682,-0.2998474128617241,-0.6083326783808065,0.6973399188715019,0.1319139410240293,0.11262097763252932,0.49648601224776723,0.7056308092064265,-0.08828733820094214,-0.5518132423263973,-0.2413639001584187,-1.7446760546016833,-0.4734779024455449,-0.45717520040928683,-1.0178184824572423,-0.8062339248183301,-0.002380621313555764,-0.19294665956503287
Bacteria,Chloroflexi,Anaerolineae,SBR1031,Family of SBR1031,Genus of SBR1031,-2.9579354608323936,-3.0328175275126767,-0.6697011303306963,-3.2113683774357185,-0.7428242776803238,1.3524950800032212,0.2219686295438068,-3.40814872177119,-1.2982154154915273,-3.5463262602522505,-1.1804704172982854,-1.7291620714860612,-1.5353955206259622,-2.271465849331493,-1.9780712391231559,-0.42167479815924747,-0.5768201966740092,-0.3146619512084641,-1.5788944832635563,-0.7698899029699824,0.5624206351932592,-0.597051540736734,-2.379032034856013,0.5876232593455457,-1.2348152123853646,-0.5086116460935086,-0.8040980885280797
Bacteria,Proteobacteria,Alphaproteobacteria,Sphingomonadales,Sphingomonadaceae,unidentified_Sphingomonadaceae,1.1648086727812927,0.2092901955899924,0.5413891417641041,0.5548824044421288,0.8057983390111962,0.14576715512271932,0.2219686295438068,-0.5279291275843283,0.5752177245443209,0.571124937178463,0.6186441838917913,1.1738138207685758,0.7581058924606383,0.1995429799166093,1.1521612956427196,0.06503218821467449,-0.4023259871170666,0.5490061562039203,1.0915760921435131,1.0115365869466775,0.5449526047125612,0.9087034149933411,1.34504875986093,0.7483557122515831,0.9653131618088793,0.8855323773932176,0.9096600951079612
Bacteria,Proteobacteria,Alphaproteobacteria,Rhizobiales,Xanthobacteraceae,Bradyrhizobium,1.3411976340558764,-0.12286372851434635,0.6802255866183202,0.6375619233998924,0.8631795521605161,0.08299248752265065,0.4857152081924747,0.0648660354188948,0.4264990154715109,-0.1266771751897009,0.6186441838917913,-0.1272501380945661,-1.0752942616637808,-0.45351433474048175,-0.31902289535484485,-0.38072802287642027,-0.4023259871170666,-0.7541961290560915,-0.5987513351355416,0.24994275677729672,-0.36916703037519927,-0.4734779024455449,-0.34586023954304235,-0.5610788858297768,-0.09049287154787411,-0.14441929763675532,-0.6014181231224489
Bacteria,Actinobacteriota,Actinobacteria,Propionibacteriales,Propionibacteriaceae,Propioniciclava,1.3411976340558764,0.7270688652365029,0.18774910152052637,1.096206429128162,0.7237789021196681,0.8100499307337481,0.28688171615279234,-0.7539010220392202,0.2517329856510182,0.528363384353896,0.2613409155265929,0.5340744317380368,-0.13243320174540862,0.5912795102731083,0.4131398406651199,0.49648601224776723,0.7900888957612109,-0.6782959544706548,-0.2734433312952058,0.6720525792109759,0.18889845527635085,0.26126158471634486,0.7706541816628825,0.18084144376167544,0.218519294992638,0.36932210991783165,0.07314112593822841
Bacteria,Chloroflexi,Chloroflexia,Chloroflexales,Roseiflexaceae,Genus of Roseiflexaceae,1.1648086727812927,0.8827032144640201,-0.012921593941625176,1.1451515691128717,0.30536892198823296,1.2768950415816436,0.6068663012683393,1.0069297538379525,1.3115366646350823,0.4127027808840902,0.8940999052769429,0.24522330821917127,0.4696697128988294,1.2853356590570435,-0.6878420234251932,0.987591782028761,0.18578918631357677,-0.08828733820094214,-0.08425261713698973,-0.16937702983853775,0.05446418307761913,-0.06553481968171582,0.3209879833143967,-0.43224994053140264,-0.6091431361311184,-0.029220058032051632,-0.1629171331278041
Bacteria,Proteobacteria,Gammaproteobacteria,Burkholderiales,Comamonadaceae,Rhizobacter,0.6773676159436839,0.9918287335083793,1.1338927965443624,1.306542533044805,1.3063639499673974,0.38777342265277515,0.9509946222839663,0.3258036349595663,0.8847186337739146,1.0323667939992482,1.1400149202389898,1.281247336485876,-0.030117429677901875,0.34154884189973966,1.1068785387926825,0.012284799465383855,-0.45717587324615927,-0.01037094691095053,0.7329055244727272,0.6260990571599585,0.2616597619465715,0.7395388624980113,1.1989341239350786,0.7232976760447034,0.15392978278639013,0.521485971870737,0.4241716412750032
Bacteria,Bacteroidota,Ignavibacteria,Ignavibacteriales,PHOS-HE36,Genus of PHOS-HE36,-0.23079952076570898,1.3006635968463565,0.45244165574760853,-0.8195293098227339,0.398325800182735,-0.5212434308834553,1.114755282856434,-0.18823426389797948,0.06889538594930311,0.5062767604755942,-3.5661418060383747,0.49757696047409095,-0.577331725728067,-0.1336514873131378,-0.021138759895651837,-0.26707854422910504,-1.4252923490064129,-0.01037094691095053,0.5217712817094569,0.436840209557797,0.6454573896773201,0.6428544862340928,0.6420026833357673,0.28441312690483134,0.3223914932356333,-0.14441929763675532,0.390725419470602
Bacteria,Proteobacteria,Alphaproteobacteria,Rhodobacterales,Rhodobacteraceae,Defluviimonas,1.2914689645347739,-0.9248315285626703,0.5413891417641041,0.9904842098059339,0.047504137332751384,0.7114000047900122,-0.292861113403184,0.8996827414853046,0.7046556875130783,0.22437033773861437,0.3524948573898339,-0.028173645617812326,1.038960508293271,0.6623558112896948,0.3158553313388177,0.67901513983358,0.8528682403655719,0.63121912640855,0.3134393505300057,0.019895860031919455,0.39299894789342016,0.18401490621569838,0.2935781831374138,0.06528995822839256,-0.04877765436348014,0.04922929666427134,0.049501073653340555
Bacteria,Bacteroidota,Ignavibacteria,Ignavibacteriales,Melioribacteraceae,IheB3-7,-0.08603653194074923,0.620552860694489,0.24658960154345966,0.4647458054411686,0.5101857962408491,-0.9607589925044042,1.2790141270049942,0.6002466892291709,0.6420295189482541,0.528363384353896,0.04953874199108732,0.9165527455802245,-0.2069651051794441,0.3786750084826922,0.4131398406651199,-0.07245096174144283,-0.20882462181669048,-0.3146619512084641,0.3513165197730066,0.5444808450282297,0.3294840546191722,0.4159221284231558,1.1047309100166292,0.28441312690483134,0.2643630772970651,-0.2074107395645246,0.4241716412750032
Bacteria,Firmicutes,Clostridia,Eubacteriales,Eubacteriaceae,Genus of Eubacteriaceae,-0.02082355268813174,-1.1180565399523452,-0.21771600658763823,-0.5263359502639933,-0.3622509871565489,-0.4092097780031949,-0.6221488075242521,-0.2891647758339424,-0.9267582737169731,0.06417242220314545,-0.3425666986186293,0.2210116296719109,0.8562973489445822,0.08414543203518043,0.6585195232428758,-0.0434005659270591,0.49010824494316996,0.63121912640855,0.5373216222891379,1.0933861575297357,0.5964671175980572,1.2784974047911177,0.3073769924294396,1.198904990055409,1.0572824932865155,0.6396856817726011,0.780173394880106
Bacteria,Actinobacteriota,Actinobacteria,Micrococcales,Microbacteriaceae,Genus of Microbacteriaceae,1.2743275892828336,0.9918287335083793,-0.5361697377061736,0.5257303668812652,1.2574522124862497,1.1843986422523907,0.7550620273123467,-3.40814872177119,-0.599010201601291,0.9354428590444508,-0.6462011042476279,0.6835952152572897,1.1242577127196247,0.26288661981047134,1.05944759353192,0.42740416865884434,-0.12451505067056967,1.0188904216720633,0.19035496006612185,-0.07026922487371667,0.18889845527635085,1.0015275817880074,0.6709982978215123,0.9694707244068042,0.5141791471624639,1.151843497612786,0.9590269688199822
Bacteria,Proteobacteria,Alphaproteobacteria,Caulobacterales,Caulobacteraceae,Genus of Caulobacteraceae,0.7674109349725455,-3.0328175275126767,-0.6697011303306963,0.9331129679743855,-1.364810806285293,1.0583312469291597,-0.1372785497907767,1.227651654314295,1.0040610437913768,-0.8291997332442165,0.47531783331331035,-0.36082479359058617,-0.5228121156028473,0.741472870972899,-0.582125713306997,0.40936139666352656,-0.084884167206023875,-0.4800405130893317,-0.3087719982237127,0.10259934333344578,-0.03582567066499642,0.3669790323839255,-0.6163862217069571,0.06528995822839256,-0.27729254870403963,0.27357510416600306,0.11880797034055668
Bacteria,Actinobacteriota,Actinobacteria,Propionibacteriales,Nocardioidaceae,Genus of Nocardioidaceae,0.6454566048272508,1.2217137741989408,0.7687789839597654,0.7139244988394626,0.8444159606263089,-3.4855549408448177,0.6942175500145158,-3.40814872177119,-0.08577160322349808,0.9354428590444508,0.4360294581610855,0.51599219504131,-3.625708682434646,-0.10368808916589334,0.7011177156373378,0.0390062394066506,0.09265870700928769,-0.7541961290560915,0.5526338478220021,0.7580718195703646,0.45271949767533304,-0.29638744922086424,0.6517616031082296,-0.5610788858297768,0.6031750640717446,-3.9069819637049177,1.0242859094900796
Bacteria,Actinobacteriota,Actinobacteria,Micrococcales,Microbacteriaceae,Microbacterium,1.1839151716688558,0.5823677581530742,0.12522874453919197,0.8074388529577865,0.7449230086226413,0.7619409507964852,0.6068663012683393,0.7423799702849418,1.0263108980038007,0.38787412588036485,0.7291453548432596,0.569286609900101,0.38773483476760084,0.6345285283231057,0.48468041408245277,0.7718888212568054,1.1067615523404681,0.33482759967271125,0.611640557233831,-0.4948683426908076,0.39299894789342016,-0.06553481968171582,-0.05142725477542687,0.6712153806847878,-0.028554962902124892,-1.1688776833562793,4.753258527587789e-4
Bacteria,Actinobacteriota,Actinobacteria,Micrococcales,Dermatophilaceae,Genus of Dermatophilaceae,1.1648086727812927,0.41312736086620383,0.0585373700405194,-0.17319145250848944,-0.13653121813791635,-0.13312659777450442,-0.23826611743356185,0.1014566893858806,0.06889538594930311,-1.1231812482626609,-0.48290366900122805,-0.7928538648063972,-0.375099099303406,-0.5409958587584693,-0.4865245230723838,-0.26707854422910504,-0.9591642875001591,-0.6782959544706548,-0.4229270909075442,-0.4948683426908076,-3.7828412265529483,-1.5485088993002112,-0.8929562693343751,-2.0713112917612406,-0.8974086926055014,-0.876124726941697,-0.923264842873551
Bacteria,Proteobacteria,Alphaproteobacteria,Sphingomonadales,Sphingomonadaceae,Sphingopyxis,1.1453299929770724,-3.0328175275126767,-1.3628483108906417,0.36567242092512053,-1.364810806285293,-0.9607589925044042,-3.370184596001578,-0.3437264431233453,0.12463263155152227,-3.5463262602522505,0.5314995589491662,-3.7054371827789607,-0.906066271714395,-0.9266250269864678,-3.6406167919265657,-0.8287009809609076,-0.7127497754187209,-1.5571226885918348,-3.8466054021961833,-3.7591865263673006,-1.2165297092576015,-1.09891738508081,-4.011940215271623,-1.2625612875013026,-3.9897487273266643,-2.073228594907076,-3.902793265032508
Bacteria,SAR324_clade(Marine_group_B),unidentified_SAR324_clade(Marine_group_B),unidentified_SAR324_clade(Marine_group_B),unidentified_SAR324_clade(Marine_group_B),unidentified_SAR324_clade(Marine_group_B),-0.6040848230235181,-1.1180565399523452,-0.21771600658763823,-0.6148473957465459,-0.8400233318941925,-0.055779771542383116,-0.41189873146174083,-0.18823426389797948,-0.5446251508207416,-0.4753674718934251,-0.3425666986186293,-0.40566650954681194,0.8955969038145888,0.0339801224356755,-0.08008999137094897,0.012284799465383855,0.6325204128095061,1.0961672978185488,0.21195007480412542,0.048230508292673946,0.4718592430052029,0.535811828556982,-0.24570447550339836,0.18084144376167544,0.40357075508370155,0.3874185999783748,0.487884348213111
Bacteria,Proteobacteria,Alphaproteobacteria,Rhizobiales,A0839,unidentified_A0839,0.6124936193054911,-3.0328175275126767,-1.229316918266119,-0.0607473296987564,-1.0683797601785958,0.016011646386764333,-0.79174101683799325,-0.2891647758339424,0.09715228856248892,0.028805697683844222,-0.43390353564737616,-1.0193059592055915,0.7581058924606383,0.6623558112896948,-0.021138759895651837,0.5453354867543538,0.37433513325108425,1.0961672978185488,-0.20632334345958903,0.5273262476899365,0.7221245720762042,0.18401490621569838,-0.8929562693343751,0.8539402957532083,0.1371088359354138,0.4566973628240394,0.18362118265912386
Bacteria,Proteobacteria,Alphaproteobacteria,Rhizobiales,Beijerinckiaceae,Methylorosula,-0.40012462858718223,-0.04702046052372566,0.8959341594450114,-1.2361089606364697,1.0944826176759284,0.17573603253673564,0.1525475113668211,0.2666715359479692,-0.4930458962166684,0.7611673258003258,-0.9160639249384372,0.6680438664055446,0.5812129361074696,0.4987301653356413,0.9354963414769966,0.6069641934593699,0.9540577492554201,0.30793090045899785,0.6940951236466022,0.492108141929382,0.35110703569609125,-0.11844614648172058,0.42368015943111104,-0.2487129158221011,0.454245876768673,0.4226578048349108,0.390725419470602
Archaea,Halobacterota,Methanosarcinia,Methanosarciniales,Methanosarcinaceae,Methanomethylovorans,-0.40012462858718223,-0.9248315285626703,-1.9224640988260644,1.0621926385912568,-0.9476973275868943,-2.292338980331392,-3.370184596001578,0.2966745974319247,-3.597719399095248,-1.5413655550870118,-1.6972193471628065,-2.456588751001182,-0.6961900058484014,-2.271465849331493,-1.9780712391231559,-3.6741864935220603,-0.8701070095087813,-1.9910153344129347,-1.1652907517491515,-1.476111169965523,-3.7828412265529483,-3.9374658604719937,-2.89373131545877,-0.3927486036268384,-1.641917419348844,-0.8146079064173,-1.6289524147069985
Bacteria,Proteobacteria,Gammaproteobacteria,Burkholderiales,Comamonadaceae,Leptothrix,-2.9579354608323936,-3.0328175275126767,-3.308758459945955,-3.2113683774357185,-3.3498482217480277,-0.2616705539892594,-3.370184596001578,0.1014566893858806,-1.0074997389106377,-0.16964259218163136,-1.8825157662573142,0.7434894095531064,-1.6932882249195353,-1.336247960113191,0.43151049519452656,-0.2318950614547335,-0.7883364181555637,0.63121912640855,0.6673586258913726,-1.476111169965523,0.509073605186912,1.0015275817880074,0.5813603915145249,0.9987929241316582,1.0367971219003245,0.3874185999783748,0.44048440219371354
Bacteria,Proteobacteria,Alphaproteobacteria,Rhodobacterales,Rhodobacteraceae,Rhodobacter,0.9741180750767979,0.7601939026454394,0.5413891417641041,0.4957029037300513,0.272358555242052,-0.6474310011694993,0.3178235854831284,-0.2891647758339424,0.22757251626578157,0.33628720321091876,0.1068409959091019,-0.40566650954681194,-0.0971519020971785,-0.5877846291131306,0.007082864889205176,-0.604620492426557,-0.7883364181555637,-0.5418590661214076,-1.2537769602182403,-0.4948683426908076,-0.6173603535489693,-3.9374658604719937,-0.34586023954304235,-1.1741558733357174,-3.9897487273266643,-1.0872719631605614,-0.6483683568690068
Bacteria,Proteobacteria,Gammaproteobacteria,Burkholderiales,Rhodocyclaceae,Sulfuritalea,0.950498540325988,-3.0328175275126767,-1.0061733669519084,0.8929512410692126,-0.8400233318941925,0.05006276628720219,0.2219686295438068,-0.05369792640722704,0.09715228856248892,-3.5463262602522505,0.7585972771053369,-3.7054371827789607,-0.4219536091144924,-0.33515697495176067,-0.9401737053981689,-0.34139214129886675,-3.639103469404424,-3.6777651443387134,-3.8466054021961833,-3.7591865263673006,-1.7446760546016833,-3.9374658604719937,-1.5874164419483412,-3.843659844533999,-1.641917419348844,-1.0118262076773172,-1.0585781204304423
Bacteria,Bacteroidota,Bacteroidia,Chitinophagales,Chitinophagaceae,Genus of Chitinophagaceae,-1.2064752327873158,-1.1180565399523452,-0.26423602222253173,0.2556931174000443,-0.2430359001504696,-0.46365848186195,-2.136073710535979,-1.649395366819248,-0.599010201601291,-0.08548198768791515,0.4360294581610855,-0.028173645617812326,-1.6932882249195353,-0.49629877450852344,0.20807644068678854,-1.6614237740867095,-3.639103469404424,-1.7507184721263256,-0.4229270909075442,-0.13523801120150214,0.3294840546191722,-0.29638744922086424,0.024121431073048427,-0.5610788858297768,0.6550264255043023,-1.0118262076773172,0.9395716815206976
Bacteria,Chloroflexi,JG30-KF-CM66,Order of JG30-KF-CM66,Family of JG30-KF-CM66,Genus of JG30-KF-CM66,-2.9579354608323936,-0.39254929825411544,-0.9108631871475845,-0.4450257090599834,-1.0683797601785958,0.20483284769706156,-1.1164085504657022,-0.9390589441937349,-0.5446251508207416,-0.2145372363614717,-0.5344290858965621,-0.16258401007026801,0.9334102278450098,-0.33515697495176067,-0.31902289535484485,-0.16503722055079084,0.29783774766108895,0.33482759967271125,0.07477587439353606,0.41771728164182065,-0.1704875766458418,0.24250209175300252,-0.45717520040928683,0.34176951120914456,0.3223914932356333,-0.2074107395645246,0.02528861016313222
Bacteria,Actinobacteriota,Acidimicrobiia,Microtrichales,Ilumatobacteraceae,Genus of Ilumatobacteraceae,-0.6040848230235181,0.2642750581231228,-0.5361697377061736,-1.2361089606364697,0.20287716333496686,0.5423660238252275,-0.23826611743356185,-0.012594728206524408,-0.3098193378365224,-0.0078578360515964,-1.0843552255248605,-1.3125267124620477,0.17439738144790962,-0.37307398292307514,-1.014634045065681,0.06503218821467449,0.12467563143429672,0.9204709298369753,0.45703273509652664,-1.061911039498118,-0.24529188510999766,0.1002978797089682,-0.19915323866259715,0.2645392206461148,-0.33000416278751654,0.3874185999783748,0.24448811640109014
Bacteria,Bacteroidota,Bacteroidia,Sphingobacteriales,AKYH767,unidentified_AKYH767,-2.9579354608323936,-1.673725206371012,-0.08988263507775329,-3.2113683774357185,-0.4276497245089459,-3.4855549408448177,-0.547045474845798,-0.9390589441937349,-1.8957719227812477,0.6706538678748144,-3.5661418060383747,0.9165527455802245,-0.2875026265969698,-1.4429982680067344,0.9132574317409299,-0.9629021523249515,-1.0569350864885942,-0.5418590661214076,0.874637443173814,0.8867924850492601,0.21374513660015104,0.12189330271225884,0.6019858091624632,-0.43224994053140264,0.6242393194501377,-0.3847976657805967,0.8994873841578244
Bacteria,Elusimicrobiota,Elusimicrobia,MVP-88,Family of MVP-88,Genus of MVP-88,-2.9579354608323936,-1.3577814765903113,0.24658960154345966,-1.6584809968509528,-0.3622509871565489,-3.4855549408448177,-0.4771907582453361,-1.4613111702337997,-2.421433643839248,-0.1266771751897009,-2.40533013507354,-0.9379894391929708,-3.625708682434646,-3.758174155162026,-0.28119142574513045,-1.407717138563723,-2.3262292862784575,-1.2555242608449761,0.23308868153872098,0.31619969361221045,-0.9482390321854837,-0.2644439214497716,0.19125619545123662,0.13620999576898551,0.9120488257123469,-0.4243897980688969,0.4075883550748225
Bacteria,Proteobacteria,Alphaproteobacteria,Rhizobiales,unidentified_Rhizobiales,Phreatobacter,0.901516919025009,-0.6236852228464116,0.02344605022924995,0.5832086183260845,-0.8400233318941925,0.4344340708097114,-0.1864980638562912,0.5781865326423246,0.5036204827860633,-0.536818984872494,0.698799625967081,-0.6083326783808065,0.0017866961354497946,0.36028420932769034,-0.7452097872730468,0.2519444774359476,0.29783774766108895,-0.7541961290560915,-1.715934236722842,-0.9805312287776404,-0.9482390321854837,-0.4734779024455449,-0.3999696414260212,-0.5610788858297768,-0.8974086926055014,-0.6499509421846668,-0.8619074256040307
Bacteria,Proteobacteria,Alphaproteobacteria,Rhizobiales,Rhizobiaceae,Mesorhizobium,0.8760960035542151,-0.2049347612387198,0.09243892171620072,0.293712778706424,0.12820521706350352,0.5423660238252275,-3.370184596001578,0.7232707795416147,-0.021007163945284013,-0.16964259218163136,0.30795615721273695,-0.06012075392136751,0.2258933591160588,0.1995429799166093,-0.3992707020656301,0.012284799465383855,0.24338200672270904,-0.01037094691095053,-0.028385537996062027,-0.07026922487371667,-0.6173603535489693,-0.4734779024455449,-0.24570447550339836,0.06528995822839256,-0.22722087398383994,-0.6005846303212685,-0.05107841502941479
Bacteria,Chloroflexi,Anaerolineae,SBR1031,A4b,Genus of A4b,0.25351523514361407,-3.0328175275126767,-0.21771600658763823,-0.008936627290785815,-3.3498482217480277,0.11487232282633641,0.07794518042168885,-0.8422006587868287,0.3429290473035582,-1.244128949085681,-0.04308518769702552,-1.2049470418890094,0.6655136965850268,0.8720259631199223,-1.1825856258917389,0.33374725493957147,0.5329082046996021,0.5909572750361436,-1.0840018064178638,0.048230508292673946,0.21374513660015104,0.5215884376739863,-0.26981878032651263,-0.15285073860846854,0.17047245969569502,0.33211602067357227,-0.4329753666176419
Bacteria,Proteobacteria,Gammaproteobacteria,Pseudomonadales,Halieaceae,OM60(NOR5)_clade,0.8500119714682279,-0.6236852228464116,-0.8238518101579535,0.4647458054411686,-0.8400233318941925,-3.4855549408448177,-0.79174101683799325,0.1014566893858806,0.12463263155152227,-1.5413655550870118,0.04953874199108732,-0.8627909178603561,-0.24642329837393007,-1.698294207550358,-0.7452097872730468,-0.9629021523249515,-0.7883364181555637,-0.9258267302700629,-1.1652907517491515,-0.544151921738302,-0.24529188510999766,-0.6418862022109568,-0.5824515007765507,-0.15285073860846854,-0.763585515412978,-0.46561431905501127,-0.923264842873551
Bacteria,Myxococcota,Polyangia,Nannocystales,Nannocystaceae,Nannocystis,-2.9579354608323936,-1.1180565399523452,-0.6697011303306963,-1.6584809968509528,-0.8400233318941925,-0.4092097780031949,-0.8887044389648819,-1.4613111702337997,-1.709775480495618,-0.0078578360515964,-1.0843552255248605,0.5864383946543725,-1.3990667703938273,-0.07459643903561908,-0.44194626063740383,0.35319352655000547,0.8375390157377725,-3.6777651443387134,-0.4229270909075442,-0.9052785895570628,-1.2165297092576015,-0.9636485361090283,-0.13315342269820274,-2.303895067673844,-0.35743990755690724,-1.4633611833731743,-0.25585442588780083
Bacteria,Chloroflexi,Chloroflexia,Chloroflexales,Chloroflexaceae,Chloronema,-2.9579354608323936,0.8233234529541296,0.12522874453919197,-3.2113683774357185,0.48337185318987164,-0.2616705539892594,0.7936610276736182,-0.7539010220392202,-0.44399707658039134,-0.08548198768791515,-0.2998474128617241,0.24522330821917127,-0.030117429677901875,-0.45351433474048175,-0.24473915750092168,-0.7103973162537232,-0.35032881771675495,-1.394996107558229,-0.20632334345958903,-0.44789997924340064,-0.4141206532880508,-0.597051540736734,0.05985791488488257,-0.9479522636729474,-0.2519433475014461,-0.941675369848789,-0.8619074256040307
Bacteria,Proteobacteria,Gammaproteobacteria,Methylococcales,Methylococcaceae,Methyloparacoccus,-0.496913744002871,-0.7629648173113868,-1.0061733669519084,-0.008936627290785815,-0.2430359001504696,0.7619409507964852,-0.8887044389648819,0.7423799702849418,0.8192433194921334,-0.536818984872494,0.5672737481165679,-0.7928538648063972,0.7281843976133757,0.6485389613931529,-0.05018003256002057,0.6364104049945833,0.6697436035143873,0.3865433929659776,0.16828318385574015,0.436840209557797,0.08283577041012435,0.3669790323839255,0.15998956548179866,0.36017983281983756,0.7604363711983666,0.6671747248662978,0.4241716412750032
Bacteria,Proteobacteria,Alphaproteobacteria,Rhodobacterales,Rhodobacteraceae,Falsirhodobacter,0.25351523514361407,0.41312736086620383,0.6615334536061672,-1.0771797709341566,0.5617485722229709,-0.4092097780031949,-0.1372785497907767,-0.7539010220392202,-0.599010201601291,-0.0078578360515964,-0.9160639249384372,0.24522330821917127,0.2506798841768303,-0.1964141315310659,0.5351654473442542,-0.30354518771124717,0.2709805098652538,0.6699225057148412,0.1457132279489617,0.771715556288421,0.1372726158803843,0.12189330271225884,0.5496020030647468,0.06528995822839256,0.7233783122325326,0.8061803963865826,-0.07788747224851011
Bacteria,SAR324_clade(Marine_group_B),Class of SAR324_clade(Marine_group_B),Order of SAR324_clade(Marine_group_B),Family of SAR324_clade(Marine_group_B),Genus of SAR324_clade(Marine_group_B),-2.9579354608323936,-3.0328175275126767,-1.516998990717899,-0.4450257090599834,-0.8400233318941925,-1.576876013497401,-2.136073710535979,-0.7539010220392202,-0.6565239562405436,-3.5463262602522505,-0.8414703221595401,-1.5702088547031865,0.772737466250911,0.08414543203518043,-1.5032303844519737,0.5293160134254355,0.5117371869156999,0.19246761056711126,-1.0840018064178638,-0.9805312287776404,0.16341865199954242,0.6428544862340928,-1.345691463142285,0.15877469487051776,-0.11202172444599601,0.0983058434382924,0.20432454391636234
Bacteria,Proteobacteria,Alphaproteobacteria,Caulobacterales,Caulobacteraceae,Phenylobacterium,-0.3118824738777555,0.2092901955899924,-0.4183867020497898,0.7139244988394626,-1.0683797601785958,-0.3575732736689936,0.3478367204432731,-0.6727695431857663,-0.11979782124187999,-0.9179252082816838,-0.01124772464800472,-3.7054371827789607,-3.625708682434646,-0.37307398292307514,-1.2784796104484082,-1.6614237740867095,-3.639103469404424,-3.6777651443387134,-1.458391206808817,-1.6134096279328984,-1.9357717897112963,-3.9374658604719937,-1.345691463142285,-3.843659844533999,-1.5461604921782923,-3.9069819637049177,-1.4007738198458854
Bacteria,Gemmatimonadota,Gemmatimonadetes,Gemmatimonadales,Gemmatimonadaceae,unidentified_Gemmatimonadaceae,-0.40012462858718223,0.6928088564235786,0.40481360675835365,0.04032143737572813,0.48337185318987164,0.38777342265277515,0.11594187309940995,0.1014566893858806,0.2517329856510182,0.528363384353896,-0.01124772464800472,0.29195598027265746,0.06269468239079323,0.5305412093128439,-0.11092221148738712,-0.0434005659270591,-0.5768201966740092,0.4357156642968265,0.1457132279489617,0.5613461184171102,0.6921592868521973,0.27967562959037284,0.0943612443212194,0.5277420618675217,0.20275879752969495,0.5370478621202155,0.472332675538941
Bacteria,Proteobacteria,Gammaproteobacteria,Burkholderiales,Hydrogenophilaceae,Genus of Hydrogenophilaceae,-0.7241356825274998,0.6928088564235786,0.1569774428537718,-1.0771797709341566,0.48337185318987164,-0.7918730660013384,-0.04556051490626967,-3.40814872177119,-1.417518711239187,-0.4753674718934251,-2.1101382705143648,-0.6661375400111025,-1.5353955206259622,-0.6368705069228406,-1.0950880051615028,-3.6741864935220603,-2.3262292862784575,-3.6777651443387134,-1.3508598137746022,-1.6134096279328984,-0.5625487940326384,-1.09891738508081,-0.42816341718472284,-0.8213523269817893,-0.6455755950500794,-3.9069819637049177,-1.50836900338751
Bacteria,Proteobacteria,Alphaproteobacteria,Rhodobacterales,Rhodobacteraceae,Amaricoccus,0.6124936193054911,-0.7629648173113868,-1.0061733669519084,0.6891126232527292,-3.3498482217480277,-0.7918730660013384,-1.6002199964716004,-0.09656328671578329,0.09715228856248892,-1.244128949085681,0.16103689866118387,-0.028173645617812326,-0.06307306846440053,0.2422147108317665,-1.2784796104484082,-0.26707854422910504,0.5938579077014934,-0.08828733820094214,-0.8735640725206109,-1.061911039498118,-0.1704875766458418,-0.17431425741766837,-0.9883976707935931,-0.3927486036268384,-1.3040417911140052,0.2532743076487449,-3.902793265032508
Bacteria,Proteobacteria,Gammaproteobacteria,Burkholderiales,Comamonadaceae,Piscinibacter,-2.9579354608323936,-0.5014540959913099,-0.9108631871475845,-3.2113683774357185,-0.9476973275868943,-3.4855549408448177,-3.370184596001578,-3.40814872177119,-3.597719399095248,-1.3817439686700652,-2.40533013507354,-0.7274899154565775,-2.111961803101061,-3.758174155162026,-0.6878420234251932,-3.6741864935220603,-2.3262292862784575,0.6887265823593731,-0.4229270909075442,-3.7591865263673006,0.66126827215619155,0.6679159710779059,-0.687918899083269,0.04048641692467836,0.35018994448326524,0.21139287880413704,-0.6483683568690068
Bacteria,Proteobacteria,Alphaproteobacteria,Defluviicoccales,Defluviicoccaceae,Defluviicoccus,0.506536424730073,-0.39254929825411544,0.2747604785101556,-1.4251590263872398,-0.5728711813551666,-0.5823481223455858,0.4857152081924747,0.026885487408217834,0.039816755030501305,-1.244128949085681,-1.1804704172982854,0.6033009495261847,0.20047681312674648,-0.04632724283373779,-0.3992707020656301,-0.19790749867630097,0.5938579077014934,0.6699225057148412,-3.8466054021961833,-0.4948683426908076,0.5271740091453685,-0.20346412007982195,-0.012939630965512094,-0.09369494824517766,0.454245876768673,0.18977548308349412,-3.902793265032508
Bacteria,Proteobacteria,Alphaproteobacteria,Rhodobacterales,Rhodobacteraceae,Paracoccus,0.506536424730073,0.6573333327540141,0.09243892171620072,-3.2113683774357185,0.5362994874051861,-3.4855549408448177,-0.1864980638562912,-3.40814872177119,-3.597719399095248,0.1633350717125115,-3.5661418060383747,-0.5018741596394669,-3.625708682434646,-3.758174155162026,-3.6406167919265657,-0.30354518771124717,-3.639103469404424,-3.6777651443387134,-0.17438049019171142,-3.7591865263673006,-0.6753513310124211,-3.9374658604719937,-0.07124119403682361,-0.2157271880714413,-0.22722087398383994,-3.9069819637049177,-0.07788747224851011
Bacteria,Chloroflexi,Anaerolineae,Anaerolineales,Anaerolineaceae,Genus of Anaerolineaceae,-2.9579354608323936,-0.5014540959913099,-0.012921593941625176,-3.2113683774357185,-0.18836632287891586,-1.9934367667445745,0.6294298008839929,-3.40814872177119,-1.417518711239187,-0.2615425379665348,-3.5661418060383747,-0.27675723580856904,-0.06307306846440053,-1.2398021124877907,-0.28119142574513045,-0.8287009809609076,-2.0147253427387737,-0.21788181268683982,-0.6480015861674673,-0.6506646864436467,-0.6173603535489693,0.6040437534953664,-0.3198652857647586,-0.6079942452918612,-0.22722087398383994,-1.584562359120608,-0.25585442588780083
Archaea,Euryarchaeota,Methanobacteria,Methanobacteriales,Methanobacteriaceae,Methanosphaera,-0.7241356825274998,-1.3577814765903113,-0.5361697377061736,0.21617063659150926,-0.18836632287891586,-0.7170463587903235,-0.1372785497907767,0.6218306806913567,-3.597719399095248,-0.31086678884938923,-0.8414703221595401,-0.9379894391929708,-0.5228121156028473,-1.2398021124877907,-2.2044526557953796,-3.6741864935220603,-0.6424771556557278,-1.0241229168763768,0.024524863356963245,-0.544151921738302,-1.7446760546016833,-1.9649384121893991,-1.151171373845714,-0.9479522636729474,-1.5461604921782923,-0.5535411319521426,-0.8619074256040307
Bacteria,Fusobacteriota,Fusobacteriia,Fusobacteriales,Leptotrichiaceae,Genus of Leptotrichiaceae,-2.9579354608323936,0.620552860694489,-0.17326424401680462,-1.4251590263872398,-0.30086796505574487,-1.4195776313133148,0.45961854258546886,-3.40814872177119,-1.0953375502307425,-0.602295476649255,-1.0843552255248605,-0.6083326783808065,-3.625708682434646,-3.758174155162026,-0.8060699802477282,-2.523196314143351,-3.639103469404424,-3.6777651443387134,-1.715934236722842,-1.2477174545193739,-3.7828412265529483,-1.8060739735326639,-0.45717520040928683,-3.843659844533999,-1.8662905560182965,-1.882569518076477,-3.902793265032508
Bacteria,Firmicutes,Clostridia,Peptostreptococcales-Tissierellales,Family_XI,Gallicola,0.6124936193054911,-3.0328175275126767,-1.229316918266119,-1.6584809968509528,-3.3498482217480277,-3.4855549408448177,-0.7033540227183783,-3.40814872177119,-1.0953375502307425,-3.5463262602522505,-3.5661418060383747,-3.7054371827789607,-1.6932882249195353,-1.698294207550358,-3.6406167919265657,-1.1179465688710968,-0.8701070095087813,-3.6777651443387134,-1.5788944832635563,-3.7591865263673006,-2.1722226684264268,-1.6690217863078018,-4.011940215271623,-1.7241582352175087,-0.8974086926055014,-1.3552745430516575,-3.902793265032508
Bacteria,Proteobacteria,Alphaproteobacteria,Rhizobiales,unidentified_Rhizobiales,Bauldia,-0.23079952076570898,-1.3577814765903113,-1.0061733669519084,0.5832086183260845,-3.3498482217480277,-0.17416566183300297,-0.79174101683799325,-0.09656328671578329,-0.15502272938339345,-0.9179252082816838,-0.6462011042476279,-1.7291620714860612,0.3661574265478764,-0.33515697495176067,-1.2784796104484082,-0.30354518771124717,0.0595826970133011,0.19246761056711126,-0.6480015861674673,-0.4948683426908076,-0.03582567066499642,-0.20346412007982195,-1.419958176083413,-0.03784397603637313,-0.35743990755690724,-0.029220058032051632,-0.10543510087246855
Bacteria,Actinobacteriota,Coriobacteriia,Coriobacteriales,Eggerthellaceae,Senegalimassilia,-2.9579354608323936,0.36592965954656265,0.5624425509619364,-1.2361089606364697,0.1662380157739003,-1.1640816200022872,-0.79174101683799325,-0.7539010220392202,-3.597719399095248,-0.602295476649255,-1.5409491709256047,-0.40566650954681194,-3.625708682434646,-3.758174155162026,-0.5331831045408215,-0.34139214129886675,-3.639103469404424,-2.307956773995504,-0.20632334345958903,-1.2477174545193739,-1.58430490667293,-0.5541410644041322,-0.3198652857647586,-0.6079942452918612,-1.3040417911140052,-0.876124726941697,-1.1337842174150223
Bacteria,Actinobacteriota,Actinobacteria,Actinomycetales,Actinomycetaceae,unidentified_Actinomycetaceae,0.30038459811018114,-0.2049347612387198,-0.36431948077951315,-0.23454025450472393,0.047504137332751384,0.33882853986264916,-0.1372785497907767,0.2357403731115344,-0.35257562207089865,-0.08548198768791515,-0.3425666986186293,0.002784362336878843,0.14761955872891352,0.10831488822161628,-0.28119142574513045,0.3909870921217067,0.49010824494316996,0.4594238362325589,0.45703273509652664,0.41771728164182065,-0.10089160565866617,0.22338394126094396,-0.11208722690804329,0.24426231962426836,0.5596668132202902,-0.3847976657805967,0.5622093711444913
Bacteria,Firmicutes,Clostridia,Lachnospirales,Lachnospiraceae,[Ruminococcus]_torques_group,-0.8605904262314485,0.5426664661760139,-0.26423602222253173,-0.008936627290785815,-0.2430359001504696,-1.1640816200022872,0.5601520213256448,0.2038218520744115,-0.05286517111598599,-0.3627507216624073,-3.5661418060383747,0.2688626122374931,-1.1720200183799845,-0.6884907444728618,0.25259136330508625,-0.42167479815924747,-0.4023259871170666,-0.17279161098027362,-0.05592898697625337,-0.16937702983853775,-0.10089160565866617,-0.17431425741766837,0.024121431073048427,-2.303895067673844,-0.33000416278751654,-0.11435164879687854,-0.6976319748356259
Bacteria,Firmicutes,Bacilli,Lactobacillales,Streptococcaceae,Lactococcus,0.5431172093869963,-0.2049347612387198,-0.47554511588973813,-1.0771797709341566,0.047504137332751384,-1.576876013497401,-0.6221488075242521,-3.40814872177119,-1.417518711239187,-1.7313970160151761,-0.7720567614790825,-0.6661375400111025,-1.2791134093161682,-1.855441458622451,-0.6335875261328363,-1.8173723723407216,-1.1653112712549136,-1.1331451465414348,-1.1652907517491515,-3.7591865263673006,-1.0299244456009635,-3.9374658604719937,-2.0409042420361567,-1.2625612875013026,-1.3784194933570246,-1.3552745430516575,-1.1337842174150223
Bacteria,Proteobacteria,Alphaproteobacteria,Rhodobacterales,Rhodobacteraceae,Pseudorhodobacter,0.5431172093869963,-1.1180565399523452,-1.0061733669519084,0.3997991960492495,-1.7880068989031699,-0.4092097780031949,-1.4117380826182027,-0.4014377625684,-0.7175484874429428,-0.602295476649255,0.23719226330341225,-0.6083326783808065,-0.4219536091144924,-0.5877846291131306,-0.9401737053981689,-0.16503722055079084,-0.45717587324615927,-0.9258267302700629,-1.458391206808817,-0.7698899029699824,-1.3247562581010612,-1.09891738508081,-0.687918899083269,-3.843659844533999,-1.4587769781156856,-1.0118262076773172,-1.0585781204304423
Bacteria,Firmicutes,Clostridia,Peptostreptococcales-Tissierellales,Peptostreptococcaceae,Terrisporobacter,0.5431172093869963,-0.7629648173113868,-1.3628483108906417,0.21617063659150926,-0.5728711813551666,-0.6474310011694993,-1.253210267181326,-0.012594728206524408,-0.15502272938339345,-1.015296191628062,-0.5344290858965621,-0.7928538648063972,-0.4219536091144924,-0.33515697495176067,-1.0950880051615028,-0.7103973162537232,0.15569919456353798,-0.08828733820094214,-1.5788944832635563,-0.5959908528095994,-0.802515459324912,-0.9636485361090283,-0.687918899083269,-1.5873123470751427,-0.8974086926055014,-0.8146079064173,-1.4007738198458854
Bacteria,Firmicutes,Clostridia,Lachnospirales,Lachnospiraceae,Dorea,-1.4379280925341007,0.36592965954656265,-0.4183867020497898,-0.7119606330727066,0.1662380157739003,-0.6474310011694993,0.5359502148019013,-0.18823426389797948,-0.7825404326367673,-0.4753674718934251,-0.3425666986186293,0.35819892724032254,-0.4711118461526027,-1.336247960113191,0.2952088709298719,-0.604620492426557,-0.3009022408786288,-1.1331451465414348,0.024524863356963245,-1.772605238250919,-0.5105860685985029,-1.0289974945559717,0.15998956548179866,-0.7635958578279096,-0.33000416278751654,-1.4633611833731743,-1.2151095966826349
Bacteria,Patescibacteria,Saccharimonadia,Saccharimonadales,Saccharimonadaceae,TM7a,-1.0186522489323284,-0.2049347612387198,-0.36431948077951315,-1.96336076465313,-1.205651344073031,-3.4855549408448177,0.3769752529578314,-1.649395366819248,-2.124453248546687,-0.9179252082816838,-0.48290366900122805,-0.7928538648063972,0.5082498576620367,-1.698294207550358,-0.24473915750092168,-2.002216457948582,-0.7127497754187209,0.09618247439217242,-0.4640706506031407,-0.9052785895570628,0.21374513660015104,-0.2644439214497716,-0.26981878032651263,0.08949314476215164,-0.5071911069829955,-0.2746384463293037,-0.6483683568690068
Bacteria,Proteobacteria,Alphaproteobacteria,Order of Alphaproteobacteria,Family of Alphaproteobacteria,Genus of Alphaproteobacteria,-0.8605904262314485,-0.9248315285626703,-3.308758459945955,-0.6148473957465459,-1.205651344073031,0.4113758740567244,-0.6221488075242521,0.4599361820899883,-1.2982154154915273,-1.5413655550870118,-1.1804704172982854,-1.5702088547031865,-0.761374229054609,0.48243693698804524,-0.8708755491343299,0.09039793312495092,-0.5152097556790869,-0.08828733820094214,-0.5987513351355416,-0.7085015145554063,-0.36916703037519927,-1.8060739735326639,-0.7649654545644804,-0.9479522636729474,-0.763585515412978,-0.31002678809824946,-1.0585781204304423
Bacteria,Proteobacteria,Alphaproteobacteria,Rhizobiales,Labraceae,Labrys,0.46856651002272276,-3.0328175275126767,-3.308758459945955,0.04032143737572813,0.047504137332751384,-0.5823481223455858,-0.23826611743356185,0.026885487408217834,0.039816755030501305,-1.244128949085681,-0.2998474128617241,-0.1272501380945661,-0.0971519020971785,-0.10368808916589334,-0.8060699802477282,-0.30354518771124717,-0.3009022408786288,0.06191086288225289,-0.4640706506031407,-0.16937702983853775,-0.36916703037519927,-0.06553481968171582,-0.6515130812263594,-0.15285073860846854,-0.6091431361311184,-0.17541911036153657,-0.32298682814237
Bacteria,Actinobacteriota,Actinobacteria,Corynebacteriales,Nocardiaceae,Gordonia,0.20434064789648243,-3.0328175275126767,-0.6697011303306963,-0.3698325568850169,-0.30086796505574487,-0.4092097780031949,-3.370184596001578,-0.5279291275843283,-0.7825404326367673,-0.602295476649255,-0.6462011042476279,-3.7054371827789607,-0.0971519020971785,-0.37307398292307514,-0.28119142574513045,-0.19790749867630097,0.4680011304205838,0.12931835828866323,-0.23932030645738678,-0.8352947320316622,-0.5625487940326384,-0.7380776062819807,-1.500186113196155,-0.28282392555904057,-0.6833857282292914,-0.5086116460935086,4.753258527587789e-4
Bacteria,Bacteroidota,Ignavibacteria,SJA-28,unidentified_SJA-28,unidentified_SJA-28,0.25351523514361407,0.3163935102973072,-0.313026186391963,0.04032143737572813,-0.9476973275868943,-0.4092097780031949,0.45961854258546886,-0.05369792640722704,-0.021007163945284013,-0.8291997332442165,-0.10997248466812692,-0.6661375400111025,-0.4711118461526027,-0.1336514873131378,-0.6878420234251932,-0.5556519635114405,-1.1653112712549136,-0.6782959544706548,-0.5987513351355416,0.12871400541576872,-0.46119061462892486,-0.4354619405229583,-0.8058355541176301,-0.28282392555904057,-0.20309488425543254,0.33211602067357227,-0.4725014221614412
Bacteria,Actinobacteriota,Coriobacteriia,Coriobacteriales,Eggerthellaceae,Slackia,-0.8605904262314485,0.45819747909667896,-0.21771600658763823,-1.4251590263872398,-0.6542415595532773,-0.6474310011694993,-0.23826611743356185,-1.303064556187235,-1.1916403536286095,-0.1266771751897009,-1.2868157173482624,-0.9379894391929708,-1.5353955206259622,-1.2398021124877907,-0.7452097872730468,-0.8935520096848668,-0.5768201966740092,-1.1331451465414348,-0.5069799097089556,-1.772605238250919,-1.58430490667293,-0.9636485361090283,-0.42816341718472284,-0.708993837443626,-1.8662905560182965,-0.8146079064173,-0.7494488211882047
Bacteria,WS2,Class of WS2,Order of WS2,Family of WS2,Genus of WS2,-0.7241356825274998,-3.0328175275126767,-3.308758459945955,-3.2113683774357185,-2.0937400273965032,-1.4195776313133148,-3.370184596001578,-1.303064556187235,-3.597719399095248,-3.5463262602522505,-2.40533013507354,-1.9182461654450451,-0.906066271714395,-1.855441458622451,-3.6406167919265657,-1.52654606080399,-3.639103469404424,-0.9258267302700629,-1.5788944832635563,-0.9052785895570628,-1.2165297092576015,0.1002978797089682,-1.9068560496876676,-1.4669589442568665,-1.641917419348844,0.4226578048349108,-0.513654309517297
Bacteria,Proteobacteria,Alphaproteobacteria,Rhizobiales,A0839,Genus of A0839,-1.2064752327873158,-3.0328175275126767,-1.3628483108906417,-3.2113683774357185,-0.6542415595532773,-0.01923994992235567,-3.370184596001578,-0.46268476882213694,-0.599010201601291,-1.7313970160151761,-3.5661418060383747,-1.7291620714860612,0.0017866961354497946,-1.855441458622451,-0.28119142574513045,-0.34139214129886675,-0.5768201966740092,0.06191086288225289,-0.2734433312952058,0.24994275677729672,0.18889845527635085,0.2977567192305388,-0.6163862217069571,-0.011046291884036386,0.2937981383559709,0.4226578048349108,-0.3949523973054383
Bacteria,Proteobacteria,Gammaproteobacteria,CCM19a,Family of CCM19a,Genus of CCM19a,0.34515522343266714,-3.0328175275126767,0.2747604785101556,0.3997991960492495,0.20287716333496686,-3.4855549408448177,-3.370184596001578,-3.40814872177119,-0.6565239562405436,0.028805697683844222,0.1068409959091019,-0.45261379153379444,-3.625708682434646,-0.04632724283373779,-0.8708755491343299,-3.6741864935220603,-3.639103469404424,-0.3668072629859802,-0.5987513351355416,-0.6506646864436467,-0.3261475984600919,-0.7380776062819807,-4.011940215271623,-3.843659844533999,-0.4753930247414502,-3.9069819637049177,-0.35832237198302597
Bacteria,Proteobacteria,Alphaproteobacteria,Kiloniellales,Fodinicurvataceae,Genus of Fodinicurvataceae,0.38800703941672765,-3.0328175275126767,-0.6007082588437447,0.21617063659150926,-0.4976266071840385,-0.6474310011694993,-1.6002199964716004,-0.8422006587868287,0.039816755030501305,-1.015296191628062,0.30795615721273695,-0.7928538648063972,-0.4711118461526027,-0.49629877450852344,-0.20956905619623267,-0.7678006982356882,-0.9591642875001591,-0.9258267302700629,-0.1434264778705856,0.2268442896277687,-0.10089160565866617,-0.20346412007982195,-0.9395387693240931,-0.15285073860846854,-0.7226818364681398,-0.11435164879687854,-0.1629171331278041
Bacteria,Firmicutes,Bacilli,Erysipelotrichales,Erysipelotrichaceae,Holdemanella,-0.02082355268813174,-3.0328175275126767,-3.308758459945955,-3.2113683774357185,-0.13653121813791635,-0.7170463587903235,0.254951794000168,-0.2891647758339424,-0.7175484874429428,-3.5463262602522505,0.2124459922261801,0.2688626122374931,-0.6349959929470925,-0.9962108161045453,0.3753539968350097,-3.6741864935220603,-0.3009022408786288,-0.08828733820094214,-0.05592898697625337,-0.20472284112880246,-0.5105860685985029,-0.6888257516009837,0.3209879833143967,-0.882650188831196,-0.04877765436348014,-0.4243897980688969,-0.5565737142905709
Bacteria,Proteobacteria,Alphaproteobacteria,Sphingomonadales,Sphingomonadaceae,Genus of Sphingomonadaceae,0.25351523514361407,0.36592965954656265,-0.47554511588973813,0.3303397339730525,-1.364810806285293,-0.46365848186195,-0.292861113403184,-0.4014377625684,0.17742656696942483,-3.5463262602522505,0.2613409155265929,-3.7054371827789607,-3.625708682434646,-0.7429213613346635,-3.6406167919265657,-2.002216457948582,-0.3009022408786288,-0.9258267302700629,-1.0088268653127903,-3.7591865263673006,-0.8727251711231254,-0.4734779024455449,-0.6515130812263594,-1.4669589442568665,-1.8662905560182965,-0.5535411319521426,-0.8619074256040307
Bacteria,Acidobacteriota,Holophagae,Subgroup_7,unidentified_Subgroup_7,unidentified_Subgroup_7,-2.9579354608323936,0.36592965954656265,-1.1115338826097352,-3.2113683774357185,-0.7428242776803238,-3.4855549408448177,-0.547045474845798,-3.40814872177119,-3.597719399095248,-0.8291997332442165,-2.40533013507354,-0.9379894391929708,-3.625708682434646,-1.5625212645731708,-1.1825856258917389,-2.523196314143351,-3.639103469404424,-3.6777651443387134,-0.938910207364585,-1.476111169965523,-0.9482390321854837,-3.9374658604719937,-0.6515130812263594,-3.843659844533999,-1.7478242307434195,-3.9069819637049177,-1.2151095966826349
Bacteria,Proteobacteria,Alphaproteobacteria,Azospirillales,unidentified_Azospirillales,Stella,-1.0186522489323284,-0.2943485658768292,-3.308758459945955,0.293712778706424,-1.205651344073031,-0.2616705539892594,-0.547045474845798,-0.05369792640722704,0.36448535152742245,-3.5463262602522505,0.33047344878563134,-1.3125267124620477,-0.4711118461526027,-0.04632724283373779,-1.3845541284112892,0.06503218821467449,-0.7127497754187209,-0.6077524347838166,-1.0088268653127903,-1.2477174545193739,-0.4141206532880508,-0.4734779024455449,-1.345691463142285,-0.35474850903429633,-0.6833857282292914,-0.3467135541504618,-0.4329753666176419
Bacteria,Proteobacteria,Gammaproteobacteria,Xanthomonadales,Rhodanobacteraceae,Ahniella,-2.9579354608323936,0.08932438114638241,-0.05066192192447261,-0.4450257090599834,-0.13653121813791635,0.11487232282633641,0.3478367204432731,0.13675559431002338,-0.4930458962166684,0.13136110979882254,-0.7071502824196445,-0.19921223877904914,-0.577331725728067,0.26288661981047134,-0.582125713306997,-0.2318950614547335,-0.7127497754187209,-1.394996107558229,-0.34539463354290056,0.019895860031919455,-1.2165297092576015,-2.691719113940387,-0.7649654545644804,-0.09369494824517766,-0.5071911069829955,0.0983058434382924,-0.7494488211882047
Bacteria,Chloroflexi,Chloroflexia,Chloroflexales,Roseiflexaceae,Kouleothrix,-1.0186522489323284,-0.5014540959913099,-1.0061733669519084,-1.0771797709341566,-0.7428242776803238,-0.21696127485764993,-1.6002199964716004,-0.7539010220392202,-0.021007163945284013,-0.2145372363614717,-1.1804704172982854,-1.0193059592055915,-0.4219536091144924,0.34154884189973966,-1.0950880051615028,-0.07245096174144283,-3.639103469404424,-1.7507184721263256,-0.7544364617535688,-0.7085015145554063,-3.7828412265529483,-1.3438807667301678,-1.345691463142285,-1.092935111722415,-0.33000416278751654,-0.5086116460935086,-0.7494488211882047
Bacteria,Proteobacteria,Gammaproteobacteria,Burkholderiales,Rhodocyclaceae,Zoogloea,-2.9579354608323936,-0.39254929825411544,-0.6007082588437447,-1.4251590263872398,-0.13653121813791635,0.33882853986264916,-1.4117380826182027,-1.649395366819248,-0.44399707658039134,-1.3817439686700652,-0.996673499907506,-1.2049470418890094,-1.8808722526698416,-0.6368705069228406,-3.6406167919265657,-2.002216457948582,-1.5859926661616912,-3.6777651443387134,-3.8466054021961833,-3.7591865263673006,-3.7828412265529483,-3.9374658604719937,-1.500186113196155,-3.843659844533999,-3.9897487273266643,-3.9069819637049177,-3.902793265032508
Bacteria,Proteobacteria,Gammaproteobacteria,Ectothiorhodospirales,Thioalkalispiraceae,Genus of Thioalkalispiraceae,-2.9579354608323936,-0.7629648173113868,-1.516998990717899,-0.6148473957465459,-3.3498482217480277,-1.576876013497401,-0.292861113403184,-0.9390589441937349,-1.417518711239187,-3.5463262602522505,-0.5344290858965621,-1.7291620714860612,-1.0752942616637808,-0.9266250269864678,-0.582125713306997,-0.8287009809609076,-0.1657815862974097,-0.01037094691095053,-0.6998036440106965,-0.07026922487371667,0.3294840546191722,0.20389315134291852,-0.7649654545644804,0.13620999576898551,-0.22722087398383994,0.04922929666427134,-0.6483683568690068
Bacteria,Chloroflexi,Class of Chloroflexi,Order of Chloroflexi,Family of Chloroflexi,Genus of Chloroflexi,-0.6040848230235181,-3.0328175275126767,-2.2101461712778443,-0.9400794213992487,-1.0683797601785958,-0.17416566183300297,-1.4117380826182027,-0.18823426389797948,-0.2688164412408822,-0.747708926262872,-1.6972193471628065,-1.3125267124620477,0.17439738144790962,-0.7429213613346635,-1.0950880051615028,-0.42167479815924747,0.0595826970133011,-0.836333807266171,-1.0088268653127903,-0.7698899029699824,-0.24529188510999766,0.3155166808199672,-0.7649654545644804,-0.3181397134175885,-0.41467835615960613,-0.24045975373309592,-0.28885738784008996
Bacteria,Actinobacteriota,Actinobacteria,Corynebacteriales,Nocardiaceae,Rhodococcus,0.30038459811018114,-0.9248315285626703,-1.229316918266119,-0.8195293098227339,-1.0683797601785958,-0.6474310011694993,-3.370184596001578,-0.14134869690602958,-3.597719399095248,-3.5463262602522505,-1.2868157173482624,-0.7928538648063972,-1.3990667703938273,-0.8004860795242443,-1.6379113768731814,-1.301520700518279,-0.9591642875001591,-1.2555242608449761,-3.8466054021961833,-3.7591865263673006,-3.7828412265529483,-1.2553893792066813,-4.011940215271623,-1.092935111722415,-1.5461604921782923,-3.9069819637049177,-1.7660958519746375
Bacteria,Proteobacteria,Gammaproteobacteria,Burkholderiales,A21b,Genus of A21b,-0.7241356825274998,0.08932438114638241,-0.5361697377061736,0.293712778706424,-0.30086796505574487,-0.2616705539892594,0.038447519558091336,-0.7539010220392202,-0.3098193378365224,-0.1266771751897009,-0.04308518769702552,-0.09312225746558322,-0.5228121156028473,-0.2986252987377904,-0.021138759895651837,-0.34139214129886675,-0.5152097556790869,-0.836333807266171,0.024524863356963245,0.15416401235623933,-0.3261475984600919,-0.32938513197803854,0.2795862994037108,0.04048641692467836,-0.156521872409205,-0.11435164879687854,-0.22390595088919074
Bacteria,Actinobacteriota,Thermoleophilia,Solirubrobacterales,67-14,Genus of 67-14,-1.2064752327873158,-3.0328175275126767,-3.308758459945955,-3.2113683774357185,-3.3498482217480277,-3.4855549408448177,-3.370184596001578,-3.40814872177119,-3.597719399095248,-0.747708926262872,-3.5661418060383747,-3.7054371827789607,-0.375099099303406,-3.758174155162026,-1.014634045065681,-1.037422519096343,-3.639103469404424,-0.21788181268683982,-0.6480015861674673,0.019895860031919455,0.2847827706612618,0.05565548884105542,-0.6515130812263594,-0.15285073860846854,0.218519294992638,0.023757248684681542,0.049501073653340555
Bacteria,Bacteroidota,Bacteroidia,Flavobacteriales,NS9_marine_group,unidentified_NS9_marine_group,-2.9579354608323936,-3.0328175275126767,-0.6697011303306963,-1.6584809968509528,-3.3498482217480277,-0.6474310011694993,-3.370184596001578,-1.303064556187235,-0.599010201601291,0.028805697683844222,-1.0843552255248605,-0.6083326783808065,-1.1720200183799845,-0.6368705069228406,-0.24473915750092168,-0.42167479815924747,-3.639103469404424,-0.5418590661214076,-0.17438049019171142,0.15416401235623933,-0.10089160565866617,-0.6888257516009837,-0.7649654545644804,-0.5610788858297768,0.15392978278639013,-0.7566570947700679,0.2639807479627807
Bacteria,Proteobacteria,Gammaproteobacteria,unidentified_Gammaproteobacteria,unidentified_Gammaproteobacteria,Acidibacter,-0.496913744002871,-3.0328175275126767,-1.6993205475118538,-0.23454025450472393,-0.13653121813791635,-0.5212434308834553,-1.4117380826182027,-0.9390589441937349,-1.0953375502307425,-1.3817439686700652,-0.8414703221595401,-1.0193059592055915,0.2506798841768303,-1.4429982680067344,-0.3992707020656301,-0.4643700615040469,-1.4252923490064129,-1.7507184721263256,-0.8735640725206109,-0.07026922487371667,0.025264085428415406,0.24250209175300252,-0.7649654545644804,-0.3927486036268384,-0.4753930247414502,-0.5086116460935086,0.02528861016313222
Bacteria,Actinobacteriota,Actinobacteria,Micrococcales,Micrococcaceae,Kocuria,0.20434064789648243,-3.0328175275126767,-0.9108631871475845,-3.2113683774357185,-0.2430359001504696,-3.4855549408448177,-0.9960893029551814,-0.23742668896048347,-0.5446251508207416,-3.5463262602522505,-3.5661418060383747,-0.5018741596394669,-0.8311055566521324,-1.071003361111181,-3.6406167919265657,-0.8287009809609076,-0.7127497754187209,-0.6077524347838166,-1.3508598137746022,-0.20472284112880246,-3.7828412265529483,-1.3438807667301678,-1.211902170470112,-1.1741558733357174,-0.9463155944450135,-0.7018814178279014,-0.8040980885280797
Bacteria,Chloroflexi,Anaerolineae,Anaerolineales,Anaerolineaceae,unidentified_Anaerolineaceae,-0.6040848230235181,-3.0328175275126767,0.1569774428537718,-1.2361089606364697,-3.3498482217480277,-3.4855549408448177,-3.370184596001578,-0.5977292811633594,-1.553008126174917,0.1633350717125115,-0.2588785432241334,-1.4330906350300738,-3.625708682434646,-3.758174155162026,-0.44194626063740383,-1.52654606080399,-0.04676420184741481,-3.6777651443387134,-0.08425261713698973,-0.7698899029699824,-3.7828412265529483,-3.9374658604719937,-4.011940215271623,-3.843659844533999,-3.9897487273266643,-1.3552745430516575,-1.3036389824829024
Bacteria,Actinobacteriota,Coriobacteriia,Coriobacteriales,Eggerthellaceae,Enterorhabdus,-2.9579354608323936,0.15110518521163208,-0.26423602222253173,-1.0771797709341566,-0.7428242776803238,-0.5823481223455858,-0.79174101683799325,-2.183609484444214,-0.6565239562405436,-0.747708926262872,-1.8825157662573142,-1.3125267124620477,-0.8311055566521324,-3.758174155162026,-0.6335875261328363,-1.2055271035769737,-1.2868767272688375,-1.9910153344129347,-0.8735640725206109,-0.9805312287776404,-0.9482390321854837,-0.7380776062819807,-0.7257003388192871,-0.8213523269817893,-1.641917419348844,-1.4633611833731743,-1.3036389824829024
Bacteria,Proteobacteria,Alphaproteobacteria,Rhizobiales,Amb-16S-1323,Genus of Amb-16S-1323,-0.02082355268813174,-3.0328175275126767,-3.308758459945955,-0.11538976292620173,-3.3498482217480277,0.14576715512271932,-1.253210267181326,-0.2891647758339424,-0.8520517549172277,-0.4174746172590682,-0.3425666986186293,-0.7928538648063972,-0.375099099303406,-0.04632724283373779,-0.6335875261328363,-0.16503722055079084,-0.45717587324615927,-0.9258267302700629,-0.20632334345958903,-0.2793987585387674,0.05446418307761913,-0.5129963856126016,-1.500186113196155,-0.2157271880714413,-0.5400336086829576,-0.5535411319521426,0.02528861016313222
Bacteria,Chloroflexi,Chloroflexia,Thermomicrobiales,AKYG1722,Genus of AKYG1722,-2.9579354608323936,-3.0328175275126767,-1.229316918266119,-0.11538976292620173,-0.6542415595532773,-3.4855549408448177,-3.370184596001578,-3.40814872177119,-0.3972419776539189,-1.5413655550870118,-3.5661418060383747,-1.1078248457145525,0.09181173055480851,-0.07459643903561908,-1.2784796104484082,-0.015170325810481167,-0.1657815862974097,0.12931835828866323,-3.8466054021961833,-3.7591865263673006,-0.20719043332820508,-0.5129963856126016,-4.011940215271623,-3.843659844533999,-1.3040417911140052,-1.0118262076773172,-0.6483683568690068
Bacteria,WPS-2,Class of WPS-2,Order of WPS-2,Family of WPS-2,Genus of WPS-2,-2.9579354608323936,-0.6236852228464116,-0.9108631871475845,-3.2113683774357185,-0.4276497245089459,-0.46365848186195,0.11594187309940995,-0.46268476882213694,-0.3098193378365224,-0.2615425379665348,-0.996673499907506,-0.27675723580856904,-1.3990667703938273,-0.04632724283373779,-0.7452097872730468,-0.26707854422910504,-0.35032881771675495,-0.6077524347838166,-0.8735640725206109,-1.9620327311246557,-0.1350842634054663,-0.36350892654423017,-0.8058355541176301,-0.3181397134175885,-1.1092672588828014,-0.6005846303212685,-0.9886345152033043
Bacteria,Proteobacteria,Alphaproteobacteria,Caulobacterales,Caulobacteraceae,Brevundimonas,-0.8605904262314485,0.08932438114638241,-0.7438091024844171,-0.3698325568850169,-1.0683797601785958,-3.4855549408448177,-0.3506097229002991,-1.4613111702337997,-0.44399707658039134,-1.7313970160151761,-1.1804704172982854,-1.5702088547031865,-3.625708682434646,-1.698294207550358,-3.6406167919265657,-3.6741864935220603,-3.639103469404424,-3.6777651443387134,-3.8466054021961833,-3.7591865263673006,-3.7828412265529483,-2.691719113940387,-2.379032034856013,-3.843659844533999,-3.9897487273266643,-3.9069819637049177,-3.902793265032508
Bacteria,Acidobacteriota,Vicinamibacteria,Vicinamibacterales,Family of Vicinamibacterales,Genus of Vicinamibacterales,-1.0186522489323284,-0.5014540959913099,-3.308758459945955,-0.6148473957465459,-1.0683797601785958,0.08299248752265065,-0.7033540227183783,-0.05369792640722704,-0.8520517549172277,-1.5413655550870118,-0.38719267718555805,-3.7054371827789607,-0.6349959929470925,-0.2986252987377904,-1.1825856258917389,-0.4643700615040469,-1.7775563868312778,-3.6777651443387134,-3.8466054021961833,-0.6506646864436467,-1.0299244456009635,0.03256399172460345,-1.211902170470112,-1.5873123470751427,-0.9977379305353464,0.07406860327347697,-0.35832237198302597
Bacteria,Acidobacteriota,Vicinamibacteria,Subgroup_17,Family of Subgroup_17,Genus of Subgroup_17,-2.9579354608323936,-3.0328175275126767,-0.7438091024844171,-3.2113683774357185,-0.8400233318941925,-3.4855549408448177,-0.7033540227183783,-3.40814872177119,-3.597719399095248,-0.4753674718934251,-3.5661418060383747,-0.6083326783808065,-0.906066271714395,-3.758174155162026,-1.7935969151129685,-3.6741864935220603,-3.639103469404424,-1.5571226885918348,-0.8735640725206109,-0.3189376619871167,-0.802515459324912,0.07822578147398751,-1.093918591861585,-1.0178184824572423,-0.9977379305353464,-1.4633611833731743,-0.4329753666176419
Bacteria,Firmicutes,Clostridia,Lachnospirales,Lachnospiraceae,Fusicatenibacter,-2.9579354608323936,-0.12286372851434635,-0.7438091024844171,-3.2113683774357185,-0.4976266071840385,-1.4195776313133148,-0.547045474845798,-1.1664721851495257,-1.8957719227812477,-0.3627507216624073,-1.0843552255248605,-0.19921223877904914,-1.8808722526698416,-1.855441458622451,-0.5331831045408215,-1.8173723723407216,-1.7775563868312778,-1.1331451465414348,-0.4640706506031407,-3.7591865263673006,-1.2165297092576015,-0.902309367588594,0.07725838218994241,-3.843659844533999,-0.9463155944450135,-1.584562359120608,-1.4007738198458854
Bacteria,Bdellovibrionota,Bdellovibrionia,Bdellovibrionales,Bdellovibrionaceae,Bdellovibrio,0.040395801698028144,-1.673725206371012,-1.0061733669519084,-3.2113683774357185,-0.7428242776803238,-3.4855549408448177,-1.6002199964716004,-1.4613111702337997,-1.553008126174917,-1.5413655550870118,-1.2868157173482624,-1.0193059592055915,-3.625708682434646,-3.758174155162026,-1.7935969151129685,-3.6741864935220603,-3.639103469404424,-3.6777651443387134,-3.8466054021961833,-1.6134096279328984,-1.3247562581010612,-1.9649384121893991,-1.419958176083413,-1.8827454010875364,-0.763585515412978,-3.9069819637049177,-3.902793265032508
Bacteria,Gemmatimonadota,Gemmatimonadetes,Gemmatimonadales,Gemmatimonadaceae,Gemmatimonas,-0.6040848230235181,-0.12286372851434635,-0.6007082588437447,0.04032143737572813,-0.6542415595532773,-0.46365848186195,-0.8887044389648819,-0.8422006587868287,-0.1915338771968429,-0.747708926262872,-0.2998474128617241,-1.4330906350300738,-1.6932882249195353,-0.2986252987377904,-3.6406167919265657,-0.604620492426557,-0.8701070095087813,-0.4800405130893317,-1.715934236722842,-1.476111169965523,-0.7369134161987603,-3.9374658604719937,-1.211902170470112,-1.2625612875013026,-1.3040417911140052,-0.46561431905501127,-3.902793265032508
Bacteria,Proteobacteria,Alphaproteobacteria,Tistrellales,Geminicoccaceae,Candidatus_Alysiosphaera,-2.9579354608323936,-1.1180565399523452,-1.3628483108906417,-1.4251590263872398,-0.7428242776803238,-1.0572616714999779,-1.4117380826182027,-1.1664721851495257,-0.44399707658039134,-0.747708926262872,-1.0843552255248605,-0.45261379153379444,0.03270434044992765,-0.26338128362140356,-0.9401737053981689,-0.7678006982356882,-0.5152097556790869,-0.17279161098027362,-0.3087719982237127,-1.2477174545193739,-0.8727251711231254,-0.015282973909942044,-0.9395387693240931,-0.882650188831196,-0.7226818364681398,-0.3467135541504618,-0.8619074256040307
Bacteria,Actinobacteriota,Actinobacteria,Propionibacteriales,Propionibacteriaceae,Brooklawnia,-0.08603653194074923,-3.0328175275126767,-3.308758459945955,-3.2113683774357185,-3.3498482217480277,-0.9607589925044042,-3.370184596001578,-0.9390589441937349,-1.0953375502307425,-3.5463262602522505,-0.9160639249384372,-1.2049470418890094,-0.9871047660489412,-0.6368705069228406,-0.3583420507962307,-0.30354518771124717,-0.1657815862974097,-3.6777651443387134,-0.5069799097089556,-0.20472284112880246,-0.5105860685985029,-0.597051540736734,-1.788671243258423,0.015051978305645086,-0.5739914753305158,-0.46561431905501127,-0.4329753666176419
Bacteria,Firmicutes,Bacilli,Erysipelotrichales,Erysipelatoclostridiaceae,Erysipelotrichaceae_UCG-003,-1.2064752327873158,-0.7629648173113868,-3.308758459945955,-0.7119606330727066,-1.5541870753745428,-1.2836919470577683,-0.0026745882275092114,-0.8422006587868287,-1.553008126174917,-1.1231812482626609,-0.7071502824196445,-0.9379894391929708,-3.625708682434646,-0.7429213613346635,-0.9401737053981689,-1.8173723723407216,-0.9591642875001591,-1.2555242608449761,-1.3508598137746022,-1.061911039498118,-1.0299244456009635,-1.5485088993002112,-0.687918899083269,-1.5873123470751427,-1.0519485510079312,-1.0118262076773172,-1.9250829764852595
Bacteria,Proteobacteria,Gammaproteobacteria,Burkholderiales,Comamonadaceae,Hydrogenophaga,-2.9579354608323936,-3.0328175275126767,-3.308758459945955,-0.008936627290785815,-3.3498482217480277,-0.7170463587903235,-0.6221488075242521,-1.046314849401715,-0.4930458962166684,-1.1231812482626609,-0.996673499907506,-1.3125267124620477,-0.9871047660489412,-0.22933723736062728,-1.3845541284112892,-0.5556519635114405,-1.2868767272688375,-0.7541961290560915,-1.0088268653127903,-1.061911039498118,-0.6753513310124211,-0.9636485361090283,-1.6829894271640784,-0.9479522636729474,-0.8974086926055014,-1.0872719631605614,-0.8619074256040307
Bacteria,Desulfobacterota,Desulfobulbia,Desulfobulbales,Desulfobulbaceae,Desulfobulbus,-2.9579354608323936,-3.0328175275126767,-1.3628483108906417,-0.008936627290785815,-1.7880068989031699,-1.7636210657407716,-0.6221488075242521,-3.40814872177119,-3.597719399095248,-1.7313970160151761,-3.5661418060383747,-2.1516200507569563,-3.625708682434646,-1.698294207550358,-3.6406167919265657,-1.8173723723407216,-1.0569350864885942,-3.6777651443387134,-3.8466054021961833,-3.7591865263673006,-1.9357717897112963,-2.1538967844962915,-2.0409042420361567,-1.0178184824572423,-3.9897487273266643,-3.9069819637049177,-3.902793265032508
Bacteria,Desulfobacterota,unidentified_Desulfobacterota,unidentified_Desulfobacterota,unidentified_Desulfobacterota,unidentified_Desulfobacterota,-2.9579354608323936,-3.0328175275126767,-1.9224640988260644,-3.2113683774357185,-3.3498482217480277,-3.4855549408448177,-3.370184596001578,-3.40814872177119,-3.597719399095248,-1.5413655550870118,-1.8825157662573142,-1.4330906350300738,-0.0971519020971785,-3.758174155162026,-1.3845541284112892,-0.8935520096848668,-0.010044166259834952,-3.6777651443387134,-1.458391206808817,-0.9805312287776404,-1.0299244456009635,-1.5485088993002112,-1.276561036686199,-1.7241582352175087,-1.8662905560182965,-1.584562359120608,-1.1337842174150223
Bacteria,Actinobacteriota,Actinobacteria,Propionibacteriales,Nocardioidaceae,Aeromicrobium,-0.02082355268813174,-0.2049347612387198,-0.8238518101579535,-0.11538976292620173,-0.9476973275868943,-0.6474310011694993,-1.6002199964716004,-0.46268476882213694,-0.9267582737169731,-0.6723613929814931,-0.996673499907506,-1.5702088547031865,-0.8311055566521324,-0.10368808916589334,-1.5032303844519737,-0.42167479815924747,-0.6424771556557278,-0.4800405130893317,-1.0840018064178638,-0.7085015145554063,-1.0299244456009635,-1.3438807667301678,-2.0409042420361567,-1.4669589442568665,-1.1092672588828014,-1.0118262076773172,-1.4007738198458854
Bacteria,Acidobacteriota,Vicinamibacteria,Vicinamibacterales,Vicinamibacteraceae,Luteitalea,-1.739614311155277,-0.2049347612387198,-2.2101461712778443,-1.96336076465313,-3.3498482217480277,-0.21696127485764993,-0.79174101683799325,-0.05369792640722704,-0.021007163945284013,-0.9179252082816838,-0.6462011042476279,-3.7054371827789607,-0.375099099303406,-1.698294207550358,-1.2784796104484082,-0.34139214129886675,-0.5152097556790869,-1.9910153344129347,-2.296862668152328,-3.7591865263673006,-3.7828412265529483,-3.9374658604719937,-1.500186113196155,-3.843659844533999,-2.0007011504598067,-1.3552745430516575,-1.7660958519746375
Bacteria,Armatimonadota,Fimbriimonadia,Fimbriimonadales,Fimbriimonadaceae,Genus of Fimbriimonadaceae,-2.9579354608323936,-3.0328175275126767,-3.308758459945955,-1.96336076465313,-1.364810806285293,-1.576876013497401,-3.370184596001578,-0.05369792640722704,-3.597719399095248,-1.015296191628062,-1.2868157173482624,-2.1516200507569563,-0.375099099303406,-2.0419733581162216,-3.6406167919265657,-0.7103973162537232,-1.2868767272688375,-1.0241229168763768,-1.458391206808817,-2.5017980705901293,-0.6753513310124211,-2.1538967844962915,-4.011940215271623,-1.7241582352175087,-1.5461604921782923,-0.3847976657805967,-1.2151095966826349
Bacteria,Acidobacteriota,Vicinamibacteria,Vicinamibacterales,unidentified_Vicinamibacterales,unidentified_Vicinamibacterales,-0.08603653194074923,-3.0328175275126767,-1.516998990717899,-0.6148473957465459,-1.205651344073031,-0.7170463587903235,-1.1164085504657022,-0.9390589441937349,-0.35257562207089865,-1.9662180373217222,-1.1804704172982854,-2.456588751001182,-0.6961900058484014,-1.855441458622451,-3.6406167919265657,-0.7678006982356882,-1.4252923490064129,-0.6782959544706548,-1.715934236722842,-3.7591865263673006,-3.7828412265529483,-0.4734779024455449,-4.011940215271623,-2.0713112917612406,-1.7478242307434195,-0.5535411319521426,-0.6483683568690068
Bacteria,Patescibacteria,Dojkabacteria,unidentified_Dojkabacteria,unidentified_Dojkabacteria,unidentified_Dojkabacteria,-1.739614311155277,-0.5014540959913099,-0.6697011303306963,-3.2113683774357185,-0.08725109742566506,-3.4855549408448177,-1.6002199964716004,-3.40814872177119,-1.8957719227812477,-0.4174746172590682,-3.5661418060383747,-0.7928538648063972,-1.6932882249195353,-3.758174155162026,-0.8708755491343299,-3.6741864935220603,-3.639103469404424,-3.6777651443387134,-0.8735640725206109,-1.061911039498118,-1.3247562581010612,-3.9374658604719937,-0.3198652857647586,-1.2625612875013026,-0.5400336086829576,-2.3090102323960577,-1.1337842174150223
Bacteria,Actinobacteriota,Actinobacteria,Corynebacteriales,Corynebacteriaceae,Corynebacterium,-1.2064752327873158,-1.1180565399523452,-0.9108631871475845,-1.0771797709341566,-3.3498482217480277,-1.0572616714999779,-1.6002199964716004,-0.5977292811633594,-1.2982154154915273,-1.9662180373217222,-1.1804704172982854,-1.3125267124620477,-0.33034202669119495,-1.5625212645731708,-1.3845541284112892,-1.037422519096343,-0.12451505067056967,-0.836333807266171,-1.3508598137746022,-0.9052785895570628,-3.7828412265529483,-0.9636485361090283,-1.6829894271640784,-0.4733760330087158,-1.5461604921782923,-0.8146079064173,-1.1337842174150223
Bacteria,Actinobacteriota,Thermoleophilia,Gaiellales,Gaiellaceae,Gaiella,-2.9579354608323936,-3.0328175275126767,-1.516998990717899,-1.6584809968509528,-0.13653121813791635,-0.2616705539892594,-3.370184596001578,-3.40814872177119,-3.597719399095248,-3.5463262602522505,-2.1101382705143648,-3.7054371827789607,-0.6961900058484014,-1.2398021124877907,-0.6335875261328363,-0.604620492426557,-0.20882462181669048,-0.3146619512084641,-0.8735640725206109,-0.6506646864436467,-0.46119061462892486,-0.9636485361090283,-1.0397669434839036,-0.35474850903429633,-1.1092672588828014,-0.5086116460935086,-0.3949523973054383
Bacteria,Proteobacteria,Alphaproteobacteria,Rhodospirillales,Family of Rhodospirillales,Genus of Rhodospirillales,-0.6040848230235181,-0.5014540959913099,-0.6007082588437447,-0.3698325568850169,-1.0683797601785958,-1.7636210657407716,-0.7033540227183783,-0.5977292811633594,-0.44399707658039134,-0.9179252082816838,-0.14517227807068078,-0.40566650954681194,-2.111961803101061,-0.9962108161045453,-0.8060699802477282,-2.523196314143351,-3.639103469404424,-1.5571226885918348,-1.5788944832635563,-1.476111169965523,-1.9357717897112963,-1.3438807667301678,-0.6163862217069571,-3.843659844533999,-1.641917419348844,-1.7225057413222027,-1.6289524147069985
Bacteria,Proteobacteria,Alphaproteobacteria,Holosporales,Holosporaceae,Genus of Holosporaceae,-2.9579354608323936,-3.0328175275126767,-1.9224640988260644,-3.2113683774357185,-0.7428242776803238,-3.4855549408448177,-0.9960893029551814,-3.40814872177119,-0.8520517549172277,-3.5463262602522505,-3.5661418060383747,-1.4330906350300738,-0.6961900058484014,-3.758174155162026,-1.0950880051615028,-3.6741864935220603,-1.0569350864885942,-0.5418590661214076,-0.5069799097089556,-1.3554079741329934,-0.46119061462892486,-0.14599009695219234,-1.6829894271640784,-1.7241582352175087,-1.1092672588828014,-1.1688776833562793,-0.6483683568690068
Bacteria,Patescibacteria,Microgenomatia,Candidatus_Curtissbacteria,Family of Candidatus_Curtissbacteria,Genus of Candidatus_Curtissbacteria,-1.4379280925341007,-3.0328175275126767,-3.308758459945955,-3.2113683774357185,-3.3498482217480277,-2.292338980331392,-3.370184596001578,-3.40814872177119,-3.597719399095248,-2.273670797870432,-1.8825157662573142,-3.7054371827789607,-0.1690049385433925,-3.758174155162026,-3.6406167919265657,-0.38072802287642027,-2.0147253427387737,-0.7541961290560915,-1.8747819601901314,-1.3554079741329934,-1.0299244456009635,-1.4409698554030097,-4.011940215271623,-3.843659844533999,-2.5656084443208202,-1.1688776833562793,-3.902793265032508
Bacteria,Actinobacteriota,Coriobacteriia,Coriobacteriales,Eggerthellaceae,Genus of Eggerthellaceae,-1.2064752327873158,-0.5014540959913099,-0.17326424401680462,-3.2113683774357185,-0.4976266071840385,-1.2836919470577683,-3.370184596001578,-1.046314849401715,-1.2982154154915273,-1.3817439686700652,-1.6972193471628065,-0.5536874104697977,-1.5353955206259622,-1.071003361111181,-0.6878420234251932,-1.52654606080399,-0.6424771556557278,-0.9258267302700629,-2.601441090006925,-3.7591865263673006,-1.9357717897112963,-0.7898814383005179,-1.5874164419483412,-0.5610788858297768,-2.0007011504598067,-1.3552745430516575,-0.8619074256040307
Bacteria,Proteobacteria,Gammaproteobacteria,Methylococcales,Methylomonadaceae,Methylomonas,-2.9579354608323936,-3.0328175275126767,-3.308758459945955,-3.2113683774357185,-1.205651344073031,-1.0572616714999779,-3.370184596001578,-1.046314849401715,-3.597719399095248,-1.3817439686700652,-1.2868157173482624,-1.5702088547031865,-0.24642329837393007,-0.6368705069228406,-0.8060699802477282,-0.7678006982356882,-0.5768201966740092,-1.0241229168763768,-0.4640706506031407,-3.7591865263673006,-0.7369134161987603,-0.7380776062819807,-1.151171373845714,-0.882650188831196,-1.1700722422064294,-0.17541911036153657,-0.8619074256040307
Bacteria,Bacteroidota,Kryptonia,Kryptoniales,BSV26,Genus of BSV26,-2.9579354608323936,-0.5014540959913099,-3.308758459945955,-3.2113683774357185,-1.205651344073031,-3.4855549408448177,-1.4117380826182027,-3.40814872177119,-3.597719399095248,-0.602295476649255,-2.1101382705143648,-0.7274899154565775,-1.2791134093161682,-2.0419733581162216,-3.6406167919265657,-3.6741864935220603,-3.639103469404424,-0.836333807266171,-0.2734433312952058,-0.2413639001584187,-3.7828412265529483,-0.29638744922086424,-0.3198652857647586,-1.1741558733357174,-0.22722087398383994,-0.5535411319521426,-0.6483683568690068
Bacteria,Proteobacteria,Alphaproteobacteria,Caedibacterales,Caedibacteraceae,Caedibacter,-2.9579354608323936,-1.1180565399523452,-1.0061733669519084,-3.2113683774357185,-1.7880068989031699,-3.4855549408448177,-0.3506097229002991,-3.40814872177119,-1.0074997389106377,-1.7313970160151761,-1.8825157662573142,-1.9182461654450451,-0.24642329837393007,-1.071003361111181,-1.7935969151129685,-0.9629021523249515,-1.0569350864885942,-0.7541961290560915,-1.8747819601901314,-1.476111169965523,-3.7828412265529483,-3.9374658604719937,-1.9068560496876676,-1.7241582352175087,-1.8662905560182965,-1.882569518076477,-1.6289524147069985
Bacteria,Firmicutes,Clostridia,Lachnospirales,Lachnospiraceae,[Eubacterium]_hallii_group,-2.9579354608323936,-3.0328175275126767,-1.6993205475118538,-3.2113683774357185,-0.8400233318941925,-3.4855549408448177,-0.292861113403184,-1.1664721851495257,-1.2982154154915273,-3.5463262602522505,-0.996673499907506,-0.5536874104697977,-1.5353955206259622,-1.4429982680067344,-0.8708755491343299,-0.9629021523249515,-1.1653112712549136,-3.6777651443387134,-3.8466054021961833,-1.772605238250919,-1.2165297092576015,-1.0289974945559717,-0.42816341718472284,-1.2625612875013026,-1.2348152123853646,-3.9069819637049177,-1.0585781204304423
Bacteria,Desulfobacterota,Desulfuromonadia,PB19,Family of PB19,Genus of PB19,-2.9579354608323936,-0.6236852228464116,-0.47554511588973813,-3.2113683774357185,-0.30086796505574487,-1.576876013497401,-0.6221488075242521,-3.40814872177119,-1.1916403536286095,-1.015296191628062,-3.5661418060383747,-1.4330906350300738,-3.625708682434646,-1.2398021124877907,-2.2044526557953796,-3.6741864935220603,-3.639103469404424,-3.6777651443387134,-2.601441090006925,-2.5017980705901293,-3.7828412265529483,-2.691719113940387,-1.9068560496876676,-3.843659844533999,-3.9897487273266643,-3.9069819637049177,-3.902793265032508
Bacteria,Verrucomicrobiota,Verrucomicrobiae,Pedosphaerales,Pedosphaeraceae,SH3-11,-2.9579354608323936,-0.5014540959913099,-1.3628483108906417,-3.2113683774357185,-1.0683797601785958,-3.4855549408448177,-0.79174101683799325,-0.3437264431233453,-1.8957719227812477,-1.244128949085681,-1.2868157173482624,-1.9182461654450451,-3.625708682434646,-3.758174155162026,-3.6406167919265657,-0.5556519635114405,-1.4252923490064129,-0.3146619512084641,-1.458391206808817,-3.7591865263673006,-3.7828412265529483,-1.8060739735326639,-2.1957444038854605,-1.3595468811849134,-1.7478242307434195,-1.4633611833731743,-2.347662257225134
Bacteria,Proteobacteria,Alphaproteobacteria,Rhizobiales,Xanthobacteraceae,Pseudorhodoplanes,-2.9579354608323936,-1.1180565399523452,-1.6993205475118538,-1.0771797709341566,-3.3498482217480277,-3.4855549408448177,-3.370184596001578,-3.40814872177119,-1.417518711239187,-1.244128949085681,-3.5661418060383747,-3.7054371827789607,-0.9871047660489412,-3.758174155162026,-0.582125713306997,-3.6741864935220603,-3.639103469404424,-0.5418590661214076,-0.8122273916246945,-0.44789997924340064,-0.7369134161987603,-0.6418862022109568,-1.151171373845714,-0.3181397134175885,-0.8974086926055014,-0.7566570947700679,-0.5565737142905709
Bacteria,NB1-j,Class of NB1-j,Order of NB1-j,Family of NB1-j,Genus of NB1-j,-2.9579354608323936,-3.0328175275126767,-1.1115338826097352,-3.2113683774357185,-3.3498482217480277,-0.7170463587903235,-1.253210267181326,-1.1664721851495257,-3.597719399095248,-3.5463262602522505,-3.5661418060383747,-1.9182461654450451,-3.625708682434646,-2.0419733581162216,-2.2044526557953796,-3.6741864935220603,-1.5859926661616912,-1.5571226885918348,-1.715934236722842,-0.7698899029699824,-0.3261475984600919,-0.9636485361090283,-1.500186113196155,-1.2625612875013026,-0.763585515412978,-1.0872719631605614,-1.6289524147069985
Bacteria,Actinobacteriota,Actinobacteria,Frankiales,Nakamurellaceae,Nakamurella,-0.496913744002871,-1.1180565399523452,-3.308758459945955,-1.2361089606364697,-1.0683797601785958,-0.7170463587903235,-3.370184596001578,-0.3437264431233453,-1.0953375502307425,-1.1231812482626609,-1.6972193471628065,-1.3125267124620477,-1.1720200183799845,-0.6884907444728618,-1.3845541284112892,-0.604620492426557,-0.7127497754187209,-0.42182202242867284,-3.8466054021961833,-3.7591865263673006,-3.7828412265529483,-1.5485088993002112,-2.0409042420361567,-0.8213523269817893,-3.9897487273266643,-3.9069819637049177,-1.6289524147069985
Bacteria,Proteobacteria,Alphaproteobacteria,Reyranellales,Reyranellaceae,Genus of Reyranellaceae,-0.8605904262314485,-3.0328175275126767,-3.308758459945955,-0.3698325568850169,-3.3498482217480277,-3.4855549408448177,-3.370184596001578,-1.046314849401715,-0.599010201601291,-3.5463262602522505,-1.5409491709256047,-3.7054371827789607,-1.0752942616637808,-3.758174155162026,-3.6406167919265657,-2.002216457948582,-3.639103469404424,-0.6077524347838166,-1.715934236722842,-2.5017980705901293,-1.58430490667293,-3.9374658604719937,-1.9068560496876676,-1.3595468811849134,-1.8662905560182965,-1.7225057413222027,-2.347662257225134
Bacteria,Chloroflexi,Chloroflexia,Thermomicrobiales,JG30-KF-CM45,unidentified_JG30-KF-CM45,-2.9579354608323936,-0.39254929825411544,-3.308758459945955,-3.2113683774357185,-3.3498482217480277,-1.4195776313133148,-0.9960893029551814,-1.649395366819248,-1.709775480495618,-1.5413655550870118,-3.5661418060383747,-1.7291620714860612,-0.375099099303406,-0.6884907444728618,-3.6406167919265657,-1.037422519096343,-1.1653112712549136,-1.2555242608449761,-1.3508598137746022,-2.5017980705901293,-3.7828412265529483,-2.1538967844962915,-1.6829894271640784,-3.843659844533999,-1.641917419348844,-3.9069819637049177,-3.902793265032508
Bacteria,Proteobacteria,Alphaproteobacteria,Sphingomonadales,Sphingomonadaceae,Sphingomonas,-0.40012462858718223,-0.5014540959913099,-1.6993205475118538,-0.7119606330727066,-0.7428242776803238,-1.576876013497401,-0.8887044389648819,-1.4613111702337997,-0.5446251508207416,-1.244128949085681,-1.1804704172982854,-1.0193059592055915,-1.3990667703938273,-1.698294207550358,-1.7935969151129685,-1.6614237740867095,-3.639103469404424,-0.9258267302700629,-1.8747819601901314,-1.3554079741329934,-1.446133425148119,-3.9374658604719937,-1.211902170470112,-2.0713112917612406,-2.5656084443208202,-1.2577394121566963,-1.6289524147069985
Bacteria,Proteobacteria,Alphaproteobacteria,Rhizobiales,Xanthobacteraceae,Pseudolabrys,-1.0186522489323284,-3.0328175275126767,-3.308758459945955,-1.0771797709341566,-3.3498482217480277,-0.6474310011694993,-1.6002199964716004,-0.7539010220392202,-0.4930458962166684,-1.7313970160151761,-1.2868157173482624,-1.7291620714860612,-0.8311055566521324,-0.6368705069228406,-0.8708755491343299,-1.1179465688710968,-0.4023259871170666,-1.5571226885918348,-1.0088268653127903,-1.2477174545193739,-1.446133425148119,-1.0289974945559717,-1.500186113196155,-1.3595468811849134,-0.5739914753305158,-0.5535411319521426,-0.513654309517297
Bacteria,Proteobacteria,Gammaproteobacteria,Xanthomonadales,Rhodanobacteraceae,Genus of Rhodanobacteraceae,-2.9579354608323936,-3.0328175275126767,-2.2101461712778443,-1.6584809968509528,-3.3498482217480277,-0.46365848186195,-1.8326758294269245,-3.40814872177119,-1.8957719227812477,-3.5463262602522505,-1.6972193471628065,-3.7054371827789607,-1.8808722526698416,-0.9266250269864678,-3.6406167919265657,-2.523196314143351,-3.639103469404424,-3.6777651443387134,-2.601441090006925,-3.7591865263673006,-1.446133425148119,-1.6690217863078018,-2.89373131545877,-1.3595468811849134,-1.8662905560182965,-2.618117330797136,-1.6289524147069985
Bacteria,Acidobacteriota,Acidobacteriae,Bryobacterales,Bryobacteraceae,Bryobacter,-1.4379280925341007,-0.6236852228464116,-1.6993205475118538,-0.7119606330727066,-2.0937400273965032,-1.2836919470577683,-0.7033540227183783,-0.9390589441937349,-0.4930458962166684,-1.3817439686700652,-1.4058310988453444,-3.7054371827789607,-1.6932882249195353,-1.336247960113191,-3.6406167919265657,-1.8173723723407216,-1.0569350864885942,-2.307956773995504,-2.0637166645787195,-3.7591865263673006,-2.1722226684264268,-2.691719113940387,-1.9068560496876676,-2.607511629235301,-2.857425578221366,-1.584562359120608,-1.9250829764852595
Bacteria,Bacteroidota,Bacteroidia,Chitinophagales,Chitinophagaceae,Lacibacter,-2.9579354608323936,-0.9248315285626703,-0.7438091024844171,-1.4251590263872398,-0.4976266071840385,-3.4855549408448177,-0.9960893029551814,-3.40814872177119,-3.597719399095248,-0.8291997332442165,-2.40533013507354,-1.7291620714860612,-3.625708682434646,-2.5698198938109265,-1.7935969151129685,-2.2291557736702776,-3.639103469404424,-3.6777651443387134,-2.296862668152328,-2.5017980705901293,-3.7828412265529483,-1.8060739735326639,-1.151171373845714,-3.843659844533999,-3.9897487273266643,-3.9069819637049177,-3.902793265032508
Bacteria,Zixibacteria,unidentified_Zixibacteria,unidentified_Zixibacteria,unidentified_Zixibacteria,unidentified_Zixibacteria,-2.9579354608323936,-3.0328175275126767,-3.308758459945955,-3.2113683774357185,-3.3498482217480277,-3.4855549408448177,-3.370184596001578,-1.649395366819248,-3.597719399095248,-1.5413655550870118,-3.5661418060383747,-1.5702088547031865,-1.5353955206259622,-2.5698198938109265,-3.6406167919265657,-0.9629021523249515,-0.9591642875001591,-0.6782959544706548,-1.0840018064178638,-0.9805312287776404,-0.802515459324912,-1.4409698554030097,-0.8929562693343751,-0.5162662936061633,-1.2348152123853646,-0.7566570947700679,-1.3036389824829024
Bacteria,Actinobacteriota,Actinobacteria,Propionibacteriales,Propionibacteriaceae,Cutibacterium,-2.9579354608323936,-3.0328175275126767,-3.308758459945955,-3.2113683774357185,-3.3498482217480277,-1.7636210657407716,-2.136073710535979,-3.40814872177119,-3.597719399095248,-1.9662180373217222,-1.8825157662573142,-2.1516200507569563,-3.625708682434646,-3.758174155162026,-3.6406167919265657,-1.301520700518279,-1.7775563868312778,-1.0241229168763768,-2.296862668152328,-1.9620327311246557,-1.446133425148119,-1.9649384121893991,-0.5178528631688675,-3.843659844533999,-3.9897487273266643,-2.3090102323960577,-1.9250829764852595
Bacteria,Actinobacteriota,Coriobacteriia,Coriobacteriales,Atopobiaceae,Coriobacteriaceae_UCG-003,-2.9579354608323936,-0.6236852228464116,-0.8238518101579535,-0.7119606330727066,-1.205651344073031,-1.576876013497401,-1.1164085504657022,-3.40814872177119,-1.553008126174917,-1.244128949085681,-1.2868157173482624,-1.2049470418890094,-2.111961803101061,-1.855441458622451,-0.5331831045408215,-1.2055271035769737,-1.0569350864885942,-3.6777651443387134,-0.5518132423263973,-1.6134096279328984,-3.7828412265529483,-1.6690217863078018,-1.276561036686199,-1.092935111722415,-1.8662905560182965,-0.876124726941697,-1.3036389824829024
Bacteria,Actinobacteriota,Actinobacteria,Corynebacteriales,Dietziaceae,Dietzia,-1.2064752327873158,-3.0328175275126767,-3.308758459945955,-3.2113683774357185,-0.9476973275868943,-3.4855549408448177,-3.370184596001578,-3.40814872177119,-1.709775480495618,-0.536818984872494,-3.5661418060383747,-3.7054371827789607,-0.9871047660489412,-1.071003361111181,-1.1825856258917389,-0.8287009809609076,-0.9591642875001591,-3.6777651443387134,-3.8466054021961833,-1.061911039498118,-2.1722226684264268,-1.6690217863078018,-2.6036264496286288,-1.1741558733357174,-2.5656084443208202,-1.2577394121566963,-3.902793265032508
Bacteria,Proteobacteria,Gammaproteobacteria,Burkholderiales,Burkholderiaceae,Genus of Burkholderiaceae,-2.9579354608323936,-3.0328175275126767,-3.308758459945955,-1.2361089606364697,-3.3498482217480277,-3.4855549408448177,-3.370184596001578,-3.40814872177119,-3.597719399095248,-0.9179252082816838,-2.1101382705143648,-2.1516200507569563,-3.625708682434646,-1.5625212645731708,-3.6406167919265657,-3.6741864935220603,-1.5859926661616912,-3.6777651443387134,-1.3508598137746022,-0.544151921738302,-3.7828412265529483,-0.7898814383005179,-1.211902170470112,-1.0178184824572423,-0.8507825636403696,-0.941675369848789,-0.923264842873551
Bacteria,Caldatribacteriota,Caldatribacteriia,Caldatribacteriales,Caldatribacteriaceae,Candidatus_Caldatribacterium,-0.6040848230235181,-3.0328175275126767,-1.6993205475118538,-3.2113683774357185,-2.0937400273965032,-0.8727549513300694,-3.370184596001578,-0.9390589441937349,-0.7825404326367673,-1.5413655550870118,-3.5661418060383747,-1.4330906350300738,-3.625708682434646,-1.5625212645731708,-1.1825856258917389,-3.6741864935220603,-3.639103469404424,-3.6777651443387134,-1.458391206808817,-2.195930769913889,-3.7828412265529483,-2.1538967844962915,-1.9068560496876676,-1.8827454010875364,-3.9897487273266643,-3.9069819637049177,-3.902793265032508
Bacteria,Firmicutes,Clostridia,Lachnospirales,Lachnospiraceae,Coprococcus,-2.9579354608323936,-1.1180565399523452,-1.1115338826097352,-3.2113683774357185,-3.3498482217480277,-1.2836919470577683,-0.6221488075242521,-1.1664721851495257,-3.597719399095248,-1.7313970160151761,-0.7071502824196445,-0.7274899154565775,-3.625708682434646,-2.271465849331493,-0.7452097872730468,-3.6741864935220603,-3.639103469404424,-1.7507184721263256,-3.8466054021961833,-1.476111169965523,-3.7828412265529483,-1.9649384121893991,-0.7649654545644804,-3.843659844533999,-1.2348152123853646,-2.073228594907076,-2.1142150954209002
Bacteria,Proteobacteria,Gammaproteobacteria,Burkholderiales,Comamonadaceae,Comamonas,-2.9579354608323936,-0.9248315285626703,-0.8238518101579535,-3.2113683774357185,-3.3498482217480277,-0.6474310011694993,-0.9960893029551814,-1.4613111702337997,-1.2982154154915273,-3.5463262602522505,-1.4058310988453444,-1.1078248457145525,-3.625708682434646,-3.758174155162026,-3.6406167919265657,-1.407717138563723,-1.7775563868312778,-3.6777651443387134,-1.458391206808817,-0.9805312287776404,-1.7446760546016833,-2.1538967844962915,-2.379032034856013,-1.8827454010875364,-3.9897487273266643,-3.9069819637049177,-2.1142150954209002
Bacteria,Chloroflexi,Anaerolineae,SJA-15,Family of SJA-15,Genus of SJA-15,-2.9579354608323936,-0.9248315285626703,-1.1115338826097352,-1.2361089606364697,-0.8400233318941925,-3.4855549408448177,-1.253210267181326,-3.40814872177119,-0.9267582737169731,-0.6723613929814931,-1.4058310988453444,-1.1078248457145525,-3.625708682434646,-3.758174155162026,-3.6406167919265657,-3.6741864935220603,-2.0147253427387737,-3.6777651443387134,-1.8747819601901314,-1.9620327311246557,-3.7828412265529483,-2.691719113940387,-1.151171373845714,-1.2625612875013026,-3.9897487273266643,-3.9069819637049177,-1.9250829764852595
Bacteria,Firmicutes,Clostridia,Monoglobales,Monoglobaceae,Monoglobus,-1.739614311155277,-1.1180565399523452,-0.7438091024844171,-3.2113683774357185,-3.3498482217480277,-3.4855549408448177,-1.6002199964716004,-3.40814872177119,-0.8520517549172277,-1.9662180373217222,-1.8825157662573142,-3.7054371827789607,-2.111961803101061,-1.855441458622451,-1.1825856258917389,-1.52654606080399,-1.1653112712549136,-1.394996107558229,-1.5788944832635563,-1.476111169965523,-1.3247562581010612,-1.6690217863078018,-1.093918591861585,-1.3595468811849134,-1.2348152123853646,-2.618117330797136,-3.902793265032508
Bacteria,Firmicutes,Clostridia,Eubacteriales,Eubacteriaceae,Eubacterium,-1.2064752327873158,-3.0328175275126767,-3.308758459945955,-0.9400794213992487,-3.3498482217480277,-1.9934367667445745,-1.4117380826182027,-3.40814872177119,-1.0953375502307425,-3.5463262602522505,-1.6972193471628065,-1.9182461654450451,-0.9871047660489412,-3.758174155162026,-3.6406167919265657,-1.52654606080399,-1.0569350864885942,-1.394996107558229,-1.715934236722842,-1.9620327311246557,-1.9357717897112963,-1.0289974945559717,-1.6829894271640784,-0.9479522636729474,-1.0519485510079312,-0.7566570947700679,-3.902793265032508
Bacteria,Chloroflexi,Chloroflexia,Chloroflexales,Chloroflexaceae,Chloroflexus,-1.2064752327873158,-3.0328175275126767,-1.0061733669519084,-1.6584809968509528,-1.205651344073031,-1.7636210657407716,-1.4117380826182027,-1.1664721851495257,-1.2982154154915273,-1.1231812482626609,-1.6972193471628065,-1.4330906350300738,-1.1720200183799845,-1.5625212645731708,-0.8060699802477282,-3.6741864935220603,-0.9591642875001591,-1.1331451465414348,-1.3508598137746022,-0.9052785895570628,-1.7446760546016833,-1.5485088993002112,-1.345691463142285,-3.843659844533999,-2.0007011504598067,-1.3552745430516575,-1.50836900338751
Bacteria,Chloroflexi,Anaerolineae,RBG-13-54-9,Family of RBG-13-54-9,Genus of RBG-13-54-9,-2.9579354608323936,-3.0328175275126767,-2.2101461712778443,-3.2113683774357185,-1.5541870753745428,-1.576876013497401,-3.370184596001578,-3.40814872177119,-1.8957719227812477,-3.5463262602522505,-1.8825157662573142,-1.5702088547031865,-1.0752942616637808,-2.0419733581162216,-3.6406167919265657,-0.8287009809609076,-0.8701070095087813,-3.6777651443387134,-2.296862668152328,-3.7591865263673006,-1.58430490667293,-3.9374658604719937,-2.0409042420361567,-1.1741558733357174,-2.0007011504598067,-1.882569518076477,-2.1142150954209002
Bacteria,Myxococcota,Polyangia,Haliangiales,Haliangiaceae,Haliangium,-2.9579354608323936,-1.3577814765903113,-3.308758459945955,-1.96336076465313,-3.3498482217480277,-1.7636210657407716,-3.370184596001578,-1.4613111702337997,-1.2982154154915273,-3.5463262602522505,-1.2868157173482624,-3.7054371827789607,-1.1720200183799845,-1.071003361111181,-2.2044526557953796,-0.8287009809609076,-1.1653112712549136,-0.836333807266171,-3.8466054021961833,-1.772605238250919,-1.7446760546016833,-1.0289974945559717,-4.011940215271623,-2.0713112917612406,-3.9897487273266643,-3.9069819637049177,-3.902793265032508
Bacteria,Proteobacteria,Gammaproteobacteria,Burkholderiales,Family of Burkholderiales,Genus of Burkholderiales,-0.8605904262314485,-1.1180565399523452,-3.308758459945955,-1.6584809968509528,-1.205651344073031,-0.9607589925044042,-3.370184596001578,-3.40814872177119,-1.553008126174917,-1.244128949085681,-1.5409491709256047,-1.7291620714860612,-0.9871047660489412,-1.071003361111181,-1.9780712391231559,-0.9629021523249515,-1.5859926661616912,-0.836333807266171,-2.296862668152328,-1.476111169965523,-1.2165297092576015,-0.9636485361090283,-1.9068560496876676,-1.0178184824572423,-1.7478242307434195,-1.4633611833731743,-2.1142150954209002
Bacteria,Firmicutes,Bacilli,Erysipelotrichales,Erysipelotrichaceae,Catenisphaera,-0.8605904262314485,-3.0328175275126767,-3.308758459945955,-3.2113683774357185,-1.5541870753745428,-3.4855549408448177,-0.8887044389648819,-1.1664721851495257,-1.709775480495618,-1.3817439686700652,-1.0843552255248605,-0.8627909178603561,-1.8808722526698416,-1.4429982680067344,-1.014634045065681,-3.6741864935220603,-1.4252923490064129,-1.5571226885918348,-1.3508598137746022,-1.6134096279328984,-1.9357717897112963,-1.5485088993002112,-1.211902170470112,-2.607511629235301,-1.3784194933570246,-1.3552745430516575,-1.7660958519746375
Bacteria,Proteobacteria,Alphaproteobacteria,Rhizobiales,D05-2,Genus of D05-2,-0.8605904262314485,-3.0328175275126767,-3.308758459945955,-3.2113683774357185,-1.5541870753745428,-3.4855549408448177,-3.370184596001578,-3.40814872177119,-1.553008126174917,-3.5463262602522505,-1.6972193471628065,-3.7054371827789607,-0.9871047660489412,-1.698294207550358,-3.6406167919265657,-3.6741864935220603,-1.5859926661616912,-1.394996107558229,-3.8466054021961833,-1.476111169965523,-1.7446760546016833,-1.4409698554030097,-2.6036264496286288,-1.0178184824572423,-2.0007011504598067,-1.584562359120608,-1.50836900338751
Bacteria,Chloroflexi,Dehalococcoidia,S085,Family of S085,Genus of S085,-2.9579354608323936,-3.0328175275126767,-3.308758459945955,-3.2113683774357185,-3.3498482217480277,-1.7636210657407716,-1.8326758294269245,-3.40814872177119,-3.597719399095248,-3.5463262602522505,-1.1804704172982854,-1.5702088547031865,-1.1720200183799845,-1.698294207550358,-1.9780712391231559,-3.6741864935220603,-2.3262292862784575,-1.0241229168763768,-1.5788944832635563,-0.9052785895570628,-1.58430490667293,-0.9636485361090283,-0.9883976707935931,-0.9479522636729474,-1.5461604921782923,-0.941675369848789,-1.50836900338751
Bacteria,Proteobacteria,Gammaproteobacteria,WD260,Family of WD260,Genus of WD260,-2.9579354608323936,-0.9248315285626703,-3.308758459945955,-0.9400794213992487,-3.3498482217480277,-2.292338980331392,-1.4117380826182027,-3.40814872177119,-1.8957719227812477,-3.5463262602522505,-3.5661418060383747,-1.5702088547031865,-1.6932882249195353,-1.336247960113191,-1.014634045065681,-3.6741864935220603,-3.639103469404424,-3.6777651443387134,-1.3508598137746022,-1.6134096279328984,-1.9357717897112963,-3.9374658604719937,-1.151171373845714,-1.5873123470751427,-1.1092672588828014,-1.584562359120608,-1.50836900338751
Bacteria,Proteobacteria,Gammaproteobacteria,Xanthomonadales,Xanthomonadaceae,Pseudoxanthomonas,-2.9579354608323936,-1.1180565399523452,-3.308758459945955,-3.2113683774357185,-3.3498482217480277,-1.576876013497401,-3.370184596001578,-3.40814872177119,-2.421433643839248,-3.5463262602522505,-3.5661418060383747,-1.7291620714860612,-1.5353955206259622,-0.9266250269864678,-3.6406167919265657,-1.52654606080399,-3.639103469404424,-2.307956773995504,-2.0637166645787195,-1.772605238250919,-1.446133425148119,-1.9649384121893991,-2.0409042420361567,-2.0713112917612406,-1.7478242307434195,-3.9069819637049177,-1.2151095966826349
Bacteria,Firmicutes,Clostridia,Lachnospirales,Lachnospiraceae,Agathobacter,-2.9579354608323936,-3.0328175275126767,-1.516998990717899,-1.6584809968509528,-3.3498482217480277,-3.4855549408448177,-3.370184596001578,-3.40814872177119,-3.597719399095248,-1.5413655550870118,-1.2868157173482624,-1.0193059592055915,-1.8808722526698416,-1.855441458622451,-0.9401737053981689,-3.6741864935220603,-3.639103469404424,-1.9910153344129347,-1.5788944832635563,-3.7591865263673006,-1.7446760546016833,-1.5485088993002112,-1.0397669434839036,-3.843659844533999,-1.3040417911140052,-1.4633611833731743,-1.9250829764852595
Bacteria,Proteobacteria,Alphaproteobacteria,Micavibrionales,Micavibrionaceae,Genus of Micavibrionaceae,-1.0186522489323284,-3.0328175275126767,-3.308758459945955,-1.96336076465313,-3.3498482217480277,-3.4855549408448177,-3.370184596001578,-1.649395366819248,-1.1916403536286095,-3.5463262602522505,-1.5409491709256047,-3.7054371827789607,-3.625708682434646,-3.758174155162026,-1.3845541284112892,-1.8173723723407216,-1.7775563868312778,-1.9910153344129347,-2.0637166645787195,-2.195930769913889,-2.1722226684264268,-1.6690217863078018,-4.011940215271623,-2.607511629235301,-1.7478242307434195,-3.9069819637049177,-1.9250829764852595
Bacteria,Patescibacteria,Saccharimonadia,Saccharimonadales,Saccharimonadaceae,Genus of Saccharimonadaceae,-1.739614311155277,-1.1180565399523452,-3.308758459945955,-1.96336076465313,-3.3498482217480277,-3.4855549408448177,-1.1164085504657022,-1.1664721851495257,-3.597719399095248,-2.273670797870432,-1.8825157662573142,-3.7054371827789607,-1.1720200183799845,-1.071003361111181,-3.6406167919265657,-3.6741864935220603,-3.639103469404424,-1.0241229168763768,-3.8466054021961833,-3.7591865263673006,-1.3247562581010612,-1.8060739735326639,-2.6036264496286288,-1.2625612875013026,-2.0007011504598067,-2.073228594907076,-3.902793265032508
Bacteria,Proteobacteria,Alphaproteobacteria,Acetobacterales,Acetobacteraceae,Genus of Acetobacteraceae,-2.9579354608323936,-3.0328175275126767,-3.308758459945955,-3.2113683774357185,-1.7880068989031699,-3.4855549408448177,-3.370184596001578,-3.40814872177119,-1.8957719227812477,-2.273670797870432,-2.1101382705143648,-1.7291620714860612,-1.8808722526698416,-2.5698198938109265,-1.7935969151129685,-3.6741864935220603,-2.0147253427387737,-3.6777651443387134,-1.8747819601901314,-1.9620327311246557,-1.7446760546016833,-1.6690217863078018,-4.011940215271623,-2.303895067673844,-2.5656084443208202,-3.9069819637049177,-2.347662257225134
